date,open,high,low,close,volume
2005-02-25,15.7764,16.0415,15.7249,15.8898,6004316.780778
2005-02-28,16.2934,16.3093,16.0415,16.1773,5029867.3869261
2005-03-01,15.8514,15.8823,15.7184,15.7933,4648452.0944376
2005-03-02,15.2239,15.5685,15.1995,15.5142,3677615.0509408
2005-03-03,15.6472,15.872,15.6088,15.8261,2993889.9201038
2005-03-04,15.8139,16.093,15.7989,16.0321,4026139.0552271
2005-03-07,15.7249,15.7736,15.635,15.7362,4219124.842022
2005-03-08,15.8308,15.9104,15.6519,15.7315,2653923.2246397
2005-03-09,15.93,16.1454,15.768,15.7764,3400966.4611096
2005-03-10,15.8673,15.9104,15.5826,15.6687,3957307.9242074
2005-03-11,15.6472,15.7512,15.5526,15.5685,2158425.7862488
2005-03-14,15.7006,15.8036,15.6088,15.7512,2644415.5783016
2005-03-15,15.6472,15.6472,15.4,15.4149,2596500.4149898
2005-03-16,15.5479,15.621,15.3307,15.4458,2620080.5311268
2005-03-17,15.768,15.9104,15.7006,15.8261,4473144.7210269
2005-03-18,15.989,16.0677,15.915,15.9366,3871746.5817294
2005-03-21,15.9197,15.9366,15.7764,15.7839,3120900.9274013
2005-03-22,15.6837,15.8579,15.4271,15.4421,3864141.7460129
2005-03-23,15.1874,15.2117,14.4541,14.8746,5888333.959844
2005-03-24,14.647,14.8315,14.6161,14.7107,3366745.7681802
2005-03-28,14.6751,14.7163,14.5365,14.5477,2699175.3073174
2005-03-29,14.4588,14.5674,14.042,14.2162,5400252.3574613
2005-03-30,14.411,14.5365,14.3632,14.4962,3561824.4330998
2005-03-31,14.7378,14.8839,14.7107,14.7163,3002063.8905349
2005-04-01,15.1724,15.1789,14.9092,14.9317,2216418.7984082
2005-04-04,14.8558,14.8793,14.7257,14.8053,1701151.1363033
2005-04-05,14.5946,14.7257,14.5431,14.6348,1959735.8387691
2005-04-06,14.5946,14.647,14.4794,14.5103,4551483.4983847
2005-04-07,14.6685,14.7519,14.5946,14.6882,2432414.4988306
2005-04-08,14.869,14.9635,14.7847,14.8418,1831395.4267444
2005-04-11,14.7519,14.78,14.5431,14.6002,2008407.0009137
2005-04-12,14.7191,14.78,14.4962,14.7575,3788275.9817862
2005-04-13,14.411,14.4166,14.2218,14.2537,7423496.3693665
2005-04-14,13.9896,14.0589,13.5494,13.6374,10259760.532829
2005-04-15,13.4164,13.5429,13.0062,13.128,7177651.5285876
2005-04-18,13.1486,13.4118,13.143,13.3958,5324198.6613214
2005-04-19,13.5269,13.9896,13.5269,13.9259,7077446.4460062
2005-04-20,13.8987,13.9259,13.674,13.718,4216463.8969777
2005-04-21,13.8332,14.0383,13.7049,13.969,3060053.6993095
2005-04-22,13.9746,13.9896,13.7526,13.8744,2332972.8896467
2005-04-25,13.9109,14.1207,13.8575,14.1123,2122496.6213809
2005-04-26,13.806,13.8257,13.6318,13.6534,1963540.3922172
2005-04-27,13.3321,13.4586,13.2422,13.423,2604485.3857126
2005-04-28,12.7805,13.1224,12.7759,12.9285,4982711.4258319
2005-04-29,13.3321,13.3855,13.1851,13.2966,3383094.7768373
2005-05-02,13.3584,13.5429,13.3368,13.5176,1684418.789255
2005-05-03,13.3209,13.4118,13.2076,13.3022,1691642.4221702
2005-05-04,13.3069,13.511,13.2844,13.4904,1356242.6857569
2005-05-05,13.7283,13.7367,13.5522,13.644,1958974.5009614
2005-05-06,13.6178,13.6646,13.4904,13.5363,1515195.7115356
2005-05-09,13.6478,13.7049,13.5429,13.5906,1585546.3147856
2005-05-10,13.3481,13.4586,13.2788,13.3696,2148917.0721157
2005-05-11,13.2788,13.379,13.2422,13.3696,1678145.4938556
2005-05-12,13.1954,13.1954,12.7281,12.8217,2721800.8147587
2005-05-13,12.5193,12.6232,12.4387,12.4912,5566813.4223415
2005-05-16,12.45,12.5651,12.3797,12.4912,3426259.320365
2005-05-17,12.3601,12.6588,12.3394,12.5914,2644415.5783016
2005-05-18,12.8068,13.0016,12.7384,12.9594,3710890.7453291
2005-05-19,12.8817,12.8845,12.759,12.8592,1067236.5048351
2005-05-20,12.6232,12.67,12.4958,12.5445,1527366.4385079
2005-05-23,12.5876,12.8648,12.5876,12.8189,1881400.2647962
2005-05-24,12.9828,13.1149,12.9753,13.1149,1875313.833515
2005-05-25,12.9379,12.9379,12.8217,12.8686,1489720.2593417
2005-05-26,12.9828,13.0971,12.9828,13.0222,1414235.6979163
2005-05-27,13.0474,13.2788,13.0474,13.2788,1651523.229873
2005-05-31,13.3321,13.3321,13.1664,13.2029,1327152.747618
2005-06-01,13.2535,13.5429,13.2151,13.5429,1987499.5755656
2005-06-02,13.5363,13.6646,13.5176,13.6478,1748495.0293107
2005-06-03,13.7002,13.8116,13.6852,13.7751,2167553.2975805
2005-06-06,13.9596,13.9634,13.8491,13.9109,3045223.0950878
2005-06-07,13.8575,14.0289,13.8491,13.9109,3444133.1402272
2005-06-08,13.9109,13.9109,13.6534,13.7002,1396929.9449737
2005-06-09,13.7002,13.7217,13.6103,13.688,3880300.6871668
2005-06-10,13.7817,13.88,13.7283,13.8116,1593531.2855085
2005-06-13,13.7283,13.9521,13.6955,13.9062,1741647.260222
2005-06-14,13.8631,13.9325,13.7845,13.8987,1050880.0216133
2005-06-15,14.1207,14.3267,14.0729,14.3052,2273649.4049651
2005-06-16,14.7257,14.8521,14.6264,14.7257,4879660.6696778
2005-06-17,14.9982,15.0572,14.9598,15.0048,2879615.5711084
2005-06-20,15.0048,15.0113,14.8212,14.8839,2307687.504956
2005-06-21,14.8558,14.9664,14.7322,14.8371,2290570.7517216
2005-06-22,14.6629,14.7425,14.6423,14.7378,1521660.1422331
2005-06-23,14.5431,14.5646,14.2677,14.2836,1789946.82972
2005-06-24,14.2331,14.3586,14.0963,14.1057,2423668.1903001
2005-06-27,14.2106,14.4419,14.2106,14.3417,1693735.300295
2005-06-28,14.647,14.7257,14.6105,14.632,1810672.7299247
2005-06-29,14.5431,14.6002,14.4831,14.5431,889838.38888967
2005-06-30,14.5,14.5271,14.3211,14.3586,1312891.2781109
2005-07-01,14.3323,14.4297,14.279,14.411,1190062.823678
2005-07-05,14.6629,14.6751,14.5103,14.6002,2155770.1801793
2005-07-06,14.6348,14.7191,14.5524,14.5674,3707471.6658621
2005-07-07,14.426,14.426,14.2537,14.3857,2165462.5550457
2005-07-08,14.411,14.5271,14.411,14.5271,1277713.8408959
2005-07-11,14.5946,14.8558,14.5477,14.8418,1409674.0778404
2005-07-12,14.8315,14.9785,14.7847,14.8839,1644867.6638773
2005-07-13,14.8624,14.8999,14.7257,14.7257,1090240.0116928
2005-07-14,14.8315,14.9092,14.5271,14.6217,2200636.7888758
2005-07-15,14.5524,14.6217,14.5047,14.5524,1806102.567489
2005-07-18,14.4382,14.632,14.3735,14.6058,1989398.1150073
2005-07-19,14.4166,14.5674,14.3632,14.5365,2087884.0477006
2005-07-20,14.8053,15.09,14.78,15.0628,2066595.4195512
2005-07-21,15.252,15.4103,15.1836,15.3747,2727508.1788285
2005-07-22,15.4103,15.5404,15.4,15.5264,1981983.346794
2005-07-25,15.5142,15.5311,15.3307,15.3578,2279545.7687431
2005-07-26,15.2632,15.3578,15.1836,15.3091,1225619.3281043
2005-07-27,15.3091,15.4,15.2239,15.4,1102984.1445595
2005-07-28,15.4103,15.5685,15.3681,15.4889,1621482.9542183
2005-07-29,15.7184,15.768,15.5629,15.5798,2349133.9663905
2005-08-01,15.5685,15.5938,15.4674,15.5376,1321829.7897344
2005-08-02,15.6566,15.9038,15.635,15.8823,2716668.9921733
2005-08-03,16.2466,16.3824,16.2409,16.2409,3420554.0918852
2005-08-04,16.0508,16.1108,15.842,15.9665,1842802.6803192
2005-08-05,15.9413,16.019,15.7512,15.8308,2581288.6079668
2005-08-08,16.3299,16.3983,16.2784,16.3393,3693400.2638581
2005-08-09,16.5772,16.6989,16.4208,16.4329,3207222.539892
2005-08-10,16.4311,16.6727,16.4311,16.4947,2249313.2899953
2005-08-11,16.7242,17.0932,16.7036,17.0688,3301526.9875156
2005-08-12,17.0707,17.0932,16.83,17.0932,4162273.3026765
2005-08-15,17.0988,17.1185,16.9555,16.9817,1568432.7649361
2005-08-16,16.6184,16.7457,16.5341,16.6137,2102718.9231021
2005-08-17,16.3056,16.3346,16.1052,16.1988,2933040.5564221
2005-08-18,15.9366,16.0359,15.9197,15.9937,1667682.1710269
2005-08-19,16.2784,16.3983,16.2672,16.3983,1698489.123464
2005-08-22,16.8422,17.0932,16.8422,16.9761,2638712.4854117
2005-08-23,16.7738,16.7879,16.5303,16.5828,1772638.9411874
2005-08-24,16.0677,16.2213,16.0162,16.0574,4216653.9644809
2005-08-25,16.2409,16.2784,16.137,16.1632,2325559.1892283
2005-08-26,16.1988,16.3215,16.1052,16.1679,1567674.6305133
2005-08-29,16.1052,16.2213,16.0574,16.1838,2173260.6616503
2005-08-30,16.1679,16.2784,16.0677,16.1988,1743173.1392221
2005-08-31,16.2091,16.5144,16.1838,16.4676,2633954.3910628
2005-09-01,16.8094,17.0501,16.8094,17.0417,2960611.0223306
2005-09-02,16.8366,17.0079,16.8094,16.8722,2099106.572747
2005-09-06,16.6727,16.6727,16.52,16.5828,2599541.4950404
2005-09-07,16.5397,16.7242,16.4507,16.4554,1765035.1732659
2005-09-08,16.3093,16.4507,16.3056,16.3655,2394003.7784719
2005-09-09,16.4329,16.6184,16.3824,16.5978,1624336.1023557
2005-09-12,16.4947,16.6465,16.4095,16.4554,1896226.597838
2005-09-13,16.4872,16.5565,16.4151,16.4254,1953647.271898
2005-09-14,16.4732,16.7916,16.4732,16.7345,3390700.6803488
2005-09-15,16.815,16.9489,16.757,16.83,3789610.7254882
2005-09-16,17.3142,17.4378,17.2458,17.3826,5627465.2439553
2005-09-19,17.3563,17.5296,17.2514,17.3563,2631868.9875028
2005-09-20,17.4078,17.4453,17.1185,17.1503,2651638.1434219
2005-09-21,17.125,17.3189,17.0501,17.0707,3591104.4387418
2005-09-22,17.3189,17.346,17.1035,17.2233,2873340.1401191
2005-09-23,17.0988,17.2674,16.9368,17.1353,1979889.4008743
2005-09-26,17.42,17.6719,17.3648,17.6129,3457441.0688336
2005-09-27,17.5034,17.523,17.3563,17.4725,2596692.6180828
2005-09-28,17.7085,17.9819,17.6972,17.8761,3403248.3389425
2005-09-29,17.8761,18.04,17.7618,18.0091,1926082.1449643
2005-09-30,17.9613,18.1346,17.9061,17.9735,1843945.2209281
2005-10-03,17.6972,17.7618,17.5914,17.7347,2320428.4344378
2005-10-04,17.7553,17.8302,17.5661,17.5727,2558091.830221
2005-10-05,17.0417,17.0688,16.5725,16.6362,4182238.9328685
2005-10-06,16.6137,16.9302,16.2213,16.3983,4720133.1702098
2005-10-07,16.2147,16.461,16.2044,16.2981,3724394.0804135
2005-10-10,16.4208,16.5622,16.3589,16.4507,2246077.8712616
2005-10-11,16.403,16.5453,16.3215,16.3477,4015110.8688637
2005-10-12,16.4732,16.5669,16.0415,16.1951,3337844.8297496
2005-10-13,15.621,15.8982,15.5404,15.8673,4884606.69594
2005-10-14,15.7989,16.1304,15.7053,16.0724,2384120.2683074
2005-10-17,15.9722,16.1183,15.9104,16.0321,2113176.906956
2005-10-18,15.9366,16.0246,15.8139,15.8823,3067279.4678146
2005-10-19,15.5142,15.8954,15.3765,15.8898,4185661.2157204
2005-10-20,15.9628,16.0031,15.4271,15.4674,3975559.7434861
2005-10-21,15.6013,15.8982,15.5142,15.7989,4244790.361719
2005-10-24,15.8308,16.1183,15.8308,16.093,2972021.4792903
2005-10-25,15.9937,16.1773,15.8617,15.9366,2850141.2267833
2005-10-26,16.2091,16.6099,16.2091,16.2784,3998947.65653
2005-10-27,16.4095,16.4095,15.9413,15.9937,2569120.0165844
2005-10-28,15.9993,16.2409,15.9197,16.1632,1592009.6776882
2005-10-31,16.4095,16.5303,16.3299,16.3299,1511962.4283919
2005-11-01,16.5772,16.6605,16.461,16.4985,2186379.5905485
2005-11-02,16.1679,16.5669,16.1679,16.52,3324723.7652614
2005-11-03,16.7616,16.9555,16.7139,16.7916,3100551.9588181
2005-11-04,16.6399,16.6399,16.137,16.2737,2741006.174938
2005-11-07,16.2531,16.3589,16.0508,16.3056,2528622.8248708
2005-11-08,16.3093,16.5079,16.2147,16.3983,1284940.677196
2005-11-09,16.1454,16.3299,16.0874,16.1716,2136182.5494037
2005-11-10,16.2934,16.3056,15.9628,16.1248,2927339.5991221
2005-11-11,16.152,16.5669,16.1454,16.5303,2330118.6737144
2005-11-14,16.5622,16.6249,16.2887,16.3889,1392368.3248977
2005-11-15,16.4254,16.7673,16.403,16.4947,2465304.7192378
2005-11-16,16.1773,16.4826,16.1426,16.4676,2903384.6869536
2005-11-17,16.6558,16.8506,16.6465,16.83,3286316.2482876
2005-11-18,16.9817,16.9883,16.6727,16.83,2318522.4204314
2005-11-21,16.9555,17.0454,16.8422,17.0079,2551249.4001071
2005-11-22,16.7776,17.3563,16.6465,16.8665,2579392.204115
2005-11-23,16.83,16.9883,16.7457,16.7673,1762374.2282216
2005-11-25,17.2514,17.3526,17.1503,17.1981,1439137.7442158
2005-11-28,17.0623,17.1091,16.9087,17.0229,2494782.2669477
2005-11-29,17.1456,17.2617,17.0351,17.0623,1555697.1744291
2005-11-30,17.0417,17.0417,16.7673,16.919,1632890.2077931
2005-12-01,16.83,17.2458,16.83,17.1878,3838665.2260241
2005-12-02,17.4378,17.5343,17.3348,17.3779,3034764.0434389
2005-12-05,17.4453,17.4565,17.2617,17.3601,3577034.1045328
2005-12-06,17.3245,17.6129,17.2514,17.4378,3469228.4574147
2005-12-07,17.3826,17.435,17.1185,17.1718,3542814.4793984
2005-12-08,17.0688,17.2833,16.9761,17.1456,2640805.3635365
2005-12-09,17.3975,17.3975,17.1409,17.1878,2179538.2282295
2005-12-12,17.6186,17.6298,17.2889,17.4312,2400280.2772562
2005-12-13,17.4135,17.4921,17.302,17.3095,2916124.5486404
2005-12-14,17.302,17.3526,17.1409,17.1456,2351033.5736272
2005-12-15,17.1924,17.3348,16.9883,17.0688,1757246.676816
2005-12-16,17.0566,17.1456,16.9761,16.9883,1991296.6544491
2005-12-19,17.2514,17.302,16.9883,17.0051,1322210.9925357
2005-12-20,17.3348,17.3779,17.1981,17.2458,2733589.2711348
2005-12-21,17.346,17.6298,17.3282,17.5567,1731002.4122498
2005-12-22,17.3779,17.3826,17.2561,17.3245,1580983.6269147
2005-12-23,17.2758,17.4135,17.155,17.3779,940227.63312757
2005-12-27,17.302,17.4078,16.9621,17.0417,1379250.4637944
2005-12-28,17.5155,17.6298,17.4874,17.5202,1760091.2825937
2005-12-29,17.6719,17.7815,17.5408,17.6822,1457397.0380591
2005-12-30,17.6972,17.6972,17.4659,17.5783,1142335.5922794
2006-01-03,17.9875,18.4286,17.9875,18.408,3228703.3711345
2006-01-04,18.4652,18.9278,18.4183,18.8248,3200183.6355051
2006-01-05,18.8248,18.8248,18.3715,18.4399,2063742.2714138
2006-01-06,18.6393,18.9634,18.6347,18.8023,2508279.1952624
2006-01-09,19.0926,19.1806,18.9699,19.1067,2305022.2887319
2006-01-10,18.408,19.0008,18.3771,18.8341,8446430.0612448
2006-01-11,18.9559,19.1441,18.8341,19.0701,2840067.6491156
2006-01-12,19.0327,19.0392,18.6703,18.7189,4133185.5001275
2006-01-13,18.7714,18.9063,18.644,18.8491,2197404.573527
2006-01-17,18.9231,19.4082,18.88,19.2387,6531562.9667622
2006-01-18,19.1441,19.1554,18.8023,18.88,5239019.5894396
2006-01-19,19.5281,19.7004,19.47,19.5749,4863499.592934
2006-01-20,19.6395,19.7276,19.2284,19.2387,4220075.1795378
2006-01-23,19.6695,19.6948,19.4223,19.5646,4060171.8162433
2006-01-24,19.4766,19.663,19.3333,19.6423,4092686.172824
2006-01-25,20.0123,20.4421,20.0123,20.3953,5846503.0922233
2006-01-26,20.179,20.6631,20.179,20.4056,6172775.3173049
2006-01-27,20.6163,20.7746,20.4655,20.7587,3644726.9661235
2006-01-30,20.754,20.8963,20.6163,20.8373,3000158.9443234
2006-01-31,20.5124,20.8795,20.3326,20.7474,4921489.4017086
2006-02-01,20.7643,20.9057,20.5704,20.6163,3213109.2935153
2006-02-02,20.3541,20.5704,19.7341,20.1949,5616440.2609768
2006-02-03,20.2061,20.2061,19.78,20.0647,4370097.1682577
2006-02-06,20.0647,20.4056,19.9907,20.3953,4036784.9709943
2006-02-07,20.4112,20.4112,19.4082,19.4597,6079040.0043958
2006-02-08,19.0533,19.2247,18.7967,19.1385,6867530.7700951
2006-02-09,19.396,19.6751,19.3277,19.3839,8431217.1864269
2006-02-10,19.3024,19.323,18.571,18.8594,5679751.95984
2006-02-13,18.5354,18.5354,18.2769,18.4399,4342523.4989643
2006-02-14,18.4549,19.2603,18.4239,19.0186,5178741.4960623
2006-02-15,19.028,19.2443,18.7761,18.8753,4983662.8311427
2006-02-16,18.7246,19.219,18.6028,19.0233,7578834.9092002
2006-02-17,19.219,19.3436,19.0655,19.0926,5385043.7538233
2006-02-21,19.6423,19.7238,19.4597,19.5122,4001611.8049592
2006-02-22,19.5646,19.7079,19.544,19.5712,5733752.486638
2006-02-23,19.5646,19.5871,19.2387,19.249,5073601.0651684
2006-02-24,19.249,19.3904,19.1497,19.2752,4971115.172549
2006-02-27,19.3436,19.3539,19.1188,19.1216,4125386.325728
2006-02-28,19.0964,19.0964,18.8875,18.9812,6144635.7166819
2006-03-01,19.013,19.1385,18.9503,19.0926,3945520.5356263
2006-03-02,18.9006,19.4597,18.9006,19.2799,3651949.5312437
2006-03-03,19.0814,19.3389,19.0392,19.1497,2880758.1117173
2006-03-06,19.175,19.1919,18.674,18.7508,4366291.5470146
2006-03-07,18.3022,18.3556,18.04,18.2076,4625067.3847785
2006-03-08,17.6186,18.1552,17.5914,17.9978,6260051.5384913
2006-03-09,18.1289,18.3715,17.995,18.0662,5974466.5726265
2006-03-10,18.0231,18.3556,17.8817,18.3228,2744050.4583736
2006-03-13,18.3022,18.4492,18.1673,18.3621,3513722.4056697
2006-03-14,18.3556,18.7189,18.3022,18.6496,4669371.2655303
2006-03-15,19.1554,19.2443,19.0814,19.1263,6241984.447741
2006-03-16,19.2247,19.3071,19.0655,19.1863,4218365.6398043
2006-03-17,19.219,19.3492,18.9503,19.1385,3940385.509656
2006-03-20,19.2706,19.3539,19.0861,19.102,2745380.9308957
2006-03-21,19.0392,19.1441,18.6974,18.7386,3313127.5119784
2006-03-22,19.013,19.249,18.9849,19.1554,2473102.8258424
2006-03-23,19.4082,19.5646,19.3071,19.4494,3697199.4783315
2006-03-24,19.6423,19.854,19.5225,19.6817,4280349.0017353
2006-03-27,19.8643,19.9804,19.7847,19.9289,3164630.3344637
2006-03-28,19.8137,20.0057,19.6227,19.6948,3189350.8556197
2006-03-29,19.854,20.3813,19.8278,20.2913,3469801.8633091
2006-03-30,20.6959,21.2222,20.6959,21.1529,6611233.2844371
2006-03-31,20.8373,21.137,20.6257,20.9591,5791365.3637911
2006-04-03,21.8366,22.2046,21.728,21.9471,6765809.4186682
2006-04-04,22.1794,22.3367,22.037,22.0997,4877944.7231745
2006-04-05,22.6158,22.9838,22.4715,22.8789,5323436.2557188
2006-04-06,22.8686,23.1411,22.5624,22.8789,4948870.8679089
2006-04-07,22.5671,22.6523,22.1054,22.3264,4933276.7902897
2006-04-10,22.6158,22.8471,22.4641,22.598,4123108.7190749
2006-04-11,23.2058,23.2994,22.731,22.9061,5860953.5614386
2006-04-12,22.494,23.0456,22.494,22.9567,5861144.6967367
2006-04-13,22.4069,22.7937,22.3264,22.6991,4853041.6090801
2006-04-17,23.1262,23.4895,23.0587,23.4212,3745877.0472459
2006-04-18,23.6834,24.3773,23.6778,24.3773,7424826.8418887
2006-04-19,24.3146,24.8194,24.1507,24.7772,4305256.3870095
2006-04-20,24.324,24.3895,23.2779,23.4895,6880845.1054713
2006-04-21,23.8295,24.2987,23.7349,24.1413,5070748.9848259
2006-04-24,24.2678,24.2931,23.8875,24.072,3318068.1992658
2006-04-25,24.2191,24.3389,23.7986,24.0336,3729336.9032907
2006-04-26,24.0777,24.2931,23.9784,24.1507,7207309.533646
2006-04-27,23.2919,23.7349,23.0091,23.3313,7771639.1708516
2006-04-28,23.3771,24.0196,23.3771,23.9615,4566884.3051159
2006-05-01,24.5618,24.7707,24.4298,24.4813,3392222.288169
2006-05-02,24.6368,24.8231,24.3979,24.8147,4430178.7873621
2006-05-03,24.7407,24.7548,24.353,24.6986,4381882.4212489
2006-05-04,24.7032,24.914,24.4813,24.5946,6422995.9818365
2006-05-05,25.0338,25.3869,24.9711,25.1771,5625564.5689237
2006-05-08,25.6004,25.6004,24.9289,25.0385,5243006.7358262
2006-05-09,25.0338,25.8964,25.0338,25.8814,5505021.1957086
2006-05-10,25.7503,25.9853,25.5985,25.8664,5267348.1897708
2006-05-11,26.4302,26.6858,25.518,25.5452,7459814.2116005
2006-05-12,25.6707,25.8224,24.8559,25.1331,6792237.3439678
2006-05-15,23.5626,24.1132,23.2994,23.5626,12976425.253822
2006-05-16,24.0336,24.2462,23.3771,23.9362,7509244.5759628
2006-05-17,23.5364,23.866,22.9567,23.1149,12822223.915623
2006-05-18,22.9567,23.1683,22.6158,22.7038,8648164.2921601
2006-05-19,22.6158,22.8883,21.772,22.7413,12887253.696579
2006-05-22,21.6006,21.8684,20.9169,21.7486,12320076.250211
2006-05-23,22.6158,22.9801,22.4856,22.5717,9943751.9529182
2006-05-24,21.8787,22.4575,21.5425,21.9256,9697334.7740398
2006-05-25,22.2206,22.7413,22.0567,22.6626,4859882.9713991
2006-05-26,23.2451,23.2741,22.9005,23.1786,4170261.4767842
2006-05-30,23.2638,23.2741,22.6345,22.8143,5254039.1933695
2006-05-31,22.6954,22.9922,22.509,22.7628,4816914.9021443
2006-06-01,22.0108,22.4069,21.7907,22.3873,7504492.8883837
2006-06-02,22.6158,22.6467,22.2103,22.5352,5712644.3158371
2006-06-05,22.642,22.6673,21.8628,21.9199,5896127.7952687
2006-06-06,21.432,21.6427,21.1483,21.5781,6454558.9331064
2006-06-07,21.2953,21.8235,21.1483,21.2428,8456696.9098006
2006-06-08,20.8158,20.8223,19.7238,20.7381,15952062.286853
2006-06-09,20.6435,21.0012,20.4655,20.7221,8156277.0685343
2006-06-12,20.9319,21.0274,20.2108,20.237,5814179.8709407
2006-06-13,19.3277,19.8381,18.8295,19.1338,11459709.002261
2006-06-14,19.6489,20.2108,19.3839,19.898,8513736.3810594
2006-06-15,20.4421,21.4751,20.4421,21.2578,9711024.9732425
2006-06-16,21.0377,21.1436,20.621,20.99,5684505.783009
2006-06-19,21.0106,21.0377,20.1378,20.3073,4818625.5096728
2006-06-20,20.7587,21.137,20.6397,20.6903,5043938.7889301
2006-06-21,21.0377,21.6961,20.9628,21.506,3607459.8541687
2006-06-22,21.6156,21.6212,21.0921,21.4685,3961681.6123702
2006-06-23,20.8158,21.6006,20.7746,21.3047,4652637.850687
2006-06-26,21.6371,21.6727,21.2737,21.3168,4748844.0411373
2006-06-27,21.5388,21.6006,20.9694,21.0415,6030937.9769656
2006-06-28,21.122,21.2222,21.0068,21.0687,4775844.3045363
2006-06-29,21.5219,22.3695,21.4414,22.2693,7133158.6481276
2006-06-30,22.8733,23.0316,22.494,22.6523,7000820.4117668
2006-07-03,22.8415,23.1411,22.8115,23.0943,3266920.8206051
2006-07-05,22.3788,22.4528,21.9106,22.2786,6492206.1800675
2006-07-06,22.2833,22.6588,22.2421,22.494,4800181.4873011
2006-07-07,22.8312,22.9894,22.5034,22.5942,5189202.6833011
2006-07-10,22.7207,22.8789,22.5212,22.6523,3932211.539225
2006-07-11,22.9894,23.2189,22.7881,23.187,4973392.779202
2006-07-12,23.2994,23.4933,23.0531,23.2189,4259625.2371205
2006-07-13,22.8527,22.9154,22.4903,22.6158,5323626.323222
2006-07-14,22.3788,22.5352,21.8572,22.1943,5159920.5420691
2006-07-17,21.8525,22.0304,21.5903,21.6652,5934917.5828387
2006-07-18,21.7214,21.9106,21.1586,21.5744,5738888.5804033
2006-07-19,21.6006,22.4903,21.6006,22.3208,8039917.3159788
2006-07-20,22.4575,22.5249,21.9583,22.0426,7328803.2443769
2006-07-21,22.1681,22.1737,21.6652,21.8572,7059576.8973238
2006-07-24,21.7991,22.3264,21.6521,22.2571,5743261.2007711
2006-07-25,22.2252,22.5249,21.875,22.421,4121965.1106711
2006-07-26,22.0876,22.3461,21.8787,22.2786,4491021.7442741
2006-07-27,22.6345,22.8415,22.2046,22.3423,4070059.5975877
2006-07-28,22.3938,22.6036,22.2159,22.5671,4602627.6736605
2006-07-31,22.126,22.3264,22.0745,22.1943,4468016.1018264
2006-08-01,21.9949,22.0258,21.5856,21.9059,5618148.7329154
2006-08-02,22.0876,22.4856,22.0876,22.2758,4069680.5303763
2006-08-03,22.1166,22.4641,22.0876,22.2693,3976132.0815855
2006-08-04,22.7778,22.8527,22.3423,22.421,5596662.562698
2006-08-07,22.1943,22.4641,22.1644,22.3161,3865660.1504483
2006-08-08,22.0876,22.2936,21.8319,21.9106,3172992.236808
2006-08-09,21.8272,22.0801,21.742,21.816,5178932.6313604
2006-08-10,21.594,21.7795,21.5107,21.7111,4555289.1196279
2006-08-11,21.6371,21.8366,21.5219,21.6006,5049834.0849131
2006-08-14,21.8525,21.9256,21.6727,21.6905,2311677.8547275
2006-08-15,21.8272,22.1101,21.7214,21.9949,3679136.658761
2006-08-16,22.4257,22.7984,22.4004,22.5942,6578717.8600614
2006-08-17,23.0194,23.0363,22.2786,22.3844,6659528.5827553
2006-08-18,22.5165,22.6345,22.2833,22.5165,3617347.6355131
2006-08-21,22.8415,23.1149,22.7937,22.9922,3248291.0019101
2006-08-22,22.8255,23.0363,22.7469,22.8574,4321228.4640452
2006-08-23,22.6204,22.7984,22.1822,22.3629,5244911.6820377
2006-08-24,22.2,22.2421,21.4882,21.742,5802581.4820678
2006-08-25,21.816,21.9677,21.669,21.9059,3103409.3781353
2006-08-28,21.8787,22.1363,21.8272,21.963,2492690.456618
2006-08-29,22.1897,22.2477,21.8235,22.1943,4007311.6944642
2006-08-30,22.3011,22.3423,21.8319,22.0951,4400895.5783352
2006-08-31,22.1943,22.1943,21.8787,22.141,4054279.7236452
2006-09-01,22.1587,22.4575,22.0108,22.4416,4403940.9295657
2006-09-05,22.7984,23.0456,22.7094,22.9407,4032600.2825398
2006-09-06,22.2477,22.2571,21.9949,22.0482,4213615.0200201
2006-09-07,21.7008,21.772,21.4114,21.6652,5393976.926472
2006-09-08,21.2325,21.2485,21.0106,21.1792,6178674.8844677
2006-09-11,20.2745,20.3166,19.8184,19.898,10016003.2312
2006-09-12,20.1237,20.2005,19.544,19.6395,9868645.3909092
2006-09-13,19.9692,20.1949,19.898,20.1237,4691230.0961892
2006-09-14,20.3541,20.4056,19.8325,19.9289,5347014.2362659
2006-09-15,19.8755,19.898,19.5955,19.7435,4124629.2591002
2006-09-18,19.9224,20.4356,19.8699,20.1949,4531139.8687763
2006-09-19,19.8821,19.9439,19.2752,19.5019,5487332.1043748
2006-09-20,19.6695,19.7116,19.2059,19.3492,8785059.877417
2006-09-21,19.7585,19.8278,19.4157,19.663,7751859.3369829
2006-09-22,19.7847,19.7847,19.1966,19.3127,4738003.7866871
2006-09-25,18.7967,19.0327,18.2713,19.0327,11725521.608822
2006-09-26,19.0861,19.663,19.0233,19.6489,6756877.3138144
2006-09-27,19.9804,20.2483,19.9064,20.2183,9708748.4343844
2006-09-28,20.1424,20.3007,20.0863,20.1424,4950964.8138286
2006-09-29,20.5751,20.5751,19.854,19.9224,3213306.8355832
2006-10-02,20.1696,20.385,20.0647,20.179,3958827.3964378
2006-10-03,19.986,20.0057,19.5225,19.6077,9738407.5072378
2006-10-04,19.3436,19.5178,18.8248,19.2331,13047537.19488
2006-10-05,19.6423,19.8896,19.5805,19.8381,6348086.9618953
2006-10-06,19.6695,19.78,19.47,19.7276,4240989.0116557
2006-10-09,20.0535,20.3129,19.9542,19.986,3972899.8662367
2006-10-10,20.1696,20.4215,20.0235,20.3485,3415606.9978281
2006-10-11,20.2483,20.548,20.1378,20.2595,5452542.2767309
2006-10-12,20.6257,21.0106,20.4955,20.9282,4866157.3345934
2006-10-13,21.0921,21.4854,21.0162,21.2737,4213797.6129586
2006-10-16,21.7214,22.1307,21.6268,22.0876,5362035.9757857
2006-10-17,21.8319,21.8319,21.343,21.61,3503070.0831327
2006-10-18,21.9059,21.9583,21.432,21.6652,3690166.9807144
2006-10-19,21.772,22.2477,21.7692,22.1484,4371233.3020969
2006-10-20,22.2515,22.288,21.963,22.0108,3179651.0061885
2006-10-23,21.742,22.3695,21.7036,22.3367,3178321.6014613
2006-10-24,21.7036,22.1943,21.6961,22.0688,4035643.4981803
2006-10-25,22.1943,22.5418,22.1166,22.4575,3408953.5674223
2006-10-26,22.4715,22.6158,22.2103,22.5717,2839115.1760099
2006-10-27,22.3517,22.6204,22.2046,22.2786,3186678.1648308
2006-10-30,22.3011,22.3367,22.1054,22.2206,4124059.0565908
2006-10-31,22.3011,22.5212,22.1644,22.3873,3399070.0572578
2006-11-01,22.8948,23.0316,22.2477,22.4416,7488332.8794349
2006-11-02,22.2936,22.6626,22.2936,22.509,5153641.9076949
2006-11-03,22.5315,22.6673,22.3573,22.421,4348984.726277
2006-11-06,22.6673,23.0681,22.6626,22.967,4791053.9759693
2006-11-07,23.2189,23.3256,22.9005,22.967,3459149.5407722
2006-11-08,22.5352,22.7778,22.4856,22.6101,3899122.7089549
2006-11-09,22.5352,22.9922,22.3741,22.598,6366333.4421992
2006-11-10,22.6523,22.7263,22.0304,22.2515,6133041.5989888
2006-11-13,21.5163,21.5163,21.2119,21.5004,8182704.9938339
2006-11-14,21.5631,21.7111,21.3627,21.7036,5663211.8158848
2006-11-15,21.1436,21.6905,21.122,21.3955,5393410.9951424
2006-11-16,21.5903,21.6315,21.0377,21.0855,5395309.5345841
2006-11-17,20.8158,21.1642,20.6332,21.1483,6087597.3132181
2006-11-20,21.2794,21.4217,20.9834,21.0949,7164336.1254164
2006-11-21,21.3,21.3,20.9694,21.1436,7326139.0959477
2006-11-22,21.5903,21.6596,21.2363,21.594,3798160.5597457
2006-11-24,21.2737,21.5388,21.2737,21.4255,1828922.4136134
2006-11-27,21.5332,21.6596,21.122,21.1838,3725908.213669
2006-11-28,21.0274,21.1267,20.7746,21.0921,5896508.99807
2006-11-29,21.2737,21.669,21.2625,21.5856,5700288.8603364
2006-11-30,21.7991,21.978,21.5856,21.7907,4283962.4198853
2006-12-01,21.8104,21.8787,21.3374,21.506,4606814.4977049
2006-12-04,21.7148,22.0997,21.6961,22.0052,4295376.0802299
2006-12-05,22.0801,22.2421,21.9995,22.0876,6230388.194458
2006-12-06,21.772,22.0539,21.594,21.89,5829769.6773801
2006-12-07,21.7991,22.1681,21.61,21.6905,6307777.7020949
2006-12-08,21.3,21.5332,21.1642,21.3693,5874265.7612249
2006-12-11,21.2428,21.432,21.1998,21.2485,3831246.1866309
2006-12-12,21.1698,21.1838,20.7746,20.9216,5756381.1974642
2006-12-13,21.1529,21.2119,20.9535,21.1792,4463833.5489618
2006-12-14,21.3374,21.4161,21.2119,21.4049,7082200.2691752
2006-12-15,21.5519,21.5631,21.064,21.2363,4477712.7478727
2006-12-18,21.1483,21.1483,20.7221,20.7643,5903166.6996556
2006-12-19,20.8907,21.0218,20.7474,20.9432,4347278.3899283
2006-12-20,20.9319,21.1436,20.9169,20.99,5351958.1269381
2006-12-21,21.2166,21.2166,20.385,20.5058,7728851.5589453
2006-12-22,20.754,20.7587,20.1696,20.3925,4191177.444492
2006-12-26,20.4112,20.6116,20.2595,20.3653,3500029.0030821
2006-12-27,20.5901,20.843,20.5386,20.8261,3264260.9433558
2006-12-28,20.9216,21.0537,20.7381,20.9319,3592244.8437608
2006-12-29,20.9319,20.9834,20.7746,20.9057,1553225.229093
2007-01-03,20.8645,20.8739,20.3129,20.4421,11950832.75249
2007-01-04,19.9345,20.0863,19.7116,19.8484,9738214.2363497
2007-01-05,19.7969,19.8212,19.396,19.544,8389768.5894025
2007-01-08,19.7482,19.8062,19.4223,19.6339,8960558.3861258
2007-01-09,19.8643,19.8643,19.1263,19.8006,15851862.543246
2007-01-10,19.6161,20.0123,19.47,19.9018,8834305.5132511
2007-01-11,20.1949,20.8373,20.0863,20.4899,11982205.636256
2007-01-12,20.2792,20.8907,20.2792,20.7849,7184492.8909066
2007-01-16,20.4421,20.5386,20.1696,20.2792,6573580.6985012
2007-01-17,19.9748,20.4056,19.9289,20.2839,5590963.740988
2007-01-18,20.6116,20.7006,20.2839,20.3541,6189128.5971418
2007-01-19,20.6528,21.079,20.5704,21.0415,6856123.5165204
2007-01-22,21.064,21.1174,20.769,20.8579,4041157.5913621
2007-01-23,21.0949,21.61,21.0921,21.5425,6551146.3263579
2007-01-24,21.7214,21.8235,21.5163,21.7317,8485025.5101318
2007-01-25,21.4592,21.6652,21.1529,21.2166,7526738.2608187
2007-01-26,21.2887,21.2887,20.9947,21.1529,2749371.2806672
2007-01-29,20.99,21.3168,20.9628,21.0949,4384541.2307033
2007-01-30,21.4049,21.4854,21.1951,21.4114,4426563.2336221
2007-01-31,21.1904,21.594,21.1127,21.5584,6481752.4673935
2007-02-01,21.9836,22.0688,21.772,21.7841,7088095.5651582
2007-02-02,21.8104,21.9256,21.5425,21.6596,8464302.8133121
2007-02-05,21.7486,21.8787,21.6212,21.6596,5194523.5055948
2007-02-06,21.9162,22.1166,21.8844,21.9368,5801631.144552
2007-02-07,22.9567,23.2994,22.9351,23.1561,10350835.968489
2007-02-08,22.7141,22.9623,22.642,22.9108,7302945.5215868
2007-02-09,22.9482,23.0821,22.7628,22.8312,3908823.626181
2007-02-12,23.0943,23.2994,23.0587,23.1458,5221175.6678363
2007-02-13,23.4568,23.6993,23.4352,23.6778,4915030.3099859
2007-02-14,23.8829,24.1676,23.7873,23.9831,7748305.7153507
2007-02-15,24.0243,24.1676,23.9934,24.0149,4952768.3195187
2007-02-16,23.7199,24.072,23.6834,24.0664,3013474.3474946
2007-02-20,23.9718,24.1264,23.8417,24.0617,4220837.5851404
2007-02-21,23.6993,24.0084,23.5364,23.9203,7012417.7328447
2007-02-22,24.1938,24.2987,23.9934,24.1413,5372492.8918446
2007-02-23,24.353,24.4157,24.2303,24.353,5286931.5493666
2007-02-26,24.4729,24.7669,24.4298,24.5862,4773977.7989434
2007-02-27,23.5026,23.5888,22.6954,22.8574,12360004.30721
2007-02-28,22.6954,22.8686,22.421,22.5783,7873165.1158005
2007-03-01,21.9677,22.4715,21.8787,22.2477,8049942.8428733
2007-03-02,22.1054,22.3161,21.7645,21.875,7739690.7456005
2007-03-05,21.2325,21.7589,21.2166,21.3955,8564691.5566269
2007-03-06,22.0426,22.509,22.0052,22.3423,7251798.1429261
2007-03-07,22.2,22.6036,22.1484,22.3873,4460597.0624332
2007-03-08,22.598,22.774,22.4687,22.4903,4713099.6047977
2007-03-09,22.7366,22.8143,22.494,22.5596,4212850.4788276
2007-03-12,22.6158,22.9351,22.5465,22.9239,4113028.7346374
2007-03-13,22.642,22.9154,22.1822,22.2421,6122391.4120418
2007-03-14,22.1897,22.4069,21.7991,22.3938,5860382.2911342
2007-03-15,22.7525,23.3256,22.6776,23.1739,6914304.4605931
2007-03-16,23.1945,23.4783,23.0587,23.2133,3887909.7940631
2007-03-19,23.7143,23.9878,23.6422,23.925,4191745.5114116
2007-03-20,23.9718,24.3717,23.8182,24.3315,5765121.0992249
2007-03-21,24.4729,24.9252,24.3455,24.8297,6046706.1051636
2007-03-22,24.9758,25.0282,24.677,24.7875,4344528.8179022
2007-03-23,24.9936,25.1659,24.7988,24.8531,6113335.4429725
2007-03-26,25.3672,25.666,24.9936,25.6276,9882339.8612917
2007-03-27,25.4562,25.5405,25.2342,25.4403,7354096.1036323
2007-03-28,25.2399,25.2698,24.8774,24.9196,5166386.0405616
2007-03-29,25.4496,25.6538,25.2239,25.4122,6665171.8791274
2007-03-30,25.4815,25.6388,25.4197,25.4815,5172851.5390541
2007-04-02,25.4871,25.651,25.2867,25.5742,4558044.0306288
2007-04-03,25.917,26.2401,25.902,26.1492,4657200.5385579
2007-04-04,25.8402,26.2869,25.7887,26.2354,4767528.3173753
2007-04-05,26.1024,26.2354,25.9516,26.0218,2680031.8792458
2007-04-09,25.9806,26.2962,25.9647,26.1024,3583841.297413
2007-04-10,26.506,26.8132,26.4704,26.7542,5086526.7231785
2007-04-11,26.7186,26.7345,26.1979,26.2822,4971687.5106484
2007-04-12,26.2176,26.4798,26.0087,26.4545,4672419.8201456
2007-04-13,26.2401,26.5182,26.0874,26.5126,3180920.6143979
2007-04-16,26.7027,26.9284,26.6222,26.8759,5391686.5062794
2007-04-17,26.6015,26.8956,26.551,26.8469,6726264.7000603
2007-04-18,26.3562,26.3965,26.1651,26.3065,5662138.6819484
2007-04-19,25.8758,25.9694,25.6454,25.902,4636661.5024716
2007-04-20,26.2429,26.5444,26.2401,26.5285,3699122.5770573
2007-04-23,26.2962,26.4302,26.1389,26.1445,4190232.445951
2007-04-24,26.1558,26.2288,25.7081,25.7924,3820121.8987209
2007-04-25,26.255,26.4452,26.1389,26.4302,4380742.0162299
2007-04-26,26.2588,26.2588,25.7887,25.8917,4856280.2311986
2007-04-27,25.4983,25.8027,25.429,25.7287,2896010.4949488
2007-04-30,25.7381,26.0808,25.651,25.6847,4288276.3115302
2007-05-01,25.6117,25.7184,25.3138,25.5133,5201999.1381209
2007-05-02,25.6913,26.2129,25.6388,26.108,3302110.0035647
2007-05-03,26.2822,26.418,26.0808,26.3112,5439727.6693967
2007-05-04,26.7064,27.332,26.7064,27.1532,10414230.955359
2007-05-07,27.5587,27.6767,27.244,27.3498,7132051.3447525
2007-05-08,26.8207,26.8806,26.418,26.772,5880647.9717104
2007-05-09,27.3985,28.2685,27.244,28.0925,11547455.053231
2007-05-10,27.3386,27.4547,26.934,27.0661,7418268.4452345
2007-05-11,27.0661,27.6589,27.0661,27.5268,3926969.7337585
2007-05-14,27.1026,27.3582,26.8759,26.9602,6072902.3189565
2007-05-15,26.9602,27.4285,26.9471,27.0604,5660164.3290644
2007-05-16,27.3273,27.3433,26.7186,27.1166,7182056.1828042
2007-05-17,26.7804,26.8132,26.2241,26.6268,8022688.4442734
2007-05-18,27.1166,27.1166,26.551,26.8759,5474135.2264444
2007-05-21,27.2318,27.3985,27.0857,27.1335,6317827.7882735
2007-05-22,27.244,27.2805,26.6549,26.6915,4734396.7753068
2007-05-23,27.1429,27.5175,27.1429,27.2225,5222621.4622143
2007-05-24,26.8862,27.1747,25.9778,26.0874,8768875.3091841
2007-05-25,26.6858,26.8759,26.5379,26.7963,4888857.5876821
2007-05-29,27.1279,27.2112,26.8469,27.1663,4505777.6028484
2007-05-30,26.7767,27.318,26.6915,27.318,3613747.0309026
2007-05-31,27.4069,27.8265,27.4069,27.6851,4175107.13032
2007-06-01,28.0325,28.453,28.0119,28.3697,4126528.8663369
2007-06-04,28.5064,28.7359,28.4268,28.7115,3378203.2081182
2007-06-05,28.9054,29.2322,28.7424,28.9475,5685646.188028
2007-06-06,28.8988,29.0992,28.4006,28.6637,5725435.4316821
2007-06-07,28.9541,29.3895,28.7003,28.7995,10988933.152821
2007-06-08,28.8473,29.4204,28.5158,29.338,6894724.3043822
2007-06-11,29.0842,29.7538,28.9784,29.5,4651494.2422831
2007-06-12,29.3053,29.6255,28.9784,28.9962,4694278.6508045
2007-06-13,29.5,30.1088,29.3989,29.9795,9082242.1643598
2007-06-14,30.046,30.6576,30.0161,30.3476,4837449.6670508
2007-06-15,30.5059,30.725,30.3822,30.4375,3984306.0520165
2007-06-18,30.9676,31.0612,30.5311,30.8196,4745471.9446485
2007-06-19,30.8514,31.1352,30.6257,31.0247,4005220.9519294
2007-06-20,31.3824,31.4517,30.5995,30.636,8751526.8444429
2007-06-21,30.9938,31.8619,30.8243,31.7627,8246880.538821
2007-06-22,31.3412,31.5051,30.9994,31.2775,4606612.6844572
2007-06-25,31.0303,31.5576,30.7681,30.9779,4086445.9790684
2007-06-26,31.4396,31.5576,30.6885,30.7362,8831346.6534125
2007-06-27,30.1228,30.4628,29.8484,30.4319,6535937.7227199
2007-06-28,30.9676,31.3047,30.9086,31.1605,3449642.9622291
2007-06-29,31.1605,31.64,31.0902,31.4255,5383521.078208
2007-07-02,31.8713,32.3911,31.8085,32.3405,4059410.4784356
2007-07-03,32.3658,32.8556,32.3405,32.6757,3369601.0519075
2007-07-05,33.409,33.6919,33.2657,33.5963,5565645.2546535
2007-07-06,34.0431,34.4486,33.9241,34.3334,5535419.1826755
2007-07-09,35.0273,35.3645,35.0273,35.2755,5257651.5437245
2007-07-10,34.428,34.5544,34.1395,34.2294,7148768.7426713
2007-07-11,34.5328,34.7904,34.2809,34.6752,4213231.6816289
2007-07-12,35.3645,36.227,35.2062,36.0903,7591678.3469984
2007-07-13,35.4956,35.8889,35.4338,35.7428,4606624.4302018
2007-07-16,35.2334,35.2755,34.8438,35.1107,6187681.7349688
2007-07-17,34.6396,34.9852,34.5431,34.8737,5901453.9565371
2007-07-18,34.3961,34.7014,34.2538,34.6021,6144257.7172654
2007-07-19,35.1697,35.5958,35.1331,35.5209,4341818.7542897
2007-07-20,35.3804,35.4956,35.0114,35.253,4384582.8747068
2007-07-23,35.8187,36.1062,35.5518,35.9067,4199049.228949
2007-07-24,35.6473,35.7868,34.9121,35.1107,4943503.0626369
2007-07-25,35.3954,35.4478,34.4214,35.1472,9336000.4335991
2007-07-26,33.7228,34.0281,32.7928,33.2657,10218877.867134
2007-07-27,32.6177,33.2657,31.8348,32.2609,10266782.352496
2007-07-30,33.1234,34.0431,32.8968,33.7068,7603915.2772583
2007-07-31,34.428,34.6021,33.5289,33.543,8451726.3242544
2007-08-01,32.8453,33.2657,32.1672,32.8602,8087031.6330695
2007-08-02,32.8715,33.3912,32.6626,33.0991,4894885.2902403
2007-08-03,33.055,33.1019,31.8179,31.9406,6508178.2571032
2007-08-06,32.0558,32.3573,30.873,32.3573,13022836.961828
2007-08-07,31.7149,32.9183,31.5576,32.524,8114256.1334104
2007-08-08,32.9988,33.8988,32.8022,33.6965,6786202.1668449
2007-08-09,32.1017,32.6177,31.7008,31.8713,11153955.525162
2007-08-10,30.5677,31.0406,29.8737,30.9001,14860915.717237
2007-08-13,32.0736,32.186,31.3412,31.419,5808665.777759
2007-08-14,31.3244,31.5576,30.1622,30.3307,6063160.8255219
2007-08-15,28.8726,29.9992,28.4268,28.5682,10556644.904977
2007-08-16,27.553,27.7581,25.9928,27.4903,21868131.153029
2007-08-17,29.0945,29.191,27.6532,28.822,16037074.78272
2007-08-20,29.6358,29.9468,28.925,29.7257,9809919.8714061
2007-08-21,29.456,30.7194,29.2743,30.2951,8903042.6783141
2007-08-22,31.3141,31.5192,31.0031,31.3412,8601771.8044634
2007-08-23,32.1597,32.214,31.2925,32.0595,9192522.9601989
2007-08-24,31.9031,32.7675,31.6503,32.76,5110674.9062351
2007-08-27,32.7394,33.1234,32.4135,32.6121,3049958.7657425
2007-08-28,32.2197,32.3236,31.3047,31.4021,5450262.5344879
2007-08-29,32.1672,32.8453,31.8179,32.8293,7101784.6965659
2007-08-30,32.3779,33.2536,32.2459,32.5091,5015989.2558102
2007-08-31,33.6553,33.764,33.2058,33.2124,5314124.0158587
2007-09-04,32.7816,34.0253,32.775,33.7761,6086077.8409877
2007-09-05,33.3332,33.4971,32.8921,33.0241,5603317.0608987
2007-09-06,33.764,34.9318,33.5617,34.811,8156849.4066337
2007-09-07,33.9288,34.2584,33.4512,33.7546,6027698.2870522
2007-09-10,33.7855,33.7855,32.775,33.3772,4654538.5257187
2007-09-11,33.6347,34.8897,33.6347,34.634,6217460.4008579
2007-09-12,33.7387,34.2809,33.66,34.0496,6315181.7923587
2007-09-13,34.4907,35.1378,34.3699,34.8016,5566624.4226333
2007-09-14,34.2013,34.8868,33.9906,34.6808,4097821.1987943
2007-09-17,34.2912,34.575,33.7911,33.8913,3034571.8403458
2007-09-18,34.8868,36.2851,34.6855,36.0631,9881105.4903161
2007-09-19,37.0802,37.7638,36.8413,37.0268,10365800.047081
2007-09-20,37.3714,37.9932,37.2365,37.5203,5860953.5614386
2007-09-21,38.2517,38.4943,38.0504,38.1478,6260051.5384913
2007-09-24,40.2437,40.844,39.8663,39.9412,16264156.330434
2007-09-25,39.5338,40.4975,39.4458,40.4975,9180731.3004379
2007-09-26,40.0508,40.387,39.088,39.8176,8943380.7685785
2007-09-27,40.0236,41.006,39.929,40.8402,9224925.1983086
2007-09-28,40.8927,41.3975,40.6904,41.3385,6214226.0499192
2007-10-01,41.9125,43.2845,41.8695,43.0635,8765804.3308745
2007-10-02,42.186,42.2272,40.9451,41.9697,9738156.5754218
2007-10-03,41.5707,41.6765,40.8861,41.1165,7445929.6737148
2007-10-04,40.6548,41.1699,40.2877,41.1605,6295038.9082031
2007-10-05,41.3909,42.2787,41.0603,41.8226,7707366.456523
2007-10-08,41.0809,41.2926,40.7119,41.2542,5802393.5501546
2007-10-09,41.4977,42.9071,41.3703,42.8528,7460001.0757187
2007-10-10,43.0214,43.5692,42.6065,43.1469,7706608.3221003
2007-10-11,44.162,45.7307,43.3894,44.0,18530946.220566
2007-10-12,44.4421,45.1145,43.927,44.5741,9346770.2135818
2007-10-15,44.9468,45.1885,43.499,43.7575,9243594.5254172
2007-10-16,43.5945,43.8521,43.0476,43.1263,8313142.5551631
2007-10-17,43.9363,44.0993,42.9155,43.5786,8689041.61888
2007-10-18,43.8839,45.0686,43.7575,45.0573,6007228.6576383
2007-10-19,44.8354,44.8354,43.3641,43.4625,11569151.579056
2007-10-22,42.1392,42.5896,41.3975,42.57,14177101.959419
2007-10-23,43.5205,44.3484,43.3529,44.1161,9344824.6911618
2007-10-24,43.2639,43.3267,41.5183,42.7854,13418303.368217
2007-10-25,42.7526,43.469,42.5484,43.3379,7977171.5484453
2007-10-26,44.4524,45.4404,44.1255,45.3149,7331846.4600174
2007-10-29,45.815,45.9817,45.2053,45.9292,7348391.9429474
2007-10-30,44.6696,44.8719,44.1995,44.2997,8575321.4554696
2007-10-31,44.4421,45.9508,44.2997,45.8918,10071709.026552
2007-11-01,44.1517,44.3681,43.1862,43.3529,12350644.016577
2007-11-02,43.7003,44.0365,42.5372,44.0365,11891890.470609
2007-11-05,41.6026,42.3696,41.1605,41.8526,13952302.289538
2007-11-06,43.2995,44.0684,43.2958,43.9036,9709665.6702564
2007-11-07,43.942,44.177,42.0811,42.259,10301202.723084
2007-11-08,42.0746,42.3171,39.6771,40.4179,30636124.463575
2007-11-09,40.5237,41.0229,39.4458,39.8719,14308143.892696
2007-11-12,39.3615,39.7726,37.3405,37.3405,13647894.23409
2007-11-13,38.4896,39.6406,38.4896,39.5656,15707301.25796
2007-11-14,40.2296,40.2877,38.9719,39.8869,11083577.159243
2007-11-15,38.5767,39.8934,38.1412,38.9719,15076220.55432
2007-11-16,38.9401,39.6284,38.2208,39.3044,8251970.717403
2007-11-19,38.1047,38.1047,36.448,37.2572,11498015.078714
2007-11-20,36.8161,38.5233,36.8161,38.2405,14755848.964196
2007-11-21,37.053,37.0998,36.183,36.7374,14528268.756235
2007-11-23,37.6627,38.4568,37.6308,38.2986,4421385.4958533
2007-11-26,38.1609,38.6291,37.1476,37.3265,7648016.2769673
2007-11-27,37.4997,38.3154,36.8676,38.1478,11892097.622832
2007-11-28,37.7366,39.6022,37.6421,39.398,9062267.9918081
2007-11-29,39.5207,40.1435,39.0787,39.6818,6903103.2914459
2007-11-30,40.4909,40.4909,39.3821,39.8813,6411866.3549517
2007-12-03,39.5778,39.7146,39.1526,39.5507,6294589.3665242
2007-12-04,38.9204,39.2819,38.542,39.2304,6546871.9431267
2007-12-05,39.2875,40.2353,39.2875,40.0077,6135101.3754697
2007-12-06,39.3671,40.681,39.1526,40.6173,6186429.2114789
2007-12-07,40.6651,40.8234,40.2821,40.4975,5317070.0621577
2007-12-10,41.0229,41.4171,40.8861,41.0491,3715737.4666598
2007-12-11,41.0229,41.1558,39.5863,39.9028,6236933.7775726
2007-12-12,40.5284,40.8543,39.5863,40.0657,4660148.7204469
2007-12-13,39.1311,39.2603,38.3238,39.0974,6683016.8685256
2007-12-14,37.2365,37.525,37.0802,37.378,8903015.9834401
2007-12-17,36.3956,36.3956,35.342,35.6529,9038644.0960776
2007-12-18,36.4002,36.6999,35.5162,36.448,5905178.4253632
2007-12-19,35.9423,36.4424,35.6061,36.2794,7164572.1081029
2007-12-20,35.9273,36.183,35.342,36.0275,6240358.1960145
2007-12-21,36.6887,37.2787,36.5782,37.1785,6648058.3292778
2007-12-24,37.7001,37.7638,36.8676,37.3152,1346085.8200821
2007-12-26,37.3405,38.3875,37.1841,38.0616,3587668.2745554
2007-12-27,37.7638,37.7685,37.1897,37.4351,2623360.7972488
2007-12-28,37.8631,37.8631,37.142,37.5297,2052583.8140651
2007-12-31,37.2534,37.2534,36.5051,36.8376,2121539.8770953
2008-01-02,37.3658,37.4838,36.6578,37.0324,5311087.2069879
2008-01-03,37.0802,38.2096,36.9472,37.9989,6692103.8036488
2008-01-04,37.4463,37.4463,36.0537,36.4424,6803851.7497652
2008-01-07,36.1483,36.3722,34.973,35.9844,9603563.156102
2008-01-08,36.448,37.0464,35.7803,35.7999,7037777.8631827
2008-01-09,35.5902,36.2195,35.0798,36.1258,9146550.1159221
2008-01-10,35.342,37.1841,35.3111,37.0418,8528936.4423377
2008-01-11,35.578,36.2092,35.3382,35.6005,6957966.5965729
2008-01-14,36.5051,37.1569,36.2364,37.0736,7224527.7274018
2008-01-15,36.183,36.2326,34.6209,34.8063,9810521.0399694
2008-01-16,33.9241,34.5694,32.658,33.4596,15493846.909546
2008-01-17,33.1758,33.5018,31.3984,31.9144,21918179.770674
2008-01-18,32.4875,33.2058,31.2513,31.934,12776764.680722
2008-01-22,28.2536,31.0584,28.2536,30.4103,17053152.16315
2008-01-23,29.058,32.1185,29.0046,31.8966,14956224.95992
2008-01-24,32.1344,33.1758,32.1148,32.76,10036240.081312
2008-01-25,34.1854,34.6855,32.9923,33.3538,8939117.0632968
2008-01-28,33.0391,34.2107,32.7675,33.9756,6583348.8868099
2008-01-29,34.5431,34.6537,33.66,34.2716,9440643.272041
2008-01-30,35.0311,35.2792,34.133,34.5328,8930593.9239133
2008-01-31,34.5328,35.8056,34.3446,35.5377,8595308.4415609
2008-02-01,38.9204,39.2987,37.8893,38.7706,14660110.467939
2008-02-04,38.9981,38.9981,38.0504,38.1197,8847168.1713585
2008-02-05,37.348,37.5943,36.4105,36.5426,9436090.1943247
2008-02-06,35.3954,35.7128,34.5965,34.7651,13186796.878182
2008-02-07,34.1114,35.18,33.8651,34.8953,9656478.8032191
2008-02-08,34.0496,34.9702,34.0496,34.6078,7722856.9580309
2008-02-11,34.2238,34.7379,33.8333,34.6274,7407584.0888488
2008-02-12,35.4637,36.316,35.4216,35.6595,7971060.55788
2008-02-13,36.2326,36.2364,35.5021,36.1099,8357794.5370723
2008-02-14,36.8957,37.1569,35.9891,36.3384,7286517.4961025
2008-02-15,36.2532,36.9312,36.0462,36.8161,7159390.0991543
2008-02-19,38.3988,39.2135,38.3988,38.5196,9092082.9627259
2008-02-20,37.1326,38.3416,37.0146,38.0832,7843774.0594825
2008-02-21,38.8679,38.9082,37.6627,37.8088,7775294.2330052
2008-02-22,38.7087,38.9756,37.5297,38.8305,7450520.1242547
2008-02-25,37.9567,39.0496,37.672,38.8679,7219628.684118
2008-02-26,38.3941,39.177,38.1412,38.8193,7386758.8837127
2008-02-27,38.8455,39.8766,38.6554,39.4505,7231628.5638965
2008-02-28,39.0618,40.0657,38.8193,39.8391,8372342.1756292
2008-02-29,39.3615,39.4945,38.1843,38.4896,6856519.6684511
2008-03-03,38.0457,38.7509,37.9932,38.4568,5596341.1564146
2008-03-04,38.3941,38.5505,36.92,37.657,12107708.917068
2008-03-05,38.4446,39.3615,38.2667,39.0787,8500157.2325327
2008-03-06,39.6471,39.9234,38.5102,38.5767,13915442.007463
2008-03-07,37.746,38.1131,36.7065,37.2787,10408420.015178
2008-03-10,36.1624,36.2897,34.7848,34.7979,12800356.542604
2008-03-11,35.5518,36.1258,35.121,35.9891,8187466.2915677
2008-03-12,36.9584,37.1944,36.5211,36.595,7333463.1015893
2008-03-13,36.0013,37.2693,35.726,36.8207,9434179.9091384
2008-03-14,38.2349,38.2405,36.9509,37.1373,10846956.999137
2008-03-17,35.1847,36.2364,33.9756,35.1425,10128100.346269
2008-03-18,35.6061,36.448,35.4422,36.1362,6964217.4682781
2008-03-19,35.5471,35.6951,33.4821,33.6553,10972008.60268
2008-03-20,32.1298,33.4399,31.8554,33.0344,11907109.752197
2008-03-24,33.1337,33.9241,32.8331,33.5242,6717226.8835054
2008-03-25,33.66,34.1592,33.3173,33.8857,7462517.8684432
2008-03-26,34.1395,34.5132,33.8277,34.2716,6693731.1231703
2008-03-27,35.2212,35.2792,34.1648,34.2163,6652061.4925888
2008-03-28,34.8541,34.9702,34.3587,34.4795,4276589.2956755
2008-03-31,34.6902,35.1331,34.1545,34.634,5827323.359123
2008-04-01,34.2968,35.2633,34.2753,35.1912,8659471.1730084
2008-04-02,35.8739,35.9592,35.386,35.6735,8713254.9374293
2008-04-03,35.976,37.3986,35.976,37.1054,15405952.435077
2008-04-04,37.8631,39.0103,37.51,38.5102,9458338.7701446
2008-04-07,39.2987,40.2296,39.1817,39.4814,10016411.128875
2008-04-08,38.7406,42.2216,38.6291,41.5492,24408629.993463
2008-04-09,41.523,42.0502,40.8824,41.1877,8759263.0189397
2008-04-10,40.5911,41.3703,40.1819,41.006,5614252.3491005
2008-04-11,40.5087,41.0687,40.3195,40.5237,4015208.0382052
2008-04-14,40.7719,40.7869,40.0302,40.3963,3487709.8526101
2008-04-15,41.1277,42.0624,41.0968,41.9697,8925672.4569353
2008-04-16,42.5054,43.3847,42.4267,43.2695,15310954.988523
2008-04-17,42.6112,43.0635,42.2075,42.3808,7975331.7377264
2008-04-18,41.4124,42.7779,41.3169,42.5812,9255689.4389473
2008-04-21,43.0476,44.0993,42.8284,43.942,9193991.1782711
2008-04-22,43.4259,44.4795,43.4213,43.647,8222486.7629233
2008-04-23,44.4561,45.4441,44.177,44.8719,9468355.7546794
2008-04-24,43.499,43.6685,42.5484,43.4007,7921523.4140215
2008-04-25,43.4372,44.7305,43.1956,44.4421,5266318.8354279
2008-04-28,44.1892,44.3793,43.4072,43.4072,6273931.8051971
2008-04-29,42.4857,42.7423,41.5857,41.7608,7717984.6096211
2008-04-30,41.8901,42.8528,41.7852,42.422,8098044.8703034
2008-05-01,42.7217,43.0054,41.0744,42.0746,10459177.648677
2008-05-02,43.2049,44.2435,42.7488,44.177,8176944.2400161
2008-05-05,44.3793,45.0611,43.985,44.6696,9229075.7173243
2008-05-06,44.6003,45.9414,44.3156,45.6651,9024757.422602
2008-05-07,44.8354,45.0882,43.499,43.499,7343097.8155278
2008-05-08,45.5827,46.1774,45.3982,45.5986,13606682.687547
2008-05-09,45.1781,46.3085,44.9571,46.2402,8159038.386305
2008-05-12,45.6979,46.4256,45.3411,46.4256,7317236.8893528
2008-05-13,46.4256,46.7777,45.9049,46.1774,11521955.041753
2008-05-14,47.5438,48.691,47.4454,47.4454,11960621.228903
2008-05-15,48.233,49.5123,47.8612,49.133,13250584.813598
2008-05-16,49.6996,50.2578,49.3522,49.9646,8215288.7570871
2008-05-19,49.6528,50.284,49.1227,49.1705,7104187.2352295
2008-05-20,47.3874,47.9849,46.5773,47.171,13356789.836069
2008-05-21,47.3237,48.4428,46.597,46.7459,7121623.2591575
2008-05-22,48.9785,49.3484,48.1712,48.5449,9854112.7014818
2008-05-23,47.9071,48.1712,46.5707,47.0718,8199513.1543244
2008-05-27,46.2027,46.5707,45.9236,46.2935,7240637.5499875
2008-05-28,45.83,46.597,45.1885,46.597,8829656.3339882
2008-05-29,45.8412,45.8412,44.8897,45.1004,8128562.450306
2008-05-30,44.4214,44.8625,43.9579,44.3568,7692808.1400165
2008-06-02,44.6378,45.4572,44.4111,44.9937,6354098.6475292
2008-06-03,44.5778,44.7136,43.3801,43.8268,7890416.4112002
2008-06-04,43.5945,44.0955,43.2845,43.5786,9972451.0781011
2008-06-05,42.496,44.4364,42.496,44.2838,10316996.478361
2008-06-06,44.3306,45.3149,44.0843,44.0843,8954835.0051316
2008-06-09,44.6846,44.6846,42.9333,43.5692,7014256.4757686
2008-06-10,42.2553,42.805,42.1176,42.4126,9890984.7293008
2008-06-11,42.3696,42.7704,41.7374,42.259,10419512.269239
2008-06-12,42.3808,42.5316,41.6644,41.6644,8540709.9495843
2008-06-13,42.053,43.4484,41.8058,43.2742,8573387.6787942
2008-06-16,43.8099,43.9691,43.4803,43.6957,5832582.2493089
2008-06-17,44.8663,45.6408,44.7586,45.136,7733518.8907225
2008-06-18,44.3372,45.4254,43.9794,44.9618,8673298.0499662
2008-06-19,45.8777,46.2298,45.3617,45.6361,6949909.0157926
2008-06-20,44.694,44.7586,43.499,43.9794,5537922.0940655
2008-06-23,44.0478,45.4151,43.9897,45.0882,7016636.590738
2008-06-24,44.9993,45.2147,44.4795,44.7305,9625057.8686791
2008-06-25,43.7828,44.2051,43.1534,43.69,9757072.5631665
2008-06-26,43.4934,43.794,42.3855,42.658,9542897.4531537
2008-06-27,43.4746,44.3306,43.4072,43.6057,9524056.2110563
2008-06-30,44.8148,45.2428,44.6528,44.8045,10787937.83602
2008-07-01,43.4072,44.0319,42.702,43.5786,7506279.3093545
2008-07-02,43.4213,43.6844,40.8234,40.8927,13146993.753193
2008-07-03,41.0229,41.287,40.077,40.6501,7267847.101199
2008-07-07,40.5012,41.2748,39.5909,40.1819,8856115.2253417
2008-07-08,40.4975,40.4975,38.3416,39.6022,13281445.155783
2008-07-09,40.0142,40.5509,39.1611,39.3044,8652079.8962842
2008-07-10,39.9084,40.623,39.4608,40.2971,7726925.2568346
2008-07-11,40.3448,41.0603,39.5778,40.3813,5567901.5054073
2008-07-14,41.4724,41.5426,40.357,40.5771,8503770.6506827
2008-07-15,40.0657,40.2662,39.0833,39.266,8019516.0254425
2008-07-16,38.3941,38.9082,37.6683,38.9082,13625889.115521
2008-07-17,38.7406,39.3671,37.1054,37.6308,11198035.168972
2008-07-18,37.2618,38.1609,37.2572,37.7938,6422016.8138567
2008-07-21,39.0103,39.4945,38.5196,39.3503,7928023.0819527
2008-07-22,39.0721,39.2191,38.1515,38.7706,8439614.3260049
2008-07-23,38.6872,38.8886,38.1253,38.3669,7315162.1637424
2008-07-24,37.8266,37.9455,36.4059,36.5276,11087077.391127
2008-07-25,36.8161,37.4107,36.448,37.289,7826716.0349709
2008-07-28,38.4147,38.8089,37.8996,37.8996,4973236.8811377
2008-07-29,39.5778,39.708,38.5046,38.8089,7007510.1472012
2008-07-30,39.3821,40.0077,39.1189,39.8934,9191526.7074997
2008-07-31,40.1435,40.3139,39.1096,39.266,8287247.4595493
2008-08-01,37.9829,38.1253,36.7468,36.9472,6984736.2162602
2008-08-04,36.6053,36.6428,35.1107,35.5649,14092524.0561
2008-08-05,35.3017,35.6126,34.0964,34.8241,10771700.945834
2008-08-06,36.153,36.5051,35.6211,36.3422,7985678.6709043
2008-08-07,36.4649,36.5211,35.2586,35.2586,6783887.1873681
2008-08-08,34.4214,34.6621,33.9438,34.5918,6474902.5627148
2008-08-11,33.9906,34.3015,33.2124,33.6385,6140549.2653638
2008-08-12,33.5177,33.9054,33.1655,33.8707,8753099.7064214
2008-08-13,33.7022,35.2062,33.6656,35.0273,11944278.627015
2008-08-14,35.46,35.9423,34.6649,34.9234,8751993.4708412
2008-08-15,34.191,34.3334,33.7068,34.3015,7140151.6373312
2008-08-18,34.9234,35.3017,34.0496,34.4373,6721979.6388794
2008-08-19,33.6656,35.0114,33.2817,34.9421,10566950.194152
2008-08-20,35.8252,36.537,35.7906,36.537,7732190.5537903
2008-08-21,37.0998,37.4351,36.92,37.2843,7577228.945578
2008-08-22,36.8161,37.4426,36.0903,36.5735,6539020.446774
2008-08-25,36.4312,36.9949,35.7803,35.9592,4055183.0781827
2008-08-26,36.2158,36.684,36.0219,36.6531,3970266.6838614
2008-08-27,36.9584,37.4257,36.7627,37.3096,3324703.4771571
2008-08-28,38.0504,38.2892,36.9996,37.8659,3579667.2869081
2008-08-29,37.5943,37.6458,36.9509,37.0839,2170117.0732833
2008-09-02,33.8707,34.0871,33.6085,34.0543,9414215.3467414
2008-09-03,33.0756,33.5692,32.2356,32.5343,15311786.800798
2008-09-04,32.7394,33.0663,30.9404,31.4311,10254745.099894
2008-09-05,31.2251,31.419,30.1575,31.4021,15376058.447332
2008-09-08,32.3452,32.5343,30.6257,31.3618,13531365.769931
2008-09-09,30.4047,30.4412,28.6366,28.6366,17294300.841688
2008-09-10,29.3455,30.5405,28.8698,30.1088,11576350.652687
2008-09-11,29.1376,30.0526,28.4006,29.6789,16230182.298141
2008-09-12,30.8467,32.451,30.8308,32.3452,13534513.629477
2008-09-15,30.6463,31.2457,29.0992,29.4476,13021667.726345
2008-09-16,28.7593,30.6136,28.5214,30.3476,23135310.128834
2008-09-17,28.925,29.3324,27.1279,28.7153,22539334.252351
2008-09-18,28.4165,30.7784,28.143,30.1153,20281023.72201
2008-09-19,32.6036,33.1337,31.5126,33.0017,13787002.290507
2008-09-22,33.9503,36.1221,33.3959,34.2809,14595487.516863
2008-09-23,33.3023,34.0281,32.0876,32.4875,7222672.9675535
2008-09-24,32.5765,32.7872,32.141,32.1597,7189998.4417286
2008-09-25,32.009,33.0063,31.8245,32.7497,4737129.2626135
2008-09-26,30.9404,31.2925,30.1228,30.9563,5527083.9752052
2008-09-29,28.6366,29.0327,25.96,26.5585,14149261.341385
2008-09-30,27.1812,27.8228,26.9696,27.3433,7224506.3715026
2008-10-01,27.392,27.48,25.7222,27.0061,9291444.5532364
2008-10-02,25.5405,25.5742,23.9831,24.072,11395000.627588
2008-10-03,24.5281,26.5182,24.309,24.7707,10636720.984738
2008-10-06,23.0943,23.4296,20.9797,22.6101,18647039.024381
2008-10-07,23.8351,23.94,21.8787,21.8787,12495196.759503
2008-10-08,20.5058,23.0775,20.1097,21.7317,18449244.956874
2008-10-09,22.6673,22.9407,20.1312,20.3429,10270357.330028
2008-10-10,18.5298,20.3813,17.6242,19.5899,22466924.940415
2008-10-13,21.2794,23.4933,21.122,23.1299,9719526.7567268
2008-10-14,23.4933,23.6937,21.5856,22.3264,9893658.4878846
2008-10-15,20.4356,20.7961,18.3556,18.4979,14275779.02741
2008-10-16,18.6909,18.9924,16.6399,18.939,17393495.790236
2008-10-17,17.4312,19.4082,17.3142,18.4446,16170496.830967
2008-10-20,19.4803,21.0106,19.0861,20.7381,12278873.246028
2008-10-21,19.8596,20.3429,19.2865,19.6124,12215869.072113
2008-10-22,18.0456,18.1149,16.3889,16.9621,19395783.258225
2008-10-23,16.0724,17.0136,15.2782,16.4826,29976209.024792
2008-10-24,15.1686,17.1878,15.1527,16.3346,14521179.665485
2008-10-27,15.7764,16.4311,15.3887,15.5264,12900783.726538
2008-10-28,17.2514,17.8817,15.2895,17.8068,12207217.797335
2008-10-29,18.4183,19.7388,18.3125,19.1554,14154242.604881
2008-10-30,20.2698,20.621,19.2247,20.1265,13388363.465288
2008-10-31,19.8596,21.1305,19.6423,20.4477,13695962.092081
2008-11-03,20.3953,21.137,20.2483,20.6594,9258926.9932708
2008-11-04,21.9368,22.731,21.5678,22.494,8227561.9923757
2008-11-05,22.2206,23.2189,21.1754,21.2269,11059148.146111
2008-11-06,20.3288,20.4955,18.4652,18.7246,13595913.975359
2008-11-07,19.1441,20.3485,19.0701,20.0179,8702692.3096691
2008-11-10,21.89,21.9424,20.6257,20.8739,9636231.2751572
2008-11-11,19.9121,20.2483,18.9634,19.4803,9357386.23109
2008-11-12,18.2395,18.4033,17.1831,17.3189,13837722.551183
2008-11-13,17.0988,18.88,16.1988,18.88,15862077.069849
2008-11-14,17.5596,18.1393,16.8825,17.1662,13666123.629674
2008-11-17,16.9489,17.3189,16.2934,16.6465,8836345.0016277
2008-11-18,16.3589,16.8572,15.9366,16.6099,8632434.6045807
2008-11-19,16.0677,16.4095,14.8259,14.8942,12420902.78946
2008-11-20,14.3539,14.396,12.9014,12.9491,15855642.53741
2008-11-21,14.7191,15.3213,14.0963,15.3213,14217908.811671
2008-11-24,16.2981,18.2975,16.1108,17.5783,17404880.620116
2008-11-25,20.7381,20.9947,19.2247,20.1265,36751752.46233
2008-11-26,19.8643,20.7437,19.765,20.5058,19342393.510145
2008-11-28,21.0218,21.2485,20.7746,21.0499,6577355.3536904
2008-12-01,19.9064,19.9064,18.8126,18.8126,9330679.6113055
2008-12-02,18.6665,19.3904,18.512,19.1657,13889504.200051
2008-12-03,18.3443,19.6423,18.1552,19.4494,13425283.54388
2008-12-04,18.3715,19.323,17.9875,18.3078,14534268.696124
2008-12-05,17.4453,18.6496,17.0051,18.5298,12653771.785866
2008-12-08,19.6161,20.7381,19.5712,20.1696,10619177.113519
2008-12-09,19.9589,20.8739,19.6339,20.0956,12516695.74326
2008-12-10,21.7214,22.6101,21.5631,21.9677,15844223.538091
2008-12-11,21.2737,22.0539,20.8514,21.0218,11438838.949737
2008-12-12,20.5592,21.4536,20.3007,21.1127,12115092.719228
2008-12-15,22.3423,22.6954,21.6006,21.89,10166072.202898
2008-12-16,21.7486,23.3097,21.7111,23.3097,9348932.4983791
2008-12-17,22.6101,23.8566,22.5783,23.497,13765310.035862
2008-12-18,22.8368,22.9801,21.3796,21.5903,9940472.7545911
2008-12-19,21.3112,22.2693,21.2887,21.7645,8196276.6677958
2008-12-22,21.7111,21.9743,20.4805,20.8223,8197134.10715
2008-12-23,20.9694,21.3889,20.548,20.621,6527728.5150551
2008-12-24,20.3925,21.0068,20.3129,20.8851,1523763.6983075
2008-12-26,20.9104,21.3889,20.6528,21.2485,1720904.2752979
2008-12-29,21.5463,21.6652,20.9057,21.1904,5769525.7534415
2008-12-30,21.6006,22.0876,21.3796,22.0567,5596361.4445189
2008-12-31,22.2159,22.7572,22.0801,22.5624,6196341.5521074
2009-01-02,23.0728,24.309,23.0634,23.9362,7253171.3272467
2009-01-05,23.674,24.6087,23.541,23.9615,9800456.0046614
2009-01-06,25.1987,25.6454,24.7772,25.2445,16362664.686822
2009-01-07,24.3043,24.3895,23.1299,23.3509,8992063.6764678
2009-01-08,22.9351,23.5972,22.8836,23.5673,7805002.4244268
2009-01-09,23.8782,23.8988,22.8049,23.0775,6055271.9563456
2009-01-12,22.2571,22.3367,21.2953,21.4854,7714095.700371
2009-01-13,21.2166,21.978,21.1127,21.6727,5674695.9506968
2009-01-14,20.7587,20.7643,19.854,20.2745,12268699.295634
2009-01-15,20.297,21.2063,19.4532,20.9216,11431182.859862
2009-01-16,21.4639,21.5744,20.4365,21.2737,8243234.0190271
2009-01-20,19.9804,20.179,19.0814,19.0964,12287153.995955
2009-01-21,19.4597,20.4599,19.0392,20.4056,8038374.3522593
2009-01-22,19.7079,20.149,19.2331,19.6555,6142182.9916551
2009-01-23,18.6703,20.1378,18.5841,19.9224,8768081.9375276
2009-01-26,20.1752,20.9057,19.8325,19.9973,13506971.994033
2009-01-27,20.8851,21.3168,20.3429,20.9947,11019398.410871
2009-01-28,22.0426,22.3741,21.6268,21.8937,15260106.592452
2009-01-29,21.1951,21.4002,20.6163,20.7961,10464215.505306
2009-01-30,20.4056,20.6435,19.6161,19.7435,9647910.8164472
2009-02-02,19.1385,20.002,19.0186,19.8278,11052128.462034
2009-02-03,19.7922,20.5704,19.5337,20.518,10204244.80498
2009-02-04,21.4114,22.0304,21.2119,21.2166,22419031.133003
2009-02-05,21.8235,22.7207,21.3843,22.3011,11660169.353787
2009-02-06,22.9201,24.072,22.7778,23.8988,19451426.053674
2009-02-09,24.6087,24.8971,23.6609,24.2256,15214147.629509
2009-02-10,23.6366,23.9878,21.7991,22.0164,16515788.619905
2009-02-11,22.288,22.6907,21.5004,22.3208,12455026.313048
2009-02-12,21.0106,22.2833,20.5957,22.1484,12877261.271328
2009-02-13,22.037,22.7881,21.8787,22.5511,10532370.722115
2009-02-17,20.607,20.6959,20.1378,20.4356,10560267.933282
2009-02-18,20.3653,20.3653,19.5599,20.3129,9418970.2377054
2009-02-19,20.6903,21.0377,20.4477,20.518,8673814.8627276
2009-02-20,20.1752,20.8261,20.0572,20.6257,11440728.946819
2009-02-23,20.9216,20.9591,19.3614,19.382,9962470.398595
2009-02-24,19.854,20.9947,19.6489,20.8795,10280835.601986
2009-02-25,19.9439,20.0057,19.1966,19.7004,10482357.341704
2009-02-26,20.1752,20.2913,19.3764,19.5337,9376246.6934968
2009-02-27,18.5869,19.7238,18.5092,19.1554,9133253.9330603
2009-03-02,18.334,18.6599,17.405,17.6504,11465736.70482
2009-03-03,18.3228,18.8435,17.9023,18.4333,9740733.1646641
2009-03-04,19.4391,20.4599,19.3839,20.0385,18917410.047633
2009-03-05,18.7508,19.4157,18.4979,18.6815,13666592.391663
2009-03-06,20.0179,20.4215,19.1694,19.5281,19236325.165429
2009-03-09,18.7189,19.6555,18.703,19.1188,9309758.3046228
2009-03-10,20.2108,21.2363,20.1022,21.0012,15147800.18957
2009-03-11,21.5266,21.8937,21.1642,21.4049,18820741.501964
2009-03-12,20.6809,21.6371,20.3691,21.4536,15239758.691663
2009-03-13,22.2758,22.3517,21.7036,21.9471,10225092.433811
2009-03-16,21.9583,22.4388,21.7036,21.7036,9645627.8708193
2009-03-17,21.3468,22.0829,21.0921,22.0539,11774247.22851
2009-03-18,21.6006,22.731,20.9375,22.5249,12206549.357689
2009-03-19,23.7724,24.2725,23.5158,23.7031,18569777.652139
2009-03-20,23.7986,24.2397,23.3725,23.3996,10243228.931233
2009-03-23,24.7669,25.2979,24.353,25.2867,10837257.149706
2009-03-24,24.324,24.7604,23.9297,23.9297,13133113.486487
2009-03-25,23.7031,24.5862,23.5888,24.2556,11500699.515247
2009-03-26,24.884,25.6117,24.6405,25.4815,13098657.878667
2009-03-27,23.7414,24.4504,23.7414,24.1619,9245285.9126364
2009-03-30,22.479,22.6954,22.2627,22.6467,9375659.4062679
2009-03-31,23.7452,24.0926,23.2741,23.4568,9588133.5189069
2009-04-01,22.8733,24.0468,22.8049,23.9091,8921838.0052282
2009-04-02,25.6276,26.4704,25.4038,25.8964,13790086.082356
2009-04-03,25.4403,26.2429,25.356,25.9516,9886849.1594145
2009-04-06,24.662,25.1331,24.4242,24.9964,11180829.788755
2009-04-07,23.8295,24.6368,23.778,24.0664,9220960.4756162
2009-04-08,24.2987,24.4298,23.5026,23.9934,9218892.1567756
2009-04-09,24.8297,24.8531,24.4448,24.603,11157902.09534
2009-04-13,24.7154,25.8964,24.441,25.5283,10037716.841744
2009-04-14,25.0507,25.8224,24.8231,25.0563,8129796.8212816
2009-04-15,24.6929,25.5714,24.662,25.5452,9290924.5370901
2009-04-16,25.4983,25.681,24.8194,25.4618,8300462.4899941
2009-04-17,25.1088,25.3223,24.7988,25.1818,6532591.2533102
2009-04-20,23.8295,23.8875,23.2638,23.3406,8987628.0561973
2009-04-21,22.9407,24.131,22.8733,24.0589,9507019.5424439
2009-04-22,23.1262,24.2987,23.026,23.7611,12256397.229881
2009-04-23,24.0926,24.6545,24.0196,24.4878,9310366.947751
2009-04-24,24.7922,25.2698,24.6545,24.9289,7125566.6259507
2009-04-27,23.8941,24.4298,23.7986,24.1563,7544373.9624045
2009-04-28,23.6094,24.1413,23.497,23.8707,7584918.1370965
2009-04-29,24.1619,25.4122,24.1095,25.1181,12077153.964242
2009-04-30,25.5555,25.9778,25.1603,25.3185,10606495.980555
2009-05-01,25.5133,26.3562,25.3017,26.0012,9111388.6956316
2009-05-04,26.1708,27.3948,26.1614,27.1906,12158218.822137
2009-05-05,27.3227,27.392,26.4873,26.8469,6841848.1656787
2009-05-06,27.3639,28.0691,27.318,27.6963,14174832.895125
2009-05-07,28.1271,28.38,27.0426,27.3273,11666360.428975
2009-05-08,27.9164,28.8098,27.7581,28.6366,9436603.8037012
2009-05-11,27.5324,28.1215,27.2871,27.9014,7911915.394957
2009-05-12,27.848,28.0279,26.8329,27.4959,11773342.806178
2009-05-13,26.3384,26.5013,25.7652,26.049,17918558.335524
2009-05-14,25.7456,26.4873,25.5667,26.3965,10106098.431085
2009-05-15,26.4798,26.7542,25.7652,25.9975,7191459.185236
2009-05-18,26.551,27.2552,26.5379,27.2187,8225726.4528368
2009-05-19,27.6963,28.3472,27.5324,27.8958,9773495.249676
2009-05-20,28.0279,28.969,27.9792,28.0522,10956923.863258
2009-05-21,27.3386,27.6823,26.9537,27.4547,8063319.1103572
2009-05-22,27.7919,28.1215,27.5755,27.6495,6849965.5429768
2009-05-26,27.2299,29.0206,27.1906,28.822,11241672.745667
2009-05-27,28.7218,28.9644,27.7787,27.848,9165647.6288103
2009-05-28,28.2133,28.837,27.7263,28.7593,9607241.7097448
2009-05-29,29.5619,29.8372,29.2153,29.5796,7710621.095566
2009-06-01,30.9722,31.7261,30.9676,31.1727,12667593.323849
2009-06-02,31.3937,32.0043,31.0612,31.5978,12549731.183782
2009-06-03,30.8467,30.932,29.7585,30.2361,12422051.736839
2009-06-04,29.294,30.1397,28.7265,29.9992,15017148.001454
2009-06-05,32.0839,32.303,31.5051,31.7083,12920862.542995
2009-06-08,30.5311,31.1558,30.046,30.888,10387871.368937
2009-06-09,30.9835,31.7879,30.6089,31.478,11672342.21635
2009-06-10,32.7038,32.7038,31.0678,31.8619,14169756.597878
2009-06-11,31.6503,33.0916,31.4152,32.5343,13466272.989071
2009-06-12,31.1286,31.6765,31.0303,31.6662,13432716.464608
2009-06-15,30.916,30.916,29.8887,30.2315,9039387.2813709
2009-06-16,30.4881,30.6304,29.0842,29.3633,18157238.27211
2009-06-17,28.896,29.4794,28.1693,29.0636,20537331.885617
2009-06-18,28.6684,29.4523,28.4689,29.1648,10581303.494026
2009-06-19,29.7847,29.9196,29.3324,29.5057,6924861.7493784
2009-06-22,28.6843,29.0683,27.9164,27.9548,10604256.81452
2009-06-23,28.2685,28.5448,27.4435,28.3903,9736213.1885917
2009-06-24,28.7536,29.2631,28.2133,28.4896,8541982.7611786
2009-06-25,28.1805,29.4261,28.1215,29.3689,10141782.003112
2009-06-26,28.6057,28.9475,28.3837,28.7265,7048887.2019632
2009-06-29,29.0739,29.279,28.6937,29.1376,6093943.2186749
2009-06-30,29.4523,29.5197,28.5682,28.7846,6902995.4441548
2009-07-01,29.6892,29.958,29.1732,29.191,8330628.7654543
2009-07-02,28.4109,28.4418,27.7919,28.1805,8705469.6443642
2009-07-06,26.5978,26.8862,26.2485,26.6709,13132950.113858
2009-07-07,27.1382,27.1906,26.049,26.0546,12190555.924754
2009-07-08,26.5866,27.0661,25.8074,26.3871,11067289.014899
2009-07-09,27.0277,27.1026,26.5585,26.5866,6710289.4196398
2009-07-10,26.3609,26.8179,26.1558,26.4704,4661309.4135702
2009-07-13,26.5819,27.2318,26.2176,27.1532,6697954.2522434
2009-07-14,27.9614,28.2536,27.7787,28.0325,8342092.612162
2009-07-15,29.1732,29.6059,29.0683,29.5197,7381622.7899474
2009-07-16,29.5796,30.0104,29.323,29.7997,6389908.2193614
2009-07-17,29.6106,30.2633,29.4748,30.0357,4984380.3893569
2009-07-20,30.9563,31.2663,30.5883,31.241,6025473.0023522
2009-07-21,31.7982,31.8348,30.8411,31.3244,12696040.44942
2009-07-22,30.6744,31.5051,30.6061,31.2513,9676589.6535259
2009-07-23,31.5126,32.6093,31.5051,32.2777,10378623.196774
2009-07-24,32.097,32.54,31.7711,32.3452,6204757.9119947
2009-07-27,32.6093,32.6374,31.9968,32.5194,5768699.2801413
2009-07-28,32.2459,32.5624,31.8554,32.4135,11252881.389379
2009-07-29,31.8132,31.8301,31.0771,31.4667,12932408.609915
2009-07-30,32.8144,33.1852,32.5559,32.8509,9050996.3481934
2009-07-31,32.6121,33.4034,32.4763,33.1131,6431288.4775083
2009-08-03,34.25,35.0432,34.0871,34.8737,10788600.936691
2009-08-04,34.2013,34.7848,34.1067,34.6621,8682405.2731937
2009-08-05,34.2968,34.5019,33.6169,34.3081,10194961.395584
2009-08-06,34.0758,34.2968,33.2967,33.6965,13301324.294583
2009-08-07,33.9503,34.3961,33.4399,33.8857,7084888.9768885
2009-08-10,32.8509,33.0279,32.5278,32.8846,6020866.5348878
2009-08-11,32.4763,32.6879,32.0914,32.5624,6669556.2452397
2009-08-12,32.2974,33.4877,32.2937,33.2405,11290730.449588
2009-08-13,33.9382,34.2912,33.4034,34.2163,7024084.4605952
2009-08-14,33.9288,34.0253,32.7816,33.1065,7575391.2704491
2009-08-17,31.624,31.8666,31.3094,31.6624,7827740.0503391
2009-08-18,32.1092,32.6683,31.8619,32.5194,6421717.8312674
2009-08-19,31.4873,32.6982,31.478,32.4135,7165778.7164096
2009-08-20,32.5343,32.9033,32.4987,32.6982,5182884.5405133
2009-08-21,32.8827,33.5336,32.819,33.1655,8549212.8008635
2009-08-24,34.0374,34.2847,33.4708,33.6151,5577476.422828
2009-08-25,33.7434,34.0018,32.9801,33.055,6824061.9050034
2009-08-26,32.8968,33.055,32.5278,32.9511,5620317.4244824
2009-08-27,32.9511,33.5926,32.4407,33.4821,7127066.8778717
2009-08-28,33.9382,33.9382,33.4755,33.6919,5220710.109233
2009-08-31,32.5652,32.9033,32.5652,32.7675,5539079.5838038
2009-09-01,32.9239,33.5654,32.1944,32.3077,9689375.4303961
2009-09-02,31.7926,32.2356,31.5931,32.0155,7202325.0667653
2009-09-03,32.7235,32.8509,32.1251,32.6093,8019226.6530079
2009-09-04,32.5709,32.9352,32.2937,32.8827,7354852.1024651
2009-09-08,34.5019,34.575,34.0543,34.2968,8118622.3470084
2009-09-09,34.3699,34.3961,33.7068,34.1545,10118572.411826
2009-09-10,34.0196,34.8363,33.8174,34.7651,6637013.058195
2009-09-11,35.5733,35.6735,34.8822,35.0114,8426168.6518485
2009-09-14,34.413,34.8438,34.2716,34.7604,5703653.4822604
2009-09-15,34.6162,35.2905,34.4635,35.1594,5358569.9133403
2009-09-16,35.7428,36.5323,35.5686,36.2326,9293045.1778839
2009-09-17,35.8936,36.4059,35.6595,35.7906,7208720.0907903
2009-09-18,35.5649,35.6679,35.1331,35.2165,5323089.2223563
2009-09-21,34.3268,34.575,33.5814,34.4907,7311381.1017834
2009-09-22,35.2334,35.4422,34.9234,35.2212,4830471.6269768
2009-09-23,35.342,35.3804,34.4757,34.5179,8015178.6423085
2009-09-24,34.5132,34.5179,33.3959,33.7068,7830510.9782645
2009-09-25,33.7911,34.3699,33.3959,33.7546,6813876.2088647
2009-09-28,33.9653,34.7651,33.7855,34.5544,5462095.8382523
2009-09-29,34.7754,34.9908,34.4551,34.6621,5577927.0323018
2009-09-30,34.9908,35.0114,34.0281,34.7173,9211962.1674748
2009-10-01,34.0496,34.1461,33.0063,33.0663,8862256.1141659
2009-10-02,32.5821,33.4184,32.4351,32.9389,5767584.5022014
2009-10-05,33.3397,34.0918,33.1337,34.0253,5923895.8032451
2009-10-06,34.4963,35.0311,34.3802,34.7754,5694808.9365935
2009-10-07,35.0573,35.342,34.8363,35.2792,5352095.8724881
2009-10-08,35.932,36.6203,35.6848,36.4948,8029526.6032075
2009-10-09,35.8374,36.183,35.6595,36.153,6177430.9033375
2009-10-12,36.0743,36.4424,35.9488,36.227,5244094.8188921
2009-10-13,36.0687,36.2635,35.6679,36.1221,6575461.0854285
2009-10-14,37.1373,37.6243,36.9799,37.4463,8388470.1507292
2009-10-15,37.3405,38.0298,37.1944,37.9876,12736591.030882
2009-10-16,37.4201,37.9155,37.3049,37.672,6679849.7886695
2009-10-19,37.9726,38.9204,37.7938,38.7087,8659204.224268
2009-10-20,38.7837,38.8146,38.0457,38.3819,8124933.0152315
2009-10-21,38.1,39.3868,38.0935,38.6151,11576138.161489
2009-10-22,38.3725,38.9663,37.909,38.9082,10048158.808674
2009-10-23,39.1452,39.1817,38.0101,38.3772,8189107.4924236
2009-10-26,38.7406,39.4336,37.525,37.6158,10384095.645953
2009-10-27,37.7207,37.9399,36.9893,37.0839,9446840.7539981
2009-10-28,36.6578,36.6578,34.8691,35.076,16273741.925804
2009-10-29,35.9957,36.5276,35.6651,36.3647,12754280.122216
2009-10-30,35.6126,35.7943,33.8745,34.4907,17579548.384345
2009-11-02,34.707,35.5443,34.2313,34.9636,9380248.7890129
2009-11-03,34.0281,35.1697,33.9653,35.0236,12385277.946156
2009-11-04,35.5733,35.8936,35.2062,35.327,10822086.986687
2009-11-05,35.2446,35.8861,35.1753,35.6735,7153857.8534582
2009-11-06,35.3748,36.0575,35.3017,35.7428,7532553.4721796
2009-11-09,37.0736,37.7207,36.9687,37.6046,8769234.0882912
2009-11-10,37.4351,37.8462,37.1738,37.6889,6592203.0426315
2009-11-11,38.44,38.8614,37.9371,38.1871,7671504.5627377
2009-11-12,38.2723,38.5149,37.5297,37.6421,9542210.8609934
2009-11-13,37.9726,38.7031,37.7835,38.5458,6794386.8152255
2009-11-16,39.1817,40.225,39.1311,40.0302,5914183.1402744
2009-11-17,39.6471,40.077,39.192,40.0348,7992664.1855431
2009-11-18,40.0348,40.2296,39.5207,39.8663,6314141.7600661
2009-11-19,39.3044,39.3353,38.4896,39.0037,7413368.3341557
2009-11-20,38.247,38.6872,38.0298,38.5833,5108701.6211461
2009-11-23,39.6022,39.856,39.1817,39.472,7260488.9261186
2009-11-24,39.5282,39.5722,38.8249,39.0721,8475633.1856496
2009-11-25,40.2034,40.7663,40.0302,40.7663,6051281.6065741
2009-11-27,38.6825,39.6546,38.5505,39.2819,5045161.4141611
2009-11-30,39.2566,39.7595,38.9307,39.6022,7244539.2727772
2009-12-01,40.446,41.0275,40.1884,40.6286,6456435.0488539
2009-12-02,41.1324,41.4171,40.7869,40.9695,6284713.3309244
2009-12-03,41.0275,41.3544,40.4909,40.5677,7514569.6694363
2009-12-04,41.1324,41.2598,39.3774,39.5863,13094582.105298
2009-12-07,39.2042,39.9768,39.1667,39.3774,11123780.707342
2009-12-08,38.7612,38.8024,38.0251,38.2349,8917657.5879536
2009-12-09,38.1131,38.7509,37.8659,38.6872,11073175.768522
2009-12-10,38.5936,38.8923,38.262,38.44,7213395.9649271
2009-12-11,38.9888,39.1246,38.602,38.7883,6604287.2782119
2009-12-14,39.2716,39.7202,39.0721,39.5244,4934810.1438546
2009-12-15,38.9756,39.6162,38.8558,39.0037,4416360.452764
2009-12-16,39.192,39.5469,39.0974,39.2229,5206682.4868225
2009-12-17,38.5729,38.6872,37.9202,38.0251,5581705.9586709
2009-12-18,38.5289,38.7509,37.9399,38.5505,7913896.1546108
2009-12-21,38.5364,38.9354,38.0419,38.1478,6306952.2965896
2009-12-22,38.3519,38.6404,38.0616,38.5364,3752597.7487342
2009-12-23,38.7883,39.708,38.7153,39.5722,5757607.0260802
2009-12-24,39.6284,40.0508,39.5656,39.929,1655886.2400861
2009-12-28,40.3654,40.4656,39.6986,39.8663,3238141.6108001
2009-12-29,40.7869,40.8646,40.0189,40.1566,4174623.4192024
2009-12-30,39.8813,40.6501,39.8429,40.4713,2697431.5981451
2009-12-31,40.6904,40.8768,40.2624,40.2755,1887605.221318
2010-01-04,41.4977,41.8695,41.4752,41.847,5735530.3652491
2010-01-05,41.6278,42.1279,41.5557,41.8526,7882008.5936725
2010-01-06,41.9275,42.7488,41.847,42.5437,6627409.3103104
2010-01-07,42.186,42.3115,41.6803,42.171,5761243.9357194
2010-01-08,42.1757,42.805,41.9809,42.7488,4253828.178274
2010-01-11,43.4746,43.5158,42.422,43.0214,6824991.9544149
2010-01-12,41.802,42.0015,41.1755,41.5333,7256636.3218971
2010-01-13,42.1176,42.1963,41.3385,42.1326,6728402.4255735
2010-01-14,42.5587,42.8022,42.216,42.4492,6409582.3415289
2010-01-15,42.3958,42.4492,41.4977,41.6803,5510776.6105517
2010-01-19,42.0586,42.7423,42.0586,42.6168,7127152.3014686
2010-01-20,41.1877,41.287,40.6726,41.1025,8799816.8037863
2010-01-21,40.6042,40.917,39.0787,39.2987,13434415.326392
2010-01-22,38.8361,39.5507,38.3351,38.5046,10536519.105541
2010-01-25,39.1714,39.4982,38.7977,38.882,5865107.2838392
2010-01-26,38.3042,38.9354,37.9829,38.3988,7589473.3504027
2010-01-27,38.2302,38.5149,37.657,38.2096,10181155.874526
2010-01-28,38.3988,38.499,37.0577,37.746,12556395.292137
2010-01-29,37.657,37.9989,36.183,36.4855,11420167.487038
2010-02-01,37.1326,37.967,36.9378,37.9202,10223244.080732
2010-02-02,38.3042,39.1555,37.967,38.9831,16398993.207005
2010-02-03,38.3622,38.7706,38.0101,38.2143,7341228.10655
2010-02-04,37.2,37.4257,35.9067,35.9807,14768207.623081
2010-02-05,35.8795,36.4667,34.9805,36.3956,12498502.652704
2010-02-08,36.1258,36.6428,35.6173,35.7128,6557132.3849127
2010-02-09,36.788,37.8631,36.6578,37.4257,10378083.960319
2010-02-10,36.8526,37.1476,36.1483,36.4948,9348591.8717863
2010-02-11,37.2,38.2892,36.8741,38.2096,10162915.800992
2010-02-12,37.3302,38.0832,37.1204,37.9371,8265487.9338219
2010-02-16,38.7031,39.2135,38.4774,39.2135,7517203.9196066
2010-02-17,39.7501,39.8129,38.8146,39.0496,9342950.7110042
2010-02-18,39.0833,39.62,38.9204,39.4945,9658656.0371458
2010-02-19,38.8361,39.6986,38.8024,39.4149,10663564.282277
2010-02-22,39.7249,39.7773,39.3671,39.4196,8213829.0813746
2010-02-23,39.4289,39.6518,38.499,38.6151,16929574.116654
2010-02-24,38.44,38.9447,38.2246,38.6207,13048241.939555
2010-02-25,37.3302,38.1309,37.1785,38.1,11120004.984358
2010-02-26,38.1,38.6076,37.5362,38.5673,8604629.2237807
2010-03-01,38.6469,39.5778,38.5458,39.487,8199743.7980361
2010-03-02,39.5282,40.1697,39.4196,39.797,8477528.5217065
2010-03-03,40.092,40.755,39.9871,40.1819,9055703.1883842
2010-03-04,40.4319,40.5724,39.7501,40.1613,7832226.9247678
2010-03-05,40.8711,41.8339,40.8234,41.6419,10254306.236165
2010-03-08,42.1645,42.3377,41.6962,41.7103,6962325.3356061
2010-03-09,41.1062,41.7702,41.1062,41.4799,6349569.061302
2010-03-10,41.6541,41.9856,41.2504,41.5969,8679189.0747693
2010-03-11,41.1755,41.2963,40.7803,41.287,5008286.1829572
2010-03-12,41.5426,41.6391,41.1558,41.2598,4115997.2046307
2010-03-15,40.8646,40.977,40.3898,40.8974,4344288.5640359
2010-03-16,41.1493,41.5969,41.1118,41.581,6614617.1266704
2010-03-17,42.1008,42.4173,41.8741,42.0015,7715505.1897203
2010-03-18,42.2075,42.4538,41.5557,41.728,6721405.1651901
2010-03-19,41.8432,41.9125,40.6127,40.917,5723876.4510382
2010-03-22,40.3617,41.4546,40.3252,41.3862,5728992.2566992
2010-03-23,41.7852,42.2684,41.5585,42.2216,7464210.3234574
2010-03-24,41.4021,41.6962,41.1118,41.2083,6014656.2393912
2010-03-25,41.7234,41.9697,40.8131,40.8974,8141365.3118955
2010-03-26,41.3862,41.7487,40.962,41.3338,6332144.7831187
2010-03-29,41.9856,42.496,41.6803,42.481,8934917.4257129
2010-03-30,42.9642,43.0438,42.334,42.658,6537402.7374072
2010-03-31,42.2553,42.6065,42.1008,42.2422,7413201.7581417
2010-04-01,43.2321,43.5102,43.1057,43.4213,6456535.4215803
2010-04-05,43.6217,43.7575,43.3051,43.5786,4506066.975283
2010-04-06,43.499,43.647,43.1422,43.2958,6392058.758414
2010-04-07,42.864,43.0167,42.1392,42.4857,10951593.430809
2010-04-08,42.1008,42.9071,41.847,42.791,5004737.9002998
2010-04-09,43.0438,43.3529,42.8949,43.2845,4884923.8310436
2010-04-12,43.2321,43.3641,42.9071,43.0317,4070669.3085108
2010-04-13,42.88,42.9858,42.2647,42.8022,5287410.9893043
2010-04-14,43.3229,43.6582,43.2021,43.5786,4253602.8735371
2010-04-15,43.0214,43.4213,42.7957,42.8481,5829902.0839553
2010-04-16,42.4632,42.7217,41.3975,41.6484,8263286.140611
2010-04-19,41.0275,41.4799,40.7073,41.3478,7080998.9998434
2010-04-20,41.847,42.0268,41.3656,41.7374,7985348.7222612
2010-04-21,41.1165,41.4124,40.8234,41.2654,7614804.6502767
2010-04-22,40.5012,41.36,40.3448,41.3085,7012749.8170778
2010-04-23,40.4984,41.1249,40.4132,41.0753,7614415.9729107
2010-04-26,41.5333,41.685,41.1558,41.1877,5179617.0879308
2010-04-27,40.446,40.6904,39.2088,39.3868,11267151.401246
2010-04-28,39.7455,39.9412,39.1096,39.8091,11638599.895563
2010-04-29,40.1135,40.2034,39.6097,39.7595,7441572.0024765
2010-04-30,39.0974,39.2603,38.2049,38.2836,13558699.185358
2010-05-03,38.2779,38.3238,37.1841,37.5737,16023274.600637
2010-05-04,36.3103,37.4688,35.7063,36.0275,18690602.923224
2010-05-05,35.7803,36.8058,35.7316,36.4059,13089397.96076
2010-05-06,36.0575,36.4002,32.6093,34.0543,21535933.733706
2010-05-07,35.2165,35.4778,33.5551,34.7014,14293606.932089
2010-05-10,37.4032,37.5419,36.5698,36.9584,14796830.934822
2010-05-11,35.637,36.4424,35.5733,35.8571,11241429.288416
2010-05-12,35.9273,36.0968,35.637,36.0903,12378970.481318
2010-05-13,36.4105,36.7468,35.9423,36.1362,8551466.9160275
2010-05-14,35.4422,35.533,34.4214,34.9168,13206306.559925
2010-05-17,34.8241,35.0311,33.7022,34.486,11620676.957133
2010-05-18,34.9234,35.371,33.6703,33.6759,12349407.510011
2010-05-19,33.1065,33.5617,32.4042,33.1431,14179599.531834
2010-05-20,31.2551,32.0558,30.7306,31.0856,20226609.958561
2010-05-21,31.64,33.0719,31.4723,32.8846,16047012.750428
2010-05-24,32.7497,33.0129,32.289,32.3452,9568373.9731425
2010-05-25,31.2925,32.4557,30.9198,32.4079,12241227.066861
2010-05-26,32.9801,34.2163,32.5709,32.6982,17184950.095261
2010-05-27,34.6274,35.2006,34.2294,35.2006,12387143.383954
2010-05-28,34.6696,34.9234,33.7855,34.103,7156369.3072079
2010-06-01,33.5748,34.3381,32.9239,32.9455,7200834.4249989
2010-06-02,33.2967,34.133,33.0607,34.133,7380971.4350208
2010-06-03,34.3446,34.353,32.9033,33.5074,10825836.014797
2010-06-04,32.156,32.5624,31.183,31.4021,16361145.214591
2010-06-07,31.64,31.7758,30.7053,30.7362,8844786.9885941
2010-06-08,31.5725,32.4238,31.2925,32.4042,11103454.162453
2010-06-09,32.7301,33.2854,32.1944,32.3658,13447409.32328
2010-06-10,34.3446,34.5544,33.8651,34.428,11087652.932611
2010-06-11,33.8548,34.4074,33.7761,34.3334,6093279.0502087
2010-06-14,35.3055,35.5162,34.5019,34.6396,8098416.4629501
2010-06-15,35.2006,35.7531,34.973,35.6735,6255245.3933691
2010-06-16,35.2792,35.6848,35.0002,35.4834,6740387.3562225
2010-06-17,35.6679,35.7063,34.8185,35.253,7838590.9827389
2010-06-18,35.6061,35.7531,35.3176,35.6735,6358988.0806583
2010-06-21,37.274,37.3929,36.2944,36.5051,9821526.8026386
2010-06-22,36.4855,36.8526,35.7157,35.8496,8839886.8775153
2010-06-23,36.301,36.8104,35.7578,36.6119,11628858.402128
2010-06-24,36.079,36.2532,35.5686,35.7531,8795251.9803255
2010-06-25,35.2839,35.932,34.8438,35.7578,11454587.857626
2010-06-28,35.6651,35.7644,34.9234,35.0845,6076991.9736595
2010-06-29,34.191,34.3961,33.0438,33.3276,11497609.316628
2010-06-30,32.6411,33.5186,32.4042,32.6074,13517849.621307
2010-07-01,33.0129,33.1506,32.0464,32.8293,10755394.648975
2010-07-02,33.4559,33.5654,32.658,32.9801,6075052.8580092
2010-07-06,33.8136,34.3165,33.2283,33.5748,8511374.4186043
2010-07-07,33.6703,34.7127,33.6085,34.7127,7120076.0242581
2010-07-08,35.2633,35.2633,34.5019,35.106,6300358.6627018
2010-07-09,35.1425,35.7644,35.076,35.6801,5384743.7034391
2010-07-12,35.1013,35.3382,34.5272,34.8588,7643561.4363875
2010-07-13,35.4956,35.6005,35.1538,35.3542,7461129.7349931
2010-07-14,35.0545,35.5274,34.9056,35.327,4453320.0397699
2010-07-15,35.6595,35.7128,34.7492,35.5021,7956783.0714485
2010-07-16,35.3645,35.3804,34.3165,34.4635,7275734.9025803
2010-07-19,34.7688,35.0432,34.3699,34.7276,5346530.5251483
2010-07-20,34.9234,36.4312,34.811,36.3647,8698273.774118
2010-07-21,36.6428,36.8058,35.7644,35.9208,9778733.8517576
2010-07-22,37.0146,37.5774,36.9996,37.289,9206570.8707137
2010-07-23,37.4632,37.7638,37.0876,37.6945,8980308.3217355
2010-07-26,37.5943,38.2246,37.3986,37.8209,5560843.3807112
2010-07-27,38.4896,38.5289,37.495,37.7835,9219348.1052242
2010-07-28,38.0101,38.3238,37.7891,37.909,8744206.0421862
2010-07-29,38.5046,38.8024,37.8312,38.0785,6835647.4803367
2010-07-30,37.362,38.1843,37.362,37.9876,6914757.2056568
2010-08-02,39.2042,39.7829,39.014,39.5469,8577499.7571913
2010-08-03,39.4196,39.6097,39.0365,39.3128,5286822.6342805
2010-08-04,39.2088,39.5909,38.9401,39.4608,4285559.8411479
2010-08-05,39.4982,39.6668,39.1985,39.472,5417453.4664978
2010-08-06,39.4814,40.1135,39.236,39.7146,6765213.5890797
2010-08-09,39.9412,40.0554,39.5975,39.8494,4530042.1755558
2010-08-10,38.5626,39.1611,38.2779,38.8886,7351787.5309253
2010-08-11,37.451,37.5419,37.0212,37.2534,7521928.9123117
2010-08-12,36.6737,37.51,36.6737,37.3096,4260587.3203809
2010-08-13,37.5681,37.909,37.4257,37.4894,3852873.3057831
2010-08-16,37.51,38.1309,37.4164,37.8359,4167239.6170429
2010-08-17,37.0876,37.3012,36.7252,36.9256,15269097.426028
2010-08-18,36.3768,36.3768,35.7531,35.8571,10800119.240942
2010-08-19,36.0378,36.183,35.1472,35.4216,6928570.20128
2010-08-20,35.0573,35.5059,34.9496,35.4684,5179354.4103703
2010-08-23,35.976,36.1099,35.2633,35.3055,6362961.3457104
2010-08-24,34.7127,34.9702,34.2397,34.4074,9477740.6045969
2010-08-25,34.133,34.5853,33.734,34.4551,8133615.2560643
2010-08-26,34.9,35.371,34.4757,34.6078,6882042.1036233
2010-08-27,34.8691,35.46,34.0599,35.4338,8860927.7772337
2010-08-30,35.5087,35.637,34.9496,34.973,4243202.5506111
2010-08-31,34.7511,35.4066,34.6761,34.973,6985200.7070685
2010-09-01,36.1315,36.9378,36.0434,36.89,8512898.1620145
2010-09-02,36.7252,36.9415,36.5098,36.92,4456567.2042481
2010-09-03,37.4566,37.6767,37.1204,37.2365,5067132.363291
2010-09-07,36.6578,36.7936,36.3047,36.67,7486942.6103949
2010-09-08,36.5847,37.053,36.5211,36.6999,3885192.2558859
2010-09-09,37.6421,37.6767,36.9256,37.0998,5579469.9960213
2010-09-10,37.0802,37.3574,36.9415,37.1513,3625980.7577776
2010-09-13,37.8846,38.499,37.8359,38.3566,8103443.6416293
2010-09-14,38.2986,38.9663,38.1927,38.6778,6979746.4104046
2010-09-15,38.5364,38.6404,38.3192,38.6151,7204935.8254464
2010-09-16,38.1927,38.7462,38.1843,38.5289,5016379.0009712
2010-09-17,38.4306,38.557,38.0251,38.1478,5155813.8026468
2010-09-20,38.4521,38.9719,38.2517,38.882,5844970.8064534
2010-09-21,38.7031,39.0243,38.1871,38.66,5762829.6112373
2010-09-22,39.4083,39.7501,39.0618,39.192,6865935.4844225
2010-09-23,38.734,39.442,38.6338,38.9504,4161672.1341131
2010-09-24,39.8391,40.0508,39.7202,39.9449,4188539.9909369
2010-09-27,40.0995,40.0995,39.7295,39.8035,2506547.2318346
2010-09-28,39.7829,40.5977,39.324,40.4825,6109472.1608014
2010-09-29,40.0077,40.4909,39.9768,40.2755,4762208.5628766
2010-09-30,40.5724,40.8908,39.8485,40.1416,7962224.5545728
2010-10-01,40.8608,40.977,40.4909,40.8608,6260570.4868426
2010-10-04,40.5855,40.6904,39.929,40.1697,6418350.0059586
2010-10-05,40.7119,41.287,40.5171,41.1277,7268449.3375573
2010-10-06,41.847,42.3911,41.7852,42.1204,7268013.677213
2010-10-07,42.702,42.7526,41.5023,41.9584,7500024.1664694
2010-10-08,42.3115,42.9905,42.2075,42.8949,5347448.8288153
2010-10-11,42.7704,42.9127,42.4267,42.6318,3534694.9665104
2010-10-12,41.8873,42.2375,41.4546,42.1963,6006012.439177
2010-10-13,43.0747,43.4625,42.9998,43.1263,6594524.428878
2010-10-14,43.5945,43.8427,43.1684,43.5158,8325288.7228513
2010-10-15,43.7462,43.9008,42.7704,43.3435,7666355.6554328
2010-10-18,42.5747,43.3641,42.4426,43.2639,4896868.185484
2010-10-19,41.9163,42.0184,41.2701,41.4078,9754268.5335974
2010-10-20,42.1326,42.938,42.038,42.7779,7746767.0228111
2010-10-21,43.0111,43.3688,42.053,42.5025,6038578.0499159
2010-10-22,42.6898,42.7751,42.3218,42.555,3883673.8514505
2010-10-25,43.6685,43.9204,43.4859,43.5533,6009804.1790857
2010-10-26,42.9792,43.3173,42.8322,43.2265,5363188.1265492
2010-10-27,42.3012,42.4754,41.8058,42.4538,6440577.2258792
2010-10-28,43.4119,43.7003,42.9483,43.5692,7080113.7978202
2010-10-29,43.3566,43.6357,43.1965,43.4325,3680049.6234532
2010-11-01,43.9729,44.3128,43.6217,43.8324,3503672.3194911
2010-11-02,44.7043,44.8522,44.5263,44.6574,3753279.0019197
2010-11-03,44.6256,45.2737,44.4214,45.2737,6608824.3390037
2010-11-04,47.2197,48.0457,47.171,47.9652,13268280.311702
2010-11-05,47.998,48.6011,47.8631,48.4597,7440757.2749208
2010-11-08,47.5962,47.8435,47.3874,47.8435,5796946.7280554
2010-11-09,48.5018,48.7135,46.7356,46.9528,6851896.1162674
2010-11-10,46.7459,47.3555,46.2514,47.1813,6202672.5084347
2010-11-11,46.8826,47.1776,46.6297,47.1242,5556712.0820047
2010-11-12,46.2561,46.6915,45.3776,45.7419,4718479.1558142
2010-11-15,46.4406,46.7234,46.0351,46.1184,7905477.6591335
2010-11-16,45.4301,45.4675,44.3437,44.7258,8553671.9126232
2010-11-17,44.4467,45.1678,44.4158,44.7211,5099827.1772202
2010-11-18,45.594,46.0763,45.505,45.8899,4443935.1898524
2010-11-19,44.9852,45.6192,44.7408,45.4891,4496089.4991618
2010-11-22,44.9618,45.5462,44.7305,45.5406,4675607.188106
2010-11-23,44.3568,44.4111,43.6685,43.8099,7468606.4353143
2010-11-24,44.0993,44.7726,44.0993,44.7586,5192579.0509697
2010-11-26,43.9111,44.2435,43.7462,43.8483,3012653.2131691
2010-11-29,43.3847,44.0731,42.9586,43.9363,7058411.9330207
2010-11-30,42.9099,43.9701,42.8931,43.3398,6837895.1887309
2010-12-01,44.4833,45.0686,44.3952,44.9721,8006270.0289438
2010-12-02,45.2737,46.3619,45.2559,45.9817,6265131.0391236
2010-12-03,45.8674,46.7178,45.8599,46.6335,3556079.6962064
2010-12-06,46.6185,46.8152,46.4668,46.6653,3353563.8393793
2010-12-07,48.0457,48.0776,46.6616,46.7299,6597194.9840769
2010-12-08,46.8667,46.8714,45.6885,46.1774,7875784.4168414
2010-12-09,46.9987,47.0343,46.4986,46.9931,6289604.8996435
2010-12-10,46.9594,47.334,46.6784,47.2282,3525890.997052
2010-12-13,47.6084,48.3548,47.5391,47.9071,5493963.1110863
2010-12-14,47.6814,48.1544,47.4876,47.7798,3535141.3048044
2010-12-15,47.0821,47.7077,46.7665,46.876,4214070.9684687
2010-12-16,46.7955,47.2694,46.6485,47.1739,5163940.7900996
2010-12-17,46.9388,47.0193,46.567,46.876,4084180.1181599
2010-12-20,47.128,47.2076,46.6503,46.8873,2701209.4567192
2010-12-21,47.6814,48.0073,47.5335,47.85,4162858.4543154
2010-12-22,48.0233,48.3698,47.998,48.2977,2166869.9088051
2010-12-23,48.3342,48.5599,48.19,48.5599,3605066.9256597
2010-12-27,48.308,48.308,47.4969,47.8285,2963096.8490012
2010-12-28,48.3548,48.4756,48.1544,48.3295,2078107.3170322
2010-12-29,48.7659,49.0141,48.5945,48.809,2241500.2342613
2010-12-30,48.7987,49.2079,48.6301,48.8558,2014047.0939009
2010-12-31,48.3707,49.0328,48.3286,48.8708,1301941.0407796
2011-01-03,49.2979,49.4009,48.7968,48.8661,2127958.3926094
2011-01-04,48.7818,48.8062,47.5662,48.0401,5982688.5938308
2011-01-05,47.171,48.0401,46.9472,47.5962,5715959.8191929
2011-01-06,47.6665,47.6665,46.7178,46.7665,5022808.194435
2011-01-07,46.7777,47.0193,46.1259,46.5042,4277165.9049547
2011-01-10,46.3301,46.7665,46.0557,46.6915,2923794.5198496
2011-01-11,46.876,47.1776,46.7084,46.9126,5905729.4075634
2011-01-12,47.6665,48.0542,47.2825,47.8968,5730292.8309624
2011-01-13,48.0776,48.1769,47.5503,47.6964,4560783.9925003
2011-01-14,47.2975,47.6814,47.1514,47.6309,2567656.0696921
2011-01-18,47.9174,48.2724,47.8603,48.1413,3554702.2407059
2011-01-19,48.1057,48.2265,47.4623,47.6468,5995860.9124771
2011-01-20,46.6297,46.6297,45.7991,46.3235,7988908.7506632
2011-01-21,46.7964,46.9472,46.051,46.3937,4227654.3881753
2011-01-24,46.4349,47.4127,46.3937,47.3555,5490859.0311329
2011-01-25,46.5558,46.5885,45.9414,46.493,6292899.0471
2011-01-26,47.0615,47.7189,46.9875,47.6665,4938914.7476869
2011-01-27,47.5925,47.6814,46.7178,46.9762,3497555.989951
2011-01-28,46.272,46.4874,45.4825,45.8599,5732064.3028037
2011-01-31,46.2814,46.8789,46.2495,46.8245,5299153.5304971
2011-02-01,47.5297,48.1825,47.467,48.0972,6232666.8689061
2011-02-02,48.6067,49.2904,48.5018,48.9963,7737164.3427214
2011-02-03,49.3025,49.7193,48.8558,49.6912,6131046.9580005
2011-02-04,49.4702,49.8017,48.9645,49.5863,4707233.1392787
2011-02-07,49.7802,50.1688,49.5751,50.0424,7948510.863881
2011-02-08,49.8953,50.475,49.7708,50.3271,6082504.9990462
2011-02-09,49.5919,49.812,48.9766,49.3053,4886556.4895398
2011-02-10,48.8474,49.34,48.7772,49.1171,4231323.3316633
2011-02-11,48.971,49.5751,48.8586,49.2904,2846573.7238166
2011-02-14,49.7371,50.6118,49.6444,50.3018,4983225.0352085
2011-02-15,49.6743,50.211,49.3896,49.7324,4677963.8115863
2011-02-16,48.7388,49.2164,48.6826,49.0712,6219166.7372066
2011-02-18,48.5655,48.9092,48.3857,48.5945,6934152.6333393
2011-02-22,48.9851,49.4271,48.2546,48.4428,10189173.946892
2011-02-23,48.3501,48.6282,47.8875,48.5758,14769345.89251
2011-02-24,48.6067,48.7603,47.8229,48.2593,9124959.3017986
2011-02-25,49.1658,49.4589,48.6189,49.3887,6556525.8773745
2011-02-28,49.8673,50.0208,49.4898,49.7539,8974112.9753683
2011-03-01,49.989,50.0677,48.9785,49.0525,7413401.4357996
2011-03-02,49.3784,49.9056,49.1976,49.665,7087751.7351806
2011-03-03,50.4348,50.5481,50.0583,50.4975,6425483.944097
2011-03-04,50.5518,50.7204,50.004,50.3655,4684690.9198443
2011-03-07,50.7579,50.8384,49.4524,49.6874,6826365.1387355
2011-03-08,49.2941,49.6874,48.8558,49.6191,7234872.5249898
2011-03-09,49.3625,49.4627,48.7893,48.9785,6160002.3539742
2011-03-10,47.2694,47.3602,46.7009,46.9051,10370344.582437
2011-03-11,46.8657,47.6945,46.8227,47.5831,5642485.9156801
2011-03-14,46.8273,47.3022,46.6438,47.2797,6467249.676225
2011-03-15,44.9234,46.3769,44.7989,46.1793,9429858.5429288
2011-03-16,45.8412,46.3572,44.5348,45.0817,14708224.241113
2011-03-17,46.3769,46.8929,46.1493,46.4087,7431798.475193
2011-03-18,47.5513,47.5775,46.7646,47.0352,7173157.1795942
2011-03-21,47.8678,47.8865,47.2048,47.5831,5833410.8581991
2011-03-22,47.5335,47.5831,46.9594,47.1158,6590419.8250456
2011-03-23,47.5719,47.9708,47.1888,47.8116,8069191.982646
2011-03-24,48.2565,48.5177,47.6412,48.4709,7378472.7948107
2011-03-25,48.0233,48.3801,47.8378,48.1553,6838922.4074839
2011-03-28,48.2415,48.6189,48.0813,48.1094,5639596.4625141
2011-03-29,48.6442,49.3447,48.3052,49.2819,5060559.0175074
2011-03-30,50.3711,50.3964,49.7876,50.137,6037305.2383217
2011-03-31,50.5256,51.331,50.4601,50.9236,6580256.5526011
2011-04-01,51.0838,51.5558,50.8225,51.434,6281700.0135428
2011-04-04,51.9969,52.1617,51.7618,51.9969,4296255.9432782
2011-04-05,51.8892,52.5007,51.8255,52.2572,5087405.5184319
2011-04-06,52.7245,52.9315,52.4736,52.8884,8394036.565864
2011-04-07,52.6009,53.0804,52.2881,52.659,7856993.3611071
2011-04-08,53.7275,54.0413,53.4944,53.8137,6851084.5920966
2011-04-11,55.1454,55.5509,54.3147,54.5348,12154046.947222
2011-04-12,53.78,53.898,53.0476,53.249,13058137.195464
2011-04-13,53.5627,53.735,52.8472,53.2424,13983930.3763
2011-04-14,52.8884,53.4569,52.8313,53.3342,10577225.585067
2011-04-15,52.6543,53.1066,52.5504,53.0064,8745361.3963347
2011-04-18,52.1814,52.437,51.3432,52.0381,10379167.772205
2011-04-19,52.5625,52.7067,51.8798,52.2722,8951122.2820501
2011-04-20,53.3829,53.8174,53.2555,53.706,6736256.057516
2011-04-21,54.5461,54.5676,53.9767,54.2951,4772097.412016
2011-04-25,54.3765,54.4758,53.7154,53.9579,2533677.766219
2011-04-26,53.8661,54.3391,53.4944,54.2389,4855702.5541244
2011-04-27,53.7538,53.8249,52.7508,53.7275,7680338.430455
2011-04-28,53.1909,54.281,53.1544,53.6648,4301510.5622842
2011-04-29,53.4251,53.9598,52.9634,53.7725,6412883.9635501
2011-05-02,53.3342,54.0413,52.9634,53.1965,5580644.5704791
2011-05-03,52.3415,52.6712,51.6822,52.1299,5939372.4234185
2011-05-04,51.9135,51.9482,50.8562,51.1315,6877840.3304494
2011-05-05,50.5518,50.8562,49.3353,49.6874,13903888.465979
2011-05-06,50.8384,51.5511,50.2175,50.7204,8524222.1275823
2011-05-09,50.6211,51.4715,50.461,51.4303,5690731.0276352
2011-05-10,51.3057,51.7094,51.0463,51.6719,5301075.5614279
2011-05-11,51.4181,51.4649,50.0583,50.4928,11952770.800345
2011-05-12,49.5273,50.181,49.2389,49.9525,13510432.717503
2011-05-13,49.9628,50.0892,48.7341,49.1976,8841698.9255652
2011-05-16,49.4739,50.3711,49.266,49.4589,9009385.4463348
2011-05-17,49.252,49.8719,48.9944,49.8438,7547980.9737848
2011-05-18,49.6968,50.4666,49.5741,50.3711,7222980.4925025
2011-05-19,50.5987,50.8056,49.6275,49.9253,13207727.795019
2011-05-20,49.6968,49.93,49.133,49.4898,8488683.7756703
2011-05-23,47.9905,48.4232,47.8172,48.0916,8211773.5760735
2011-05-24,49.0478,49.266,48.662,48.8315,4733522.2512333
2011-05-25,48.3951,49.1386,48.3951,48.9204,6860870.9329196
2011-05-26,49.3447,49.93,49.2033,49.7502,5969776.8171551
2011-05-27,50.255,50.5884,49.9178,50.1641,4911297.2988001
2011-05-31,50.9077,50.9789,50.121,50.6801,4786331.1188542
2011-06-01,50.5781,50.6324,49.4093,49.4833,5802876.1934772
2011-06-02,49.1293,49.547,48.7079,49.3934,5636615.1789813
2011-06-03,48.1619,49.1555,48.1413,48.7846,4941188.0831602
2011-06-06,49.0843,49.252,48.3801,48.5121,4160429.2207778
2011-06-07,49.236,49.7502,49.1293,49.1976,5265918.4123173
2011-06-08,48.2143,48.6236,48.0186,48.1141,6172993.1474771
2011-06-09,48.4484,49.133,48.3211,48.9532,4622707.5579134
2011-06-10,48.1787,48.3417,47.525,47.6786,6442381.7993643
2011-06-13,47.9764,48.1984,47.3022,47.7779,5792704.378673
2011-06-14,48.5945,49.1976,48.5758,48.9598,4697195.8666396
2011-06-15,48.0186,48.3304,47.0886,47.3181,8136943.5729596
2011-06-16,47.1532,47.4932,46.4162,46.9706,6482396.3477553
2011-06-17,47.54,47.7479,46.8976,47.0315,4978273.6699715
2011-06-20,46.5942,47.3321,46.5408,47.2169,5965240.8241582
2011-06-21,47.6627,48.3052,47.5513,48.0813,6011604.4813909
2011-06-22,47.6833,48.2518,47.5091,47.5335,3878241.9784808
2011-06-23,46.5857,46.9669,45.8571,46.9388,9146661.1665981
2011-06-24,47.5719,47.6833,46.9772,47.0624,5886618.0133407
2011-06-27,47.1635,47.6468,46.8021,47.4173,5819723.8623813
2011-06-28,47.7517,48.5074,47.6992,48.4709,7976642.9899393
2011-06-29,49.0029,49.5807,48.6882,49.2304,7402088.1481814
2011-06-30,49.6856,50.4451,49.6575,50.2606,5755304.860143
2011-07-01,50.1641,50.7803,49.8354,50.6951,5739794.0705308
2011-07-05,50.3814,50.8019,50.2653,50.343,4826455.6501262
2011-07-06,50.1969,50.6249,49.9543,50.4882,5205325.3194263
2011-07-07,51.3001,51.7159,51.228,51.4116,5533338.0502953
2011-07-08,50.6567,50.9293,50.2334,50.9021,6765396.1820181
2011-07-11,49.7755,50.048,49.34,49.5161,4254372.7537044
2011-07-12,48.9532,49.5985,48.6985,49.0029,5243181.8541999
2011-07-13,49.4524,50.4722,49.4093,49.944,5197203.6709484
2011-07-14,49.8438,50.0845,48.809,49.0113,7968557.64649
2011-07-15,48.41,48.7622,48.1169,48.3745,5910340.1462076
2011-07-18,47.7639,47.8275,47.3181,47.6131,6229599.0939814
2011-07-19,48.3604,48.8539,48.3379,48.8268,5840078.1699393
2011-07-20,49.4589,49.6228,48.9785,49.4898,4844544.0967757
2011-07-21,49.5161,50.3814,49.4149,50.3496,6998822.5673936
2011-07-22,50.1173,50.2269,49.7979,49.9956,4110415.8403664
2011-07-25,49.5161,50.1173,49.4627,49.8438,4390809.1871279
2011-07-26,50.0826,50.4273,49.7914,50.1107,4735108.9945462
2011-07-27,50.3814,50.4245,49.1658,49.3447,7219565.6842153
2011-07-28,48.9195,49.6163,48.8399,48.9785,5582457.6863239
2011-07-29,48.366,49.0665,47.9502,48.6236,5171309.6431296
2011-08-01,49.266,49.34,47.5775,48.1825,8431890.9650477
2011-08-02,47.0577,47.4014,46.4865,46.4958,9043591.1901347
2011-08-03,46.1793,46.3141,44.9047,46.0528,10585472.165556
2011-08-04,43.868,44.2192,42.5831,42.614,14948772.818883
2011-08-05,43.5617,43.9232,40.7737,42.0324,17298298.666024
2011-08-08,39.9552,40.5864,38.1393,38.1777,16236065.848379
2011-08-09,41.0987,42.1214,38.9457,42.0924,18954606.68512
2011-08-10,40.8533,41.1661,39.8485,39.9234,16164812.958387
2011-08-11,40.992,42.998,40.5612,42.5091,13254008.164245
2011-08-12,43.1422,43.4091,42.5737,42.8612,6924819.0375799
2011-08-15,44.0028,44.4776,43.7687,44.4336,4647191.0285879
2011-08-16,43.366,44.2444,43.0785,43.6207,7147296.2534192
2011-08-17,44.4776,45.0124,43.8539,44.3437,7354532.8317716
2011-08-18,42.4201,42.5288,41.272,41.9257,11181054.025697
2011-08-19,41.02,42.4304,41.02,41.2195,10006763.601397
2011-08-22,42.5578,42.6477,41.1839,41.2982,9811379.5471186
2011-08-23,41.8732,42.9895,41.5127,42.968,9078192.0180704
2011-08-24,42.8556,43.4906,42.3564,42.9951,6716475.1558524
2011-08-25,43.5308,43.7687,42.0221,42.26,7586636.2191897
2011-08-26,42.3368,43.6751,41.5932,43.5308,8777435.8213912
2011-08-29,44.4439,44.959,44.2875,44.9478,4565161.9518428
2011-08-30,44.3156,44.915,44.03,44.6556,7662971.8131995
2011-08-31,45.4404,45.8009,44.8288,45.2371,6823425.4992062
2011-09-01,45.1819,45.5921,44.7661,44.8167,5122614.9894957
2011-09-02,43.6694,44.0253,43.2433,43.5402,2846069.7245948
2011-09-06,41.6185,42.9258,41.6026,42.7872,9127967.2802054
2011-09-07,43.809,44.5591,43.6591,44.5198,5484372.1767412
2011-09-08,43.6057,44.1761,43.1637,43.3417,6625863.143206
2011-09-09,42.3555,42.5981,41.2411,41.5548,7368954.470523
2011-09-12,40.8487,41.5585,40.2662,41.3703,6822876.652596
2011-09-13,41.2841,41.9491,40.8318,41.8667,6653539.3208157
2011-09-14,41.7533,42.1776,40.6586,41.7084,6111174.2259702
2011-09-15,42.4688,42.5868,41.8348,42.4211,5305575.2493961
2011-09-16,42.8041,42.8069,42.0334,42.4632,4354459.3110451
2011-09-19,40.8,41.3806,40.2502,41.1324,7417585.0564591
2011-09-20,41.1924,41.5642,40.6445,40.7035,5728932.4601814
2011-09-21,40.5256,40.5256,38.7303,38.7481,11232623.183368
2011-09-22,36.787,36.7992,35.4403,36.2298,18497571.221246
2011-09-23,35.8683,37.0193,35.8299,36.4752,10645838.885915
2011-09-26,36.6044,37.2937,35.5546,37.1972,9001710.1361509
2011-09-27,38.5439,39.1957,37.9886,38.2424,11009151.850419
2011-09-28,38.2424,38.381,36.551,36.5894,9435389.7208299
2011-09-29,37.7638,37.7732,36.0444,36.7926,10757770.492764
2011-09-30,35.8393,36.6587,35.6211,35.7737,7807314.2005187
2011-10-03,35.2371,36.0565,34.678,34.6874,7803449.8505526
2011-10-04,34.2266,36.1249,33.6769,36.0809,15915662.224407
2011-10-05,36.6044,37.4276,36.168,37.3499,12860856.737333
2011-10-06,37.8593,38.882,37.6177,38.6563,11828509.365074
2011-10-07,39.486,39.6256,38.0073,38.5168,9434221.5531419
2011-10-10,39.9599,40.5031,39.8916,40.4825,5870276.4792484
2011-10-11,39.5329,40.0405,39.2706,39.8681,7501750.7909223
2011-10-12,41.0687,41.8161,40.9236,41.0257,9418012.4256248
2011-10-13,40.5115,41.0097,39.9487,40.9311,6871630.0349527
2011-10-14,41.6934,41.8667,41.1502,41.8395,5958635.4445258
2011-10-17,41.1437,41.2036,40.0564,40.165,6344955.119273
2011-10-18,39.7979,41.2036,39.0393,40.9564,9617699.6935987
2011-10-19,40.121,40.3626,39.1096,39.2426,9425811.6000243
2011-10-20,39.2641,39.561,38.2742,39.1133,9068711.0666064
2011-10-21,40.0508,40.5518,39.7979,40.4226,5822823.6711548
2011-10-24,41.4836,42.8556,41.4733,42.7498,10392295.243463
2011-10-25,41.6737,42.0221,40.7887,41.197,6890951.7847829
2011-10-26,42.1944,42.3995,41.1062,42.0221,8393979.972731
2011-10-27,44.7033,45.431,44.1648,45.0171,13061938.545527
2011-10-28,44.4402,45.1079,44.251,44.7745,7613841.4992213
2011-10-31,42.8622,42.9352,42.0446,42.0446,9454295.030625
2011-11-01,40.0882,41.5698,39.8953,40.7073,9299517.0831461
2011-11-02,41.3272,41.9734,40.9311,41.6794,10764744.261659
2011-11-03,41.877,42.7217,41.4096,42.5512,12430597.299916
2011-11-04,42.3939,42.6683,41.5323,42.5391,7118745.551736
2011-11-07,42.053,42.658,41.7749,42.6046,3925095.7536009
2011-11-08,42.8687,43.1965,42.4417,43.116,7576261.5233428
2011-11-09,41.3132,41.4733,40.3542,40.4319,7792273.2406896
2011-11-10,41.4864,41.5548,40.4497,41.0472,6065370.0932974
2011-11-11,41.5585,42.1298,41.4405,41.9257,4591052.7762767
2011-11-14,41.2907,41.4021,40.5743,40.8693,4846704.245983
2011-11-15,40.637,41.2467,40.4862,40.9564,6654199.218102
2011-11-16,40.2353,40.7035,39.7829,39.8316,6265766.3771258
2011-11-17,39.7923,39.8784,38.6404,38.8932,7827118.5936715
2011-11-18,39.0618,39.207,38.5814,38.7275,5112836.1232374
2011-11-21,37.5737,37.7956,36.9659,37.5971,6704264.9204665
2011-11-22,37.1822,37.6542,36.9078,37.3555,5384146.8060555
2011-11-23,36.433,36.4976,35.9854,36.0397,6255157.8341823
2011-11-25,35.9123,36.3309,35.6997,35.7128,3689339.4396191
2011-11-28,37.8434,37.9614,37.0876,37.51,5982019.0863899
2011-11-29,37.5156,37.9399,37.2684,37.5156,3875314.0846961
2011-11-30,39.8606,40.5761,39.7239,40.4769,10913195.52399
2011-12-01,40.1688,40.6548,39.6696,39.8457,6753890.6913069
2011-12-02,41.3375,41.3872,40.4769,40.5471,6144705.1233544
2011-12-05,41.5417,41.877,40.8974,41.3132,4836603.9734412
2011-12-06,40.9564,41.4246,40.7316,40.9835,6141590.3654514
2011-12-07,40.7316,40.9985,40.3598,40.7578,5573152.9210285
2011-12-08,40.3598,40.446,39.3774,39.4636,6290360.8984763
2011-12-09,39.5507,40.6155,39.383,40.4085,6148386.880382
2011-12-12,39.2641,39.2641,38.6788,39.1039,5174271.706353
2011-12-13,39.0449,39.486,37.7095,37.9886,6907781.3011726
2011-12-14,37.6748,37.7526,36.9818,37.4248,9009263.7177092
2011-12-15,37.8762,37.9361,37.0408,37.1822,5362436.3988963
2011-12-16,37.7254,38.0541,37.2731,37.5737,6485893.3762546
2011-12-19,37.1214,37.2731,36.2101,36.2991,4590558.3872095
2011-12-20,37.5203,38.0541,37.5035,37.9942,5475275.6314634
2011-12-21,38.0213,38.1796,37.3808,38.1234,4924355.3633855
2011-12-22,38.0972,38.5926,37.9886,38.2742,5107263.3013328
2011-12-23,38.322,38.3931,38.0541,38.3126,1473740.7077414
2011-12-27,38.1393,38.3772,37.9258,38.1459,2057232.9933279
2011-12-28,38.1599,38.1983,37.0034,37.1148,3541880.158807
2011-12-29,37.3808,37.9071,37.2356,37.8546,3021127.2339843
2011-12-30,37.716,38.1843,37.6673,38.0326,2478697.0036462
2012-01-03,40.1809,40.5349,39.9936,40.2577,8727355.1698972
2012-01-04,40.0882,40.4123,39.7061,40.2708,4847693.0241175
2012-01-05,39.502,39.7586,39.1536,39.5132,3497294.3801854
2012-01-06,39.5731,39.604,38.9316,39.0122,3574733.0063906
2012-01-09,39.2809,39.3353,38.8558,39.1536,4227243.287115
2012-01-10,40.342,40.6286,40.1734,40.2353,6515837.5503627
2012-01-11,40.1154,40.6286,39.9712,40.4713,6165727.8705583
2012-01-12,40.9788,41.2467,40.5303,41.1324,8465319.3541155
2012-01-13,40.3626,40.4123,39.6162,40.3598,8172879.1445972
2012-01-17,41.4433,41.5623,40.9358,41.0837,7609579.9295296
2012-01-18,41.5585,42.1944,41.4621,42.1729,6367571.0165597
2012-01-19,42.378,42.4304,42.0942,42.274,7947475.1027682
2012-01-20,42.259,42.2974,41.8545,42.082,4890303.3820601
2012-01-23,42.3714,42.7666,42.2853,42.4482,4667795.2001669
2012-01-24,41.6559,42.1092,41.5323,42.0633,4279617.5621866
2012-01-25,41.8283,43.3154,41.6559,43.1534,7976731.6169211
2012-01-26,43.9185,44.1105,43.1328,43.3033,6587618.9988613
2012-01-27,43.0232,43.5093,42.938,43.1609,4867127.9602135
2012-01-30,42.6346,43.012,42.2918,42.776,4057042.1092108
2012-01-31,43.2948,43.3267,42.1701,42.776,6443649.2719837
2012-02-01,43.2405,43.7734,43.2218,43.3211,6864136.2499122
2012-02-02,43.7781,43.9494,43.3211,43.5617,6470812.9080119
2012-02-03,43.8371,44.28,43.7172,44.2351,6261702.3495019
2012-02-06,44.0356,44.1255,43.7734,44.0253,4407748.6863987
2012-02-07,43.764,44.0871,43.2414,44.0309,5075211.2999705
2012-02-08,43.6104,43.9607,43.0373,43.469,5373155.9925158
2012-02-09,43.277,43.2836,42.4979,42.8743,5973716.9805634
2012-02-10,41.4106,41.5913,41.1914,41.5145,6343912.9513905
2012-02-13,42.4042,42.4042,41.9519,42.2272,3269713.1044297
2012-02-14,41.6288,41.6794,40.8852,41.3478,4728150.1747815
2012-02-15,41.64,41.6503,40.7943,40.9639,6301539.6439293
2012-02-16,40.6155,41.4312,40.4919,41.4096,5417769.5338064
2012-02-17,41.3609,41.3731,40.6042,40.9845,4782462.4977083
2012-02-21,41.8311,42.2347,41.6794,41.9397,5418773.2610703
2012-02-22,41.6662,42.0221,41.6232,41.8695,4603444.5368061
2012-02-23,41.7814,42.0221,41.4583,41.8133,4977656.4844837
2012-02-24,41.9013,42.1429,41.7814,41.8863,4311183.7168414
2012-02-27,41.5192,42.1701,41.3947,42.0174,5280904.9146033
2012-02-28,42.2459,42.6393,42.1588,42.436,5170774.6778538
2012-02-29,43.0532,43.2433,41.7814,41.9509,7037530.1347516
2012-03-01,42.186,42.4819,42.0221,42.2085,3458023.0170877
2012-03-02,42.0109,42.0324,41.2673,41.508,2919857.5598262
2012-03-05,41.1043,41.1156,40.3673,40.5902,5126518.8478753
2012-03-06,39.5151,39.5291,39.0562,39.3034,6363271.0062493
2012-03-07,39.62,39.9365,39.4233,39.8213,2289743.2106263
2012-03-08,40.3851,40.5312,40.0835,40.416,4684117.51395
2012-03-09,40.3027,40.7766,40.1013,40.4862,4466336.4603518
2012-03-12,40.1931,40.4207,40.0938,40.1379,4656537.4378868
2012-03-13,40.6679,41.1952,40.579,41.169,8777368.5503086
2012-03-14,40.8533,40.9236,39.811,40.062,9073554.5845522
2012-03-15,40.445,40.7166,40.2624,40.607,6466527.846831
2012-03-16,40.8974,41.0613,40.7663,40.7878,5320622.615995
2012-03-19,40.9901,41.5295,40.8917,41.2345,4146174.1580404
2012-03-20,39.9786,40.0442,39.6733,39.871,7186566.548722
2012-03-21,39.4814,39.6733,39.2688,39.4121,3832656.7437752
2012-03-22,38.6291,38.7509,38.3182,38.6076,7872902.43824
2012-03-23,38.6535,39.2632,38.4437,39.089,5143312.0592364
2012-03-26,39.5104,39.7117,39.2416,39.6518,5506504.3629103
2012-03-27,39.5647,39.7286,39.0309,39.0356,3727233.3472164
2012-03-28,39.0225,39.0562,38.2058,38.6479,6680428.5335387
2012-03-29,38.2882,39.0356,38.2152,38.985,6076033.0937839
2012-03-30,39.6518,39.7548,39.2416,39.5366,5724585.4668927
2012-04-02,39.6621,40.6286,39.5366,40.3242,5317596.4850738
2012-04-03,40.0339,40.0564,38.7949,39.1864,13077233.640557
2012-04-04,38.3135,38.8595,37.953,38.1871,11503531.307485
2012-04-05,38.2152,39.0665,38.1834,38.2882,3449859.7246063
2012-04-09,37.7891,38.3135,37.7348,38.1721,2731347.9695104
2012-04-10,37.9811,38.2152,37.4276,37.6861,8275315.9186484
2012-04-11,38.3576,38.3847,37.7797,37.8649,4980573.7003188
2012-04-12,38.5252,39.3184,38.4774,39.2154,5767124.2825729
2012-04-13,39.2323,39.2529,38.4128,38.4727,5106872.4883769
2012-04-16,38.9204,39.0618,38.3632,38.6853,3843770.3537355
2012-04-17,39.0159,39.3774,38.779,39.2154,4238227.693885
2012-04-18,39.8934,40.0835,39.679,39.7736,4552853.4793205
2012-04-19,40.2043,40.3458,39.6087,39.8653,5320919.4629943
2012-04-20,40.4656,40.519,40.0002,40.0882,4482424.9270382
2012-04-23,39.1817,39.3512,38.7565,39.2913,4395836.3658071
2012-04-24,39.0665,39.7389,39.0356,39.4448,3382274.7103068
2012-04-25,40.0779,40.1266,39.7239,40.0882,5062520.5568518
2012-04-26,39.7829,40.2587,39.7014,40.1931,3446200.3912729
2012-04-27,40.7325,40.7325,40.4001,40.548,7768881.0564658
2012-04-30,40.5649,40.6173,40.2296,40.5761,4435645.8975655
2012-05-01,40.7232,41.5576,40.6389,41.2298,6956474.8870115
2012-05-02,41.0191,41.05,40.6042,40.9564,6820931.1301759
2012-05-03,40.6679,40.7728,39.958,40.1013,4368540.3232037
2012-05-04,39.5525,39.6087,38.9747,39.1704,6619380.5599941
2012-05-07,38.8108,39.1283,38.6338,38.9747,3101137.110457
2012-05-08,38.2105,38.3482,37.5728,38.2489,6382180.5872243
2012-05-09,37.4079,38.1515,37.1663,37.8612,5803386.5994688
2012-05-10,38.4184,38.6853,38.1066,38.3238,5827086.3086416
2012-05-11,37.4248,38.1599,37.3967,37.5802,7407289.3774394
2012-05-14,36.9603,37.1392,36.7243,36.8395,6933600.5833441
2012-05-15,36.5332,36.8348,35.7681,35.917,6395563.261478
2012-05-16,35.7091,36.2513,35.179,35.179,6830159.0142341
2012-05-17,35.1903,35.2465,34.6396,34.7033,5506221.3972455
2012-05-18,34.6546,34.7314,34.0262,34.1264,7371069.7723419
2012-05-21,34.4195,35.2296,34.3109,35.2062,5105119.1690499
2012-05-22,35.283,35.5293,34.4701,34.7211,8238533.5856062
2012-05-23,34.0543,34.5675,33.4315,34.4795,9388296.7596384
2012-05-24,34.2613,34.5413,33.9119,34.295,4919760.6416658
2012-05-25,33.7209,33.956,33.6226,33.7537,5458721.6061737
2012-05-29,34.8138,35.2296,34.5722,34.9599,7317878.6341247
2012-05-30,33.8904,33.9185,33.5458,33.6169,7021166.1769651
2012-05-31,33.6563,33.7968,32.9558,33.601,8119827.8875201
2012-06-01,33.011,33.5945,32.9904,33.3388,7040801.858514
2012-06-04,33.0607,33.3126,32.6945,33.2414,6954583.8221345
2012-06-05,33.0269,33.5083,32.9904,33.4371,7428854.5644838
2012-06-06,34.1142,34.6771,34.0328,34.53,6055673.4472511
2012-06-07,35.726,35.9123,35.1313,35.179,13875789.441564
2012-06-08,33.8642,34.4907,33.6769,34.4083,5568748.2668119
2012-06-11,34.84,34.8934,33.9335,33.9841,4620216.392268
2012-06-12,34.6546,34.9281,34.3062,34.9281,3449366.403334
2012-06-13,34.545,35.0264,34.354,34.5029,4177265.1439374
2012-06-14,34.2079,34.8307,34.0487,34.7033,3956700.3488743
2012-06-15,35.0498,35.5181,34.8803,35.4965,4227865.8115777
2012-06-18,35.5106,36.1895,35.3542,35.9975,5327207.7075232
2012-06-19,36.4667,36.8395,36.2719,36.5763,5565876.9661602
2012-06-20,36.8348,36.8994,36.1333,36.4255,5992367.0873627
2012-06-21,35.9929,35.9929,34.4364,34.4795,8045908.7135083
2012-06-22,34.6162,34.7473,34.2294,34.5722,5439892.1098208
2012-06-25,33.7378,33.7921,33.2498,33.4634,7115068.0658882
2012-06-26,33.7799,33.9119,33.3276,33.6666,3896793.8481437
2012-06-27,33.5579,34.0047,33.3941,33.9119,3652488.7676993
2012-06-28,33.5533,33.8979,33.3126,33.852,5489394.0164456
2012-06-29,35.5836,35.7681,35.3036,35.6613,6979589.4445453
2012-07-02,35.8346,35.8515,35.3485,35.7906,3692803.3664746
2012-07-03,35.9601,36.5229,35.8683,36.3693,4512592.2702933
2012-07-05,36.1952,36.4134,35.4778,36.1455,4388195.2250619
2012-07-06,35.5668,35.6548,35.1678,35.4684,3388994.3440001
2012-07-09,35.0966,35.2671,34.8897,35.136,4081260.7667349
2012-07-10,35.4057,35.46,34.1751,34.3708,5372003.8417522
2012-07-11,34.5179,34.8588,34.3109,34.6125,4415104.7258892
2012-07-12,33.5411,33.9841,33.1637,33.7705,6414497.4017371
2012-07-13,33.9719,34.6546,33.9719,34.5225,3852972.6107146
2012-07-16,34.3661,34.4195,34.0655,34.295,3299625.244689
2012-07-17,34.4542,34.59,33.9522,34.5778,4735003.282845
2012-07-18,34.1189,34.7848,34.0768,34.6209,6896658.0810577
2012-07-19,35.1959,35.7522,35.136,35.5771,5978250.8379704
2012-07-20,35.2511,35.283,34.8616,34.9768,4973390.6436121
2012-07-23,33.7537,34.4598,33.5139,34.3446,7784858.4724762
2012-07-24,34.6162,34.6715,33.8239,34.1423,9084186.6189848
2012-07-25,34.8138,34.8897,34.2416,34.5947,12411793.430643
2012-07-26,35.5948,35.7138,35.239,35.43,11891508.200013
2012-07-27,35.829,36.7524,35.6435,36.5819,7178544.2051755
2012-07-30,36.36,36.6316,36.1952,36.4255,4517063.1277976
2012-07-31,36.4405,36.6035,36.2017,36.2289,4529228.5157951
2012-08-01,36.6203,36.7243,36.0968,36.1193,4754897.3707746
2012-08-02,35.9929,36.5492,35.7578,36.1006,5485639.6493606
2012-08-03,36.9163,37.2881,36.7945,37.1392,5713737.7378778
2012-08-06,37.0642,37.5372,37.0408,37.259,3666250.5091644
2012-08-07,37.5175,37.6739,37.3414,37.3742,3032177.8440419
2012-08-08,37.5662,37.7722,37.4679,37.6645,3787817.8977476
2012-08-09,37.7797,38.0569,37.7572,37.9595,2432810.6507614
2012-08-10,37.8649,38.2105,37.7235,38.1787,2656463.5088534
2012-08-13,37.9755,38.1515,37.6514,37.8172,2242216.7246805
2012-08-14,37.8172,37.9371,37.5484,37.6421,2567836.5270406
2012-08-15,37.2909,37.3742,37.1167,37.2497,3175548.537946
2012-08-16,37.6467,37.9202,37.3798,37.7956,3359534.9488045
2012-08-17,37.6318,37.85,37.451,37.7235,3370710.4908726
2012-08-20,37.6917,37.805,37.4772,37.7685,2268814.429379
2012-08-21,38.2911,38.5542,37.7956,37.9464,2592547.4380419
2012-08-22,37.6467,38.145,37.5175,38.0616,2466880.7846011
2012-08-23,38.1515,38.2152,37.6318,37.7067,3067964.99218
2012-08-24,37.2815,37.7891,37.2,37.5728,2992161.160061
2012-08-27,37.5924,37.6318,37.2169,37.2272,2322575.7701056
2012-08-28,37.2881,37.392,37.1785,37.2169,5207200.3673789
2012-08-29,37.0811,37.1167,36.7833,36.7898,3123011.9580404
2012-08-30,35.9432,35.9713,35.3869,35.4834,5728102.7834962
2012-08-31,35.9601,36.0266,35.4778,35.9329,4191728.4266922
2012-09-04,35.6754,35.7297,35.3036,35.4778,3344198.2097711
2012-09-05,35.3242,35.4291,35.0189,35.2839,3522861.662746
2012-09-06,35.7953,36.492,35.7681,36.2691,5327973.3165106
2012-09-07,37.3255,37.8865,37.2974,37.6308,7334232.9817566
2012-09-10,37.6421,37.8687,37.2899,37.3199,4225851.9502801
2012-09-11,37.554,38.1862,37.5025,38.07,4972738.2208906
2012-09-12,38.4203,38.454,37.9408,38.1965,4555719.4409974
2012-09-13,38.1965,39.4036,37.9755,39.192,5661982.783884
2012-09-14,40.2081,40.578,40.1107,40.1753,11682857.861132
2012-09-17,40.0695,40.1201,39.4767,39.6106,3997511.4723067
2012-09-18,39.2594,39.5863,39.1545,39.5104,4049980.7811298
2012-09-19,39.5535,39.7988,39.3699,39.5647,3893854.2086144
2012-09-20,38.6638,39.0524,38.4877,38.9934,3560799.3499367
2012-09-21,39.2257,39.2875,38.8661,38.8811,3053016.9305125
2012-09-24,38.4718,38.7265,38.3931,38.5645,2845251.7936542
2012-09-25,38.6432,38.8146,37.775,37.8312,4313974.932871
2012-09-26,37.6711,37.7535,37.1373,37.4932,4757815.6544046
2012-09-27,37.9642,38.4091,37.8481,38.3089,4413595.9316084
2012-09-28,38.2358,38.2545,37.8546,38.1365,3618026.7531087
2012-10-01,38.4971,38.9934,38.2751,38.3641,3472233.2324367
2012-10-02,38.7603,38.8473,37.9755,38.1927,2960840.5982474
2012-10-03,38.3192,38.3482,37.554,37.6739,3768581.5715144
2012-10-04,37.598,38.2096,37.554,37.8809,4950050.7813415
2012-10-05,38.3529,38.4643,37.6711,37.8312,4161060.2876001
2012-10-08,37.4697,37.953,37.4089,37.8865,3811954.3350596
2012-10-09,37.9811,38.2882,37.6711,37.7816,3867056.8262581
2012-10-10,38.0045,38.0588,37.6308,37.8546,3543615.3256196
2012-10-11,38.3576,38.4933,38.0644,38.1431,3804384.7365769
2012-10-12,38.2686,38.4269,37.8415,37.9876,2232500.8583249
2012-10-15,37.9642,38.1927,37.6589,38.0588,2804494.0599699
2012-10-16,38.2208,38.5205,38.1365,38.3856,5050136.2708872
2012-10-17,39.0871,39.6996,38.8923,39.5591,8889007.5813389
2012-10-18,39.6808,40.3439,39.6443,39.944,5050103.1692434
2012-10-19,40.1697,40.2221,39.4982,39.5432,6474574.7496616
2012-10-22,39.7717,40.0601,39.5301,39.9047,4243908.3630807
2012-10-23,38.97,39.0524,38.7219,38.9419,6525675.1453439
2012-10-24,39.4308,39.5591,39.1189,39.192,3594995.4835819
2012-10-25,39.826,39.9477,39.4308,39.7099,3801929.8759601
2012-10-26,39.3137,39.4373,38.9869,39.192,3675475.1898377
2012-10-31,39.6705,39.7033,39.2332,39.3203,2711657.8304185
2012-11-01,39.3662,39.9374,39.3371,39.8766,5419838.920442
2012-11-02,40.1697,40.1884,39.3606,39.4261,3787954.5755027
2012-11-05,39.914,40.0161,39.7164,39.9805,4686695.1709873
2012-11-06,40.2886,40.7541,40.2615,40.5724,3745587.6748113
2012-11-07,40.1603,40.1819,39.5301,39.8606,5026340.4601679
2012-11-08,39.9768,40.2081,39.4804,39.6359,5108186.9439746
2012-11-09,39.4261,39.959,39.3868,39.5863,4349620.0642791
2012-11-12,39.6921,39.782,39.5226,39.6584,2330751.8761266
2012-11-13,39.1414,39.5497,39.0759,39.1704,3183660.5762693
2012-11-14,39.1133,39.1648,38.2882,38.3529,4761523.0385113
2012-11-15,38.2489,38.3931,37.8865,38.0373,4123060.6683017
2012-11-16,37.7966,38.2592,37.4651,38.2208,5326659.9287079
2012-11-19,38.6535,39.0974,38.6216,39.0824,4765933.0317027
2012-11-20,38.838,39.1096,38.6291,38.9269,4915901.6306745
2012-11-21,38.6703,38.7968,38.5308,38.6591,3175534.6566115
2012-11-23,39.0103,39.4645,38.9972,39.4214,1105173.1242308
2012-11-26,39.3559,39.6359,39.2088,39.6312,2850084.6336504
2012-11-27,39.5647,39.8045,39.2763,39.3137,3265525.2125903
2012-11-28,39.0712,39.6659,38.9522,39.6584,3949857.9187604
2012-11-29,40.1257,40.3092,39.9103,40.1425,3474864.2792221
2012-11-30,40.0601,40.2662,39.9983,40.0423,3434843.3240613
2012-12-03,40.2699,40.3373,39.7876,39.826,1940976.8168837
2012-12-04,39.8972,40.0695,39.7033,39.8813,2733462.2035343
2012-12-05,40.2381,40.6651,40.1023,40.3092,6674268.4244052
2012-12-06,40.3757,40.5321,40.2755,40.3888,3105131.7314084
2012-12-07,40.505,40.6932,40.3373,40.5321,2465654.9559852
2012-12-10,40.6876,41.1708,40.6548,41.0378,5138563.5750422
2012-12-11,41.4443,41.8947,41.4443,41.7646,5512683.6923531
2012-12-12,41.9509,42.2113,41.7608,41.8676,3814959.1100816
2012-12-13,42.038,42.3349,41.788,41.9669,5640230.7327212
2012-12-14,42.1776,42.5606,42.1176,42.4173,4126062.2399387
2012-12-17,42.6496,43.0223,42.6168,42.9343,4278479.2927575
2012-12-18,43.2677,43.3726,43.0401,43.2171,4963063.9985385
2012-12-19,43.5233,43.529,42.9614,42.9727,5287383.2266353
2012-12-20,43.3051,43.3323,43.0279,43.2283,4668109.1318856
2012-12-21,42.5953,42.9212,42.5007,42.7835,3036761.8878121
2012-12-24,42.3546,42.7676,42.3274,42.4829,1040012.0044941
2012-12-26,42.6936,42.9671,42.643,42.6561,1618550.7892537
2012-12-27,43.0897,43.0963,42.4173,42.8491,2744551.2542106
2012-12-28,42.8004,43.0504,42.6393,42.7217,3564018.7517459
2012-12-31,42.7769,43.6788,42.7292,43.5889,3919821.9142855
2013-01-02,44.5863,44.6368,44.1115,44.4289,3673748.5653848
2013-01-03,43.912,44.3006,43.7565,43.9288,3679104.6249122
2013-01-04,43.8052,44.1939,43.7668,44.1349,3434647.9175833
2013-01-07,43.823,44.3334,43.7893,44.2875,5062067.8117881
2013-01-08,43.6835,43.7743,43.4934,43.6507,2731967.2905881
2013-01-09,44.0234,44.1236,43.7893,43.8904,3348545.2030598
2013-01-10,44.0515,44.0515,43.5168,43.7387,6100509.0898937
2013-01-11,42.7723,42.8547,42.4651,42.6112,4204698.9320908
2013-01-14,42.7292,42.8668,42.5793,42.7723,3314245.4933032
2013-01-15,42.4445,42.7442,42.4276,42.7067,2655312.4258848
2013-01-16,42.2778,42.5606,42.2431,42.4651,3020148.0660046
2013-01-17,42.5316,42.7161,42.3667,42.6393,2946081.5362881
2013-01-18,42.6889,42.9671,42.3274,42.7292,3486579.0577458
2013-01-22,42.8612,43.3838,42.8547,43.3182,4276588.2278805
2013-01-23,43.6338,43.6957,43.189,43.2892,4568114.4049117
2013-01-24,43.3838,43.6563,43.1497,43.189,3364558.9240989
2013-01-25,43.1337,43.1946,42.8172,42.9895,2457273.8333316
2013-01-28,43.0401,43.0729,42.761,42.9895,2308872.7573634
2013-01-29,43.2433,43.6676,43.2012,43.5777,2702976.6573807
2013-01-30,43.5777,43.8052,43.2499,43.3126,2661110.5525262
2013-01-31,43.8174,43.9504,43.6563,43.7565,2692427.910955
2013-02-01,44.1611,44.2735,43.9672,44.1264,2833759.1164825
2013-02-04,43.6011,43.69,43.1497,43.3323,3134292.1440147
2013-02-05,43.2171,43.4391,43.1441,43.3182,2572505.9944076
2013-02-06,43.0223,43.4072,42.9895,43.2724,2609455.9712588
2013-02-07,43.2433,43.2836,42.8228,42.9614,2134523.1960334
2013-02-08,43.4391,43.4999,43.2433,43.3248,2429370.2153951
2013-02-11,43.1441,43.1441,42.9277,43.0663,1575804.821351
2013-02-12,42.6889,43.3248,42.6833,43.0963,2546201.9333236
2013-02-13,43.6563,43.9616,43.5449,43.6507,2416602.5910392
2013-02-14,44.2566,44.6013,44.1499,44.5741,4213515.7150887
2013-02-15,44.5741,44.6013,44.0628,44.222,2576980.0552967
2013-02-19,44.6565,44.7661,44.3737,44.7239,4274834.9085536
2013-02-20,43.4728,43.5777,42.7161,42.8331,8840994.1808905
2013-02-21,41.994,42.0502,41.3122,41.6728,7020870.3977607
2013-02-22,42.0905,42.1176,41.6044,42.1176,3292919.4923302
2013-02-25,42.216,42.289,41.345,41.3609,5198449.7876686
2013-02-26,41.4771,41.7046,41.0753,41.4555,3228273.049765
2013-02-27,41.1558,42.0839,41.1053,41.9884,3676174.5955376
2013-02-28,41.6044,41.9828,41.5492,41.61,4464235.0398674
2013-03-01,41.1493,41.4115,40.9273,41.0922,6252035.6017145
2013-03-04,41.0491,41.0753,40.4057,40.9217,3987633.3011169
2013-03-05,41.6662,41.6934,41.2055,41.2504,3906483.0196252
2013-03-06,41.61,41.7299,41.2654,41.6662,6052447.6386721
2013-03-07,41.6794,41.9509,41.6278,41.6831,2795346.2605339
2013-03-08,41.6494,41.6887,41.3497,41.5379,3152169.1672618
2013-03-11,41.5951,41.9257,41.4405,41.8123,2566647.0034533
2013-03-12,41.7065,42.0221,41.5773,41.6559,3396606.6542814
2013-03-13,41.5548,41.5651,41.1071,41.3282,4052667.3532531
2013-03-14,41.1362,41.2504,40.7747,40.9049,6631839.591606
2013-03-15,41.3132,41.4405,41.0641,41.1886,4064926.7072073
2013-03-18,40.6155,40.9901,40.6155,40.6604,3323746.7328716
2013-03-19,39.9786,40.1098,39.1836,39.5497,11191497.060422
2013-03-20,39.3699,39.6012,39.2285,39.5235,3995389.763718
2013-03-21,39.3858,39.6696,39.3184,39.3409,3210997.1950812
2013-03-22,39.3315,39.4645,39.2397,39.3119,2947586.059389
2013-03-25,39.133,39.2575,38.7659,38.9579,3586396.5307562
2013-03-26,38.9513,39.2454,38.8679,39.2107,3247088.6647833
2013-03-27,38.8043,39.3072,38.6572,39.2781,2841752.629565
2013-03-28,38.9185,39.0094,38.6291,38.6291,5583999.5822484
2013-04-01,38.5065,38.6975,38.188,38.3576,3266050.5677114
2013-04-02,38.8792,38.9017,38.4278,38.5402,3163656.5054587
2013-04-03,38.1216,38.1796,37.5063,37.5784,6889487.8378905
2013-04-04,37.687,37.9923,37.5522,37.8443,3311944.395161
2013-04-05,37.392,38.0551,37.2469,37.9698,4891801.4983912
2013-04-08,37.8509,38.4325,37.731,38.4156,4388935.2069703
2013-04-09,38.9794,40.3392,38.9747,40.1332,9962547.2798323
2013-04-10,39.9786,40.0592,39.7426,39.8616,6093018.5082381
2013-04-11,39.6977,39.8045,39.4776,39.5928,2884664.1056868
2013-04-12,39.3072,39.3971,38.7265,38.9925,4078706.6011867
2013-04-15,37.717,37.717,36.5304,36.5641,7841101.3686936
2013-04-16,37.6814,37.6814,37.2075,37.614,5293246.4887695
2013-04-17,36.7121,36.7336,35.7503,36.198,8938999.6058511
2013-04-18,35.9844,36.3722,35.6716,36.1577,4511396.3399363
2013-04-19,36.4574,36.5126,35.8477,36.2364,4212855.8178024
2013-04-22,36.2832,36.3956,35.6773,36.3722,4134727.3960521
2013-04-23,36.3956,36.507,36.0903,36.4105,3996271.7623562
2013-04-24,36.8854,37.422,36.8619,37.3826,3706625.9722525
2013-04-25,37.7104,38.2133,37.4622,37.5737,5542592.6292275
2013-04-26,37.5784,37.614,37.0839,37.3705,2886383.255575
2013-04-29,37.7488,38.1515,37.6514,38.115,3213400.8015398
2013-04-30,37.4388,37.9876,37.1223,37.9455,6056237.2429908
2013-05-01,37.5699,37.598,37.1111,37.1738,3514949.3020805
2013-05-02,36.7749,37.2075,36.552,37.0951,3204009.5448525
2013-05-03,38.3135,38.5458,38.0597,38.1534,6699197.1655787
2013-05-06,38.1665,38.5402,38.0485,38.4484,3313501.240215
2013-05-07,38.8043,38.8614,38.4727,38.7696,4623496.65839
2013-05-08,39.2397,39.9459,39.1433,39.7305,5308284.2452137
2013-05-09,39.929,39.9674,39.1836,39.3315,4910969.4857469
2013-05-10,39.2285,39.2285,38.7425,39.0983,3778741.640574
2013-05-13,38.9747,38.9794,38.5458,38.5833,2862898.1731896
2013-05-14,38.5168,38.7546,38.2967,38.5402,5104885.3219533
2013-05-15,38.1599,38.3023,37.7263,37.879,5397605.2937515
2013-05-16,37.8172,38.3435,37.672,37.8237,4956749.0591356
2013-05-17,38.2967,38.4559,38.0382,38.1955,4083695.3392473
2013-05-20,38.1534,38.4821,38.0382,38.4278,4115902.1708791
2013-05-21,38.9241,39.2397,38.676,39.0478,4035231.3293252
2013-05-22,39.1143,39.9225,38.4428,38.5786,5460477.0610905
2013-05-23,37.8846,38.3435,37.4445,38.1216,4403865.1161234
2013-05-24,37.392,37.7432,37.3705,37.672,2787587.6623429
2013-05-28,37.422,37.54,37.0783,37.2581,3833991.4874772
2013-05-29,37.4997,37.7001,37.1495,37.3499,5030321.1997848
2013-05-30,37.4725,38.2573,37.2796,38.0054,3493061.6409577
2013-05-31,37.8959,37.8959,36.8666,36.8722,3404307.5915444
2013-06-03,37.2122,37.731,36.9865,37.717,3901934.2130888
2013-06-04,37.3358,37.5353,37.1551,37.3986,2915640.8375228
2013-06-05,36.433,36.8357,36.2748,36.3656,6542774.813859
2013-06-06,36.2036,36.6203,35.9423,36.6025,4511031.1540595
2013-06-07,35.8805,36.2635,35.7269,36.2485,4679626.3683415
2013-06-10,35.8721,36.0968,35.8196,35.9189,3489753.6121666
2013-06-11,34.7398,35.519,34.6724,35.254,6909084.0110258
2013-06-12,35.4918,35.6155,34.9234,34.9945,2812456.6069985
2013-06-13,35.3429,35.9554,35.2821,35.903,5927904.3055309
2013-06-14,35.9264,36.0612,35.3673,35.4394,4131054.1813842
2013-06-17,35.6988,35.8973,35.4506,35.7157,3667332.1854605
2013-06-18,35.1247,35.6155,35.1116,35.3382,4744678.5729921
2013-06-19,35.1697,35.4637,34.339,34.354,4251432.0463802
2013-06-20,33.3903,33.4989,32.8434,32.8996,7736255.6492091
2013-06-21,33.2236,33.4128,32.7525,33.2611,5867230.0602229
2013-06-24,32.5887,32.8153,31.9406,32.3911,5179312.7663668
2013-06-25,32.4435,32.9342,32.274,32.7984,3022799.4008942
2013-06-26,32.6917,32.9061,32.4884,32.7188,4650312.1932607
2013-06-27,32.8827,33.2489,32.8321,32.9914,3926659.0054246
2013-06-28,32.5559,32.7872,32.3358,32.5503,5053967.5192094
2013-07-01,32.7713,32.9679,32.5325,32.6636,3936511.5495353
2013-07-02,32.879,33.0063,32.3976,32.6458,2724073.082437
2013-07-03,31.8151,32.1672,31.5388,31.9415,2831372.5947433
2013-07-05,31.7655,31.8788,31.4208,31.7945,3546793.0834254
2013-07-08,31.9069,32.1728,31.7992,31.8441,2276861.3322096
2013-07-09,32.8865,33.1768,32.5849,33.1309,4379086.9340394
2013-07-10,32.9558,33.3641,32.8097,32.8865,3540237.8901561
2013-07-11,34.4476,34.9496,34.3521,34.885,6118675.4855754
2013-07-12,34.4973,34.7061,34.1639,34.2538,5149086.6943887
2013-07-15,34.4973,34.5712,34.3165,34.3661,1841805.3598251
2013-07-16,35.047,35.3607,34.767,35.3382,3272495.7780996
2013-07-17,36.168,36.3319,35.7269,35.8196,3945302.7054542
2013-07-18,35.8065,36.0434,35.5986,35.6548,2651491.8555122
2013-07-19,35.5462,35.6941,35.2371,35.3382,2751058.3967065
2013-07-22,35.7344,36.2186,35.6155,36.1287,3635987.0643628
2013-07-23,36.4958,36.6878,36.4105,36.61,4440250.2294399
2013-07-24,36.6362,36.6362,35.6155,35.7344,3684937.9887874
2013-07-25,35.3785,36.0388,35.3673,36.0153,3792363.5008992
2013-07-26,35.9357,36.3085,35.7681,36.2916,1850444.8888594
2013-07-29,36.0107,36.3047,35.9357,36.1577,2987031.4730655
2013-07-30,35.814,35.8402,35.3944,35.5602,3519025.075449
2013-07-31,35.327,35.8524,35.2764,35.4113,3761538.3959477
2013-08-01,35.903,36.005,35.7157,35.9095,2051390.019298
2013-08-02,35.7868,36.005,35.6773,35.8365,1715933.6897517
2013-08-05,35.9311,36.1287,35.8627,35.8721,1675185.566222
2013-08-06,35.8861,35.8861,35.5518,35.7232,2811833.014741
2013-08-07,35.4019,35.7868,35.372,35.5939,2730622.9367314
2013-08-08,36.3441,37.3986,36.2532,37.2356,6412208.0493394
2013-08-09,37.4838,38.4278,37.3143,38.2077,7554636.5397805
2013-08-12,37.805,38.5008,37.805,38.1721,5133727.5316611
2013-08-13,38.3135,38.3576,37.9193,38.0822,2843592.4402838
2013-08-14,38.3866,38.6572,38.2639,38.3023,2187304.3009852
2013-08-15,37.9193,38.5168,37.8294,38.4091,3163368.2008191
2013-08-16,38.3482,38.4325,38.0654,38.1281,2316779.7790541
2013-08-19,37.9923,38.0766,37.7666,37.805,2247429.699683
2013-08-20,37.3986,37.6748,37.0146,37.0324,5157284.156309
2013-08-21,36.5014,36.5707,35.7953,35.8234,6116845.2850113
2013-08-22,36.5791,36.8076,36.4059,36.4789,4129112.930144
2013-08-23,36.6718,36.7749,36.3825,36.4386,2786350.0879824
2013-08-26,36.3497,36.5969,36.1333,36.1755,2292134.0035454
2013-08-27,35.8402,36.079,35.4113,35.4637,3308196.4348458
2013-08-28,35.4066,35.8627,35.3382,35.5518,4405282.0800374
2013-08-29,35.6988,35.9151,35.3429,35.4843,2608199.176589
2013-08-30,35.8402,35.8524,35.5939,35.7232,1792382.4700274
2013-09-03,37.2796,37.3424,36.7692,37.0034,2575602.5997963
2013-09-04,36.7973,37.377,36.7402,37.3649,2591231.9146492
2013-09-05,37.1373,37.3911,37.1129,37.1251,1537054.5421945
2013-09-06,37.4463,37.672,37.2281,37.3274,2178060.4000027
2013-09-09,37.5774,38.1834,37.5372,38.1319,2214240.4966866
2013-09-10,38.4596,38.7125,38.2873,38.6535,2697870.4618743
2013-09-11,38.5336,39.0346,38.3154,38.9251,1924597.9099677
2013-09-12,38.4887,38.6722,38.425,38.5102,2051978.3743218
2013-09-13,38.0569,38.2911,37.9005,38.2742,2359648.5433774
2013-09-16,39.0206,39.0393,38.5973,38.6357,1711700.9505239
2013-09-17,38.66,38.8492,38.5833,38.7818,1391296.2587563
2013-09-18,38.6947,40.3383,38.5055,40.2512,4741849.9841388
2013-09-19,40.0208,40.0292,39.1658,39.3044,4013259.3124003
2013-09-20,39.0393,39.132,38.6647,38.7284,2454572.3120788
2013-09-23,38.9747,39.1086,38.7687,38.7921,2458304.2554696
2013-09-24,38.7687,38.7687,38.3604,38.4643,2280552.6993919
2013-09-25,38.9185,39.0449,38.7228,38.8492,2122504.0959456
2013-09-26,39.1714,39.4589,38.8548,38.97,1716838.1120841
2013-09-27,38.5917,38.6488,38.3772,38.601,2429034.9277771
2013-09-30,38.0738,38.4596,38.0073,38.2283,2235413.8029801
2013-10-01,37.9876,38.2808,37.8893,38.1712,2227092.4768444
2013-10-02,37.9455,38.5261,37.9371,38.425,1848623.2306549
2013-10-03,38.159,38.2573,37.7638,37.9932,1883893.5660315
2013-10-04,37.8266,38.2573,37.7395,38.2339,2117349.8496659
2013-10-07,37.5269,38.1319,37.51,37.7807,1708943.903933
2013-10-08,37.5681,37.614,37.1766,37.3649,2682048.9439283
2013-10-09,37.5035,37.7572,37.2562,37.5831,3026083.9381961
2013-10-10,37.6477,38.2676,37.5372,38.2002,2825765.6033999
2013-10-11,38.1253,38.719,37.9932,38.601,1889030.7275918
2013-10-14,38.3669,39.0674,38.3501,38.9185,2388477.9395457
2013-10-15,38.9457,39.2107,38.8829,39.0346,4589407.3042409
2013-10-16,39.1882,39.3727,39.0487,39.2463,2370811.271906
2013-10-17,39.3137,39.7717,39.2922,39.7717,1964503.5432726
2013-10-18,39.9712,40.0732,39.7745,40.0105,2516055.9459677
2013-10-21,40.2409,40.4572,40.1023,40.4572,2488591.1917604
2013-10-22,41.6616,41.9144,41.5117,41.6138,3626278.6725719
2013-10-23,41.2111,41.2298,40.932,41.0397,2431105.3822077
2013-10-24,41.4668,41.5848,41.2589,41.3328,2125188.5324791
2013-10-25,41.3328,41.4124,41.1615,41.3488,1643634.3606967
2013-10-28,41.2926,41.552,41.1437,41.448,1745239.3224728
2013-10-29,41.2973,41.4087,41.0341,41.2411,960105.70413272
2013-10-30,41.3675,41.4668,40.6202,40.8899,1935868.4857874
2013-10-31,41.0875,41.2251,40.6314,40.637,1952976.6966621
2013-11-01,40.7588,40.9882,40.3317,40.7934,3075402.1840875
2013-11-04,41.2186,41.346,40.9929,41.2298,1880661.3506827
2013-11-05,41.5342,41.6035,41.2589,41.4939,2041930.4237332
2013-11-06,41.6953,41.9425,41.6316,41.8554,1851018.2947538
2013-11-07,41.8151,41.8629,41.0051,41.051,2519933.1094733
2013-11-08,40.9526,41.3207,40.7794,41.3122,1708971.666602
2013-11-11,40.932,40.9835,40.6595,40.8037,1549146.2523397
2013-11-12,40.4525,40.6127,40.1191,40.3954,2809062.0868156
2013-11-13,39.8485,40.4357,39.7473,40.4188,1892777.620112
2013-11-14,40.2802,40.7869,40.1023,40.579,1527933.4376325
2013-11-15,40.9011,41.1306,40.7307,41.0275,2497019.2973923
2013-11-18,41.1081,41.3047,40.7119,40.8037,1951730.5799419
2013-11-19,40.9011,40.9423,40.5228,40.6735,1800714.4741128
2013-11-20,40.9779,41.0875,40.2512,40.3486,2028828.5795543
2013-11-21,40.2456,40.2971,39.9178,39.9993,2224504.1418575
2013-11-22,39.6827,39.7286,39.5329,39.6893,2270967.1040216
2013-11-25,39.7005,39.782,39.5235,39.6827,1563385.2981526
2013-11-26,39.2173,39.3961,39.1367,39.3381,2092152.0241621
2013-11-27,39.2866,39.3484,38.9363,38.9934,2095844.4591393
2013-11-29,39.4064,39.6359,39.1714,39.2173,1853000.1222025
2013-12-02,38.6535,38.7284,38.3959,38.4643,3065677.7753722
2013-12-03,38.0391,38.3379,37.952,38.2573,3742150.4428299
2013-12-04,38.3257,38.6488,38.2742,38.5449,3287105.3487642
2013-12-05,38.3032,38.5168,38.1075,38.2967,2110465.7755485
2013-12-06,38.9363,38.9934,38.6872,38.8202,2238082.2225892
2013-12-09,38.4062,38.7921,38.3669,38.7125,2653098.8869294
2013-12-10,38.5626,38.7059,38.2742,38.4062,1988253.4388085
2013-12-11,38.2742,38.2742,37.5156,37.5269,2513968.4068178
2013-12-12,36.9303,37.0221,36.5716,36.7627,4075151.9117595
2013-12-13,36.7795,36.8666,36.6203,36.6428,3612118.6435861
2013-12-16,37.2562,37.4519,36.9003,36.9069,2594577.3162639
2013-12-17,36.7973,36.8086,36.595,36.6353,3426047.8969626
2013-12-18,36.9584,37.4248,36.6203,37.1944,5537313.4509374
2013-12-19,37.142,37.5681,37.0886,37.3911,2520474.4815188
2013-12-20,37.8369,38.0335,37.7853,37.9371,4990573.6001342
2013-12-23,38.2171,38.3089,38.0335,38.1187,3952719.6092575
2013-12-24,38.1515,38.5739,38.1122,38.5505,756291.40863228
2013-12-26,38.5505,38.5505,38.2396,38.3894,1199737.0460301
2013-12-27,38.8829,38.8829,38.6769,38.7518,2003896.6349959
2013-12-30,38.7865,39.0562,38.7518,38.9363,1445992.9878693
2013-12-31,38.7865,39.207,38.7865,39.207,1353473.8934214
2014-01-02,38.7462,38.8605,38.4456,38.5102,2358428.0537363
2014-01-03,38.838,38.9522,38.6872,38.8146,2072468.29184
2014-01-06,38.66,38.66,38.2283,38.5214,2827080.0589977
2014-01-07,38.4025,38.425,38.0073,38.1028,2617214.5694498
2014-01-08,38.1496,38.2002,37.8031,37.8846,1430027.3176034
2014-01-09,37.5737,37.5971,37.2459,37.3311,2865767.3382514
2014-01-10,37.4463,37.8322,37.3649,37.8266,2410650.7019233
2014-01-13,37.7217,38.0073,37.5325,37.5372,2797896.1549022
2014-01-14,37.5971,37.6823,37.3077,37.3358,3826668.5496305
2014-01-15,37.0146,37.51,36.8779,37.3358,4537576.5368049
2014-01-16,38.2676,38.454,38.1937,38.454,9979541.2366461
2014-01-17,38.764,38.8258,38.4746,38.5449,4878161.4855518
2014-01-21,38.3032,38.3444,37.8322,38.1122,4295145.4365182
2014-01-22,38.0335,38.0841,37.8612,38.0101,2428124.0986749
2014-01-23,37.85,37.8893,37.0614,37.1766,5873233.203497
2014-01-24,36.9462,36.9696,36.1774,36.2092,6666852.5883969
2014-01-27,36.7159,36.7627,36.1081,36.4115,4901741.6016888
2014-01-28,36.7224,36.9359,36.6203,36.9172,2565646.4795743
2014-01-29,36.4677,36.89,36.375,36.5285,3066019.4697599
2014-01-30,36.9921,36.9921,36.6203,36.9584,2870018.2299935
2014-01-31,36.3441,36.8086,36.3216,36.7627,2233082.806579
2014-02-03,36.6531,36.6999,36.0341,36.079,3659017.2660946
2014-02-04,36.1699,36.6475,36.079,36.6353,3118467.4226838
2014-02-05,36.1418,36.6475,36.1249,36.537,5441932.6659924
2014-02-06,36.7055,37.3836,36.6662,37.2899,4070049.987433
2014-02-07,37.377,37.7919,37.1317,37.7395,2830753.2736656
2014-02-10,37.5568,37.7001,37.4585,37.5737,2075353.4738262
2014-02-11,37.8781,38.7518,37.8781,38.6432,4680078.0456102
2014-02-12,38.9991,39.0618,38.7687,38.8895,3039192.1891447
2014-02-13,38.5214,38.9653,38.454,38.8679,2320649.4679949
2014-02-14,39.207,39.4636,39.2013,39.2744,2494207.7932584
2014-02-18,40.4862,40.5162,40.0105,40.43,6316723.6882832
2014-02-19,40.1144,40.741,40.0292,40.0807,2799082.4751045
2014-02-20,40.2456,40.6258,40.1763,40.579,3886532.3385627
2014-02-21,40.7241,40.8899,40.5902,40.6089,4000241.8240235
2014-02-24,40.4188,40.9648,40.3739,40.7119,3643664.5101367
2014-02-25,40.4993,40.5537,39.9009,39.988,6231164.4813951
2014-02-26,39.9637,39.9993,39.5891,39.694,2869660.5186814
2014-02-27,39.6434,39.9805,39.6022,39.8429,2574848.7365534
2014-02-28,39.6668,40.0442,39.5329,39.6087,1991121.5360754
2014-03-03,39.207,39.442,39.0393,39.0899,3106385.3226933
2014-03-04,39.4636,39.6593,39.2463,39.4242,2613304.3043005
2014-03-05,39.413,39.6996,39.325,39.4889,2888072.5072043
2014-03-06,39.7745,40.0564,39.7408,39.8354,3051153.6283045
2014-03-07,39.619,39.619,38.7743,39.0187,7515538.1594665
2014-03-10,38.2199,38.2199,37.7816,37.9792,3558618.9126251
2014-03-11,38.056,38.2845,37.3302,37.3555,3045085.3495378
2014-03-12,37.3939,37.7441,37.319,37.6739,3021929.1480005
2014-03-13,38.366,38.4718,37.5596,37.7029,6127702.6241808
2014-03-14,37.7001,37.968,37.466,37.5765,4623536.1668036
2014-03-17,38.0607,38.3238,37.9914,38.1122,3443694.276498
2014-03-18,38.2424,38.4756,38.2143,38.366,2645600.830709
2014-03-19,38.0139,38.0972,37.3836,37.4819,5114819.0184811
2014-03-20,37.3012,37.7741,37.1663,37.5409,3174776.5221888
2014-03-21,37.9033,38.0841,37.7526,37.8743,2848114.5519462
2014-03-24,38.2602,38.2901,37.7338,38.0906,2302004.7001704
2014-03-25,38.6404,39.1096,38.6404,39.1096,4446258.7116888
2014-03-26,39.3709,39.4055,38.6816,38.8033,6486583.1717998
2014-03-27,38.8745,39.2491,38.8033,38.9794,2744472.2373834
2014-03-28,39.413,39.6752,39.3559,39.443,2895466.9873133
2014-03-31,39.5778,39.7633,39.4008,39.6415,3755377.2190193
2014-04-01,40.2427,40.4947,40.1023,40.4535,3634041.5419427
2014-04-02,40.6988,40.8814,40.6361,40.8412,2976305.4726762
2014-04-03,40.6127,40.7747,40.3139,40.6988,2704973.4339589
2014-04-04,41.1802,41.5183,40.8749,40.8861,3242908.2475087
2014-04-07,40.7943,41.1727,40.682,40.992,3471259.4034317
2014-04-08,41.0669,41.9978,41.0622,41.8226,4496906.3623074
2014-04-09,42.0886,42.348,41.8002,42.348,4170992.9163329
2014-04-10,41.6587,41.7056,41.2017,41.2551,3372580.1998504
2014-04-11,41.079,41.3441,40.9498,41.1802,2063443.2888245
2014-04-14,41.5061,41.787,41.3731,41.6709,2592419.3026465
2014-04-15,41.1034,41.1502,40.4656,40.9854,4423817.9327758
2014-04-16,41.4246,41.582,41.2017,41.5482,3085341.2195901
2014-04-17,41.4958,41.8058,41.3778,41.6175,1727196.7910066
2014-04-21,41.6784,41.7177,41.272,41.4424,1850535.6514311
2014-04-22,41.8226,41.8638,41.5585,41.6644,3182140.036244
2014-04-23,41.5651,41.6934,41.1952,41.5885,2063509.4921122
2014-04-24,41.7,41.7412,41.3197,41.5295,2102210.6527004
2014-04-25,41.4583,41.6119,41.2439,41.3834,1613276.9499384
2014-04-28,41.021,41.05,40.5424,40.9283,2902769.6370557
2014-04-29,40.9451,41.2841,40.9386,41.1615,1891851.8418803
2014-04-30,41.2195,41.3544,41.1268,41.2617,2687028.0718342
2014-05-01,40.74,40.8346,40.4085,40.6014,3043636.3517749
2014-05-02,40.7503,41.1661,40.682,40.8814,3055560.4181111
2014-05-05,40.6932,40.8983,40.4656,40.8271,1837794.7219493
2014-05-06,40.8814,41.4321,40.8749,41.2308,2790975.775756
2014-05-07,40.7709,41.2261,40.7054,41.1156,4664181.7820169
2014-05-08,41.1858,41.2261,41.0023,41.0669,2030293.5942417
2014-05-09,41.0556,41.0669,40.4535,40.6576,2428605.6742026
2014-05-12,41.2841,41.5295,41.2439,41.389,4543799.6458411
2014-05-13,41.6297,41.8882,41.5295,41.7814,2528014.1817427
2014-05-14,42.0924,42.348,42.0558,42.0942,2997353.8469593
2014-05-15,42.068,42.1392,41.6784,41.8414,2950855.6475614
2014-05-16,41.449,41.5183,41.2373,41.4124,2969718.2455581
2014-05-19,40.9639,41.0978,40.7869,40.9451,2826472.4836645
2014-05-20,40.5424,40.6483,40.0283,40.0433,2736895.1643359
2014-05-21,40.4432,40.4432,40.1379,40.3664,1555632.0389364
2014-05-22,40.7747,40.9142,40.7297,40.8178,1571147.0997285
2014-05-23,40.7054,41.0332,40.6539,40.9142,982011.51776994
2014-05-27,40.9639,41.079,40.8449,40.9976,1230737.2693553
2014-05-28,40.4993,40.5574,40.372,40.4488,2571005.7424866
2014-05-29,40.623,40.9807,40.6061,40.8814,1788800.0179312
2014-05-30,39.8691,39.9403,39.5338,39.7043,4937542.6311613
2014-06-02,39.8054,40.0161,39.7408,39.8691,2372657.4893946
2014-06-03,39.3709,39.5647,39.1967,39.4954,3647455.1822504
2014-06-04,39.4598,39.5066,39.2323,39.2716,3530511.3458509
2014-06-05,39.3418,39.6921,39.2547,39.5872,1819494.8518974
2014-06-06,39.7473,39.8803,39.5844,39.7473,1134026.0118882
2014-06-09,39.8354,39.9562,39.8054,39.8279,1429993.1481646
2014-06-10,39.5872,39.7745,39.4823,39.7286,1741856.5480344
2014-06-11,39.5338,39.7108,39.5001,39.6125,1948331.7885792
2014-06-12,39.1611,39.3025,38.8745,38.9335,3870281.5670421
2014-06-13,38.9925,39.1021,38.8455,39.0618,1913774.7402369
2014-06-16,39.4355,39.5001,39.1611,39.2135,2427207.9305978
2014-06-17,38.5945,38.8558,38.336,38.8277,3753962.3906952
2014-06-18,38.8689,39.5872,38.7827,39.5001,6125979.2031128
2014-06-19,40.0854,40.2662,39.8691,40.0667,3039150.5451412
2014-06-20,39.7745,39.9927,39.6752,39.752,2475235.2123807
2014-06-23,40.3954,40.6164,40.2708,40.5134,2840353.8181653
2014-06-24,40.1847,40.2708,39.752,39.7988,2439030.5564127
2014-06-25,39.6565,39.8756,39.6125,39.782,2157815.0075307
2014-06-26,39.9047,40.2062,39.7867,40.1425,2275938.7573628
2014-06-27,40.0732,40.3027,40.0508,40.2943,1381508.8501382
2014-06-30,39.7567,40.0732,39.6808,40.0386,2372542.1675387
2014-07-01,40.3027,40.6539,40.2849,40.4769,2767215.2022705
2014-07-02,40.682,41.2439,40.6717,41.0556,2777253.5427045
2014-07-03,41.3478,41.7,41.1727,41.582,3916086.7675098
2014-07-07,41.272,41.5407,41.2373,41.3778,3813448.1802109
2014-07-08,41.3778,41.4359,41.079,41.139,1916488.0072343
2014-07-09,41.0912,41.3319,41.021,41.2308,2550547.8588173
2014-07-10,40.6061,41.0172,40.578,40.8037,1837407.1123782
2014-07-11,41.0088,41.3834,40.9807,41.3366,2491268.1537291
2014-07-14,41.8002,41.8498,41.6007,41.7702,3699240.0345031
2014-07-15,42.009,42.2319,41.6297,41.8741,3063813.4053693
2014-07-16,42.1963,42.7292,42.186,42.6702,5063024.5560737
2014-07-17,42.039,42.3536,41.7599,41.8058,3401326.3080116
2014-07-18,41.9865,42.1617,41.9509,42.156,1520893.4654507
2014-07-21,41.9865,42.2319,41.964,42.156,1290438.7534533
2014-07-22,42.7095,42.9689,42.7067,42.8706,2635670.3375661
2014-07-23,42.8406,43.027,42.6936,42.8931,2928370.0212601
2014-07-24,43.0851,43.1206,42.8238,42.8931,2036396.0424472
2014-07-25,42.9933,43.0214,42.7526,42.835,1580842.6779798
2014-07-28,42.8575,42.9933,42.5999,42.7872,1837276.8413929
2014-07-29,43.0467,43.2321,42.9277,42.9933,1573000.7917818
2014-07-30,42.5128,42.5887,41.9397,42.3021,3163181.3367008
2014-07-31,41.8985,42.1036,41.5773,41.582,4004132.8688635
2014-08-01,41.4359,41.7524,41.2841,41.5014,2210094.2488507
2014-08-04,41.6353,42.1392,41.5295,42.0886,2243785.3154791
2014-08-05,41.6007,41.6175,41.0023,41.2663,3912359.0952989
2014-08-06,41.4583,42.2506,41.4171,42.0511,3736842.4340758
2014-08-07,41.8816,41.8816,41.0725,41.3609,3421038.8707977
2014-08-08,41.2261,41.582,41.0978,41.5548,2564262.6173041
2014-08-11,41.7056,41.8414,41.6175,41.7056,2733728.0844798
2014-08-12,41.6232,41.8695,41.5248,41.8105,1299481.9089831
2014-08-13,41.5651,41.7468,41.4321,41.6353,2071532.9034536
2014-08-14,41.5295,41.7,41.3609,41.6175,2160252.7834281
2014-08-15,42.4014,42.4613,41.8638,42.3789,3963921.8461996
2014-08-18,42.4492,42.5587,42.2263,42.5587,2904402.295552
2014-08-19,41.1156,41.3544,40.8983,40.9639,9668388.9882208
2014-08-20,41.389,41.8451,41.3609,41.5482,4828688.4093909
2014-08-21,41.2551,41.3019,41.0332,41.272,2938782.0899306
2014-08-22,40.8861,40.9348,40.5668,40.7747,3387131.0417921
2014-08-25,40.7634,40.7709,40.5303,40.623,2065922.7087254
2014-08-26,40.5668,40.6398,40.3776,40.4357,2790654.3694726
2014-08-27,40.7709,40.8749,40.578,40.7297,2070216.312266
2014-08-28,40.0161,40.0508,39.7043,39.9103,4454651.580087
2014-08-29,40.0433,40.1706,39.8859,40.1425,1933186.1848438
2014-09-02,40.2662,40.2943,39.782,39.8934,2105236.7836216
2014-09-03,40.2259,40.387,39.9346,40.0358,2506777.8755464
2014-09-04,40.2128,40.2212,39.7136,39.8091,4857147.2807075
2014-09-05,39.6293,39.8429,39.486,39.7679,2271617.3911532
2014-09-08,39.5413,39.6069,39.1124,39.2013,2147055.9054977
2014-09-09,39.3793,39.4411,39.1545,39.3334,3390038.6474726
2014-09-10,39.2781,39.3081,38.8848,39.2669,2597886.4128499
2014-09-11,38.6338,38.8736,38.6039,38.8314,3369281.781214
2014-09-12,38.838,39.0047,38.6479,38.8193,4157450.0728349
2014-09-15,38.6039,38.6647,38.3369,38.4924,4543781.4933267
2014-09-16,38.2349,39.2725,38.2349,39.0047,4452273.6007075
2014-09-17,38.7059,38.7481,38.0626,38.0925,4580669.5380701
2014-09-18,38.2227,38.3903,38.1047,38.2349,1516673.5397624
2014-09-19,38.0101,38.13,37.5699,37.7198,3482830.0296356
2014-09-22,37.0511,37.0567,36.2832,36.5089,7707004.474031
2014-09-23,36.7421,36.8535,36.5089,36.6203,3050301.5279252
2014-09-24,37.1757,37.289,36.7421,37.0567,4584301.1087345
2014-09-25,36.3534,36.3722,35.6267,35.7269,8726225.4428278
2014-09-26,35.7878,35.8767,35.5078,35.6445,4411694.1887818
2014-09-29,35.0657,35.3832,34.9955,35.1556,6970152.2726747
2014-09-30,35.1331,35.3467,34.8915,35.0788,4384098.0957942
2014-10-01,34.9477,35.1378,34.6555,34.8232,6054076.0259886
2014-10-02,34.9543,35.1135,34.4214,35.0198,7441217.4945492
2014-10-03,34.3643,34.4888,33.8445,34.0955,8343297.0848787
2014-10-06,34.7923,35.2025,34.1676,34.53,12355659.449511
2014-10-07,34.4945,34.6256,33.9101,34.0253,8449599.2766908
2014-10-08,34.1301,34.8391,33.7855,34.767,6361608.4494941
2014-10-09,34.885,34.9768,34.0543,34.1264,6536300.7730068
2014-10-10,33.3631,33.6909,33.1187,33.203,5471479.6203749
2014-10-13,34.1601,34.6621,33.9466,34.0056,7027855.9123995
2014-10-14,34.6424,35.1378,34.5956,34.767,5875964.6230088
2014-10-15,34.5722,35.0732,34.2453,34.9543,8649757.4422428
2014-10-16,34.1901,35.401,34.0196,34.9824,5812436.1617684
2014-10-17,35.1856,35.4066,34.9768,35.1753,3898963.6075056
2014-10-20,35.0498,35.3532,35.0002,35.3392,2846973.0791323
2014-10-21,35.7475,35.8477,35.3467,35.6445,3598174.3091826
2014-10-22,35.2689,35.4375,35.0301,35.1435,4959195.3773926
2014-10-23,35.2277,35.2802,34.9412,35.0002,3117927.1184332
2014-10-24,35.0657,35.3289,35.0657,35.2334,2551192.8069741
2014-10-27,34.9178,35.1491,34.8044,35.0301,3392213.7458093
2014-10-28,35.4225,35.5546,35.239,35.5255,2504171.3880451
2014-10-29,35.7512,35.7644,34.9121,35.0432,5051417.6248411
2014-10-30,34.7333,35.2099,34.6321,35.0264,3518271.2122061
2014-10-31,35.1135,35.4469,34.9477,35.4113,3508245.6853116
2014-11-03,35.4178,35.4225,34.8044,34.9711,3208202.7756667
2014-11-04,35.2334,35.2465,34.8756,35.1135,3143756.0107594
2014-11-05,34.929,35.0367,34.5722,34.7464,4426952.9787831
2014-11-06,34.8634,34.8756,34.5141,34.5909,2793349.4839557
2014-11-07,35.4619,35.9245,35.3645,35.6735,5594089.1768406
2014-11-10,35.8767,35.9414,35.2025,35.2849,4751052.2411178
2014-11-11,34.9178,35.1556,34.7801,35.1331,4919678.4214537
2014-11-12,34.7258,34.9178,34.4401,34.6621,3641825.7672128
2014-11-13,34.4776,34.6967,34.2313,34.3343,2279955.8020083
2014-11-14,33.9869,34.8466,33.9531,34.8101,4130916.4358341
2014-11-17,34.8634,34.8634,34.3942,34.6677,2497136.7548381
2014-11-18,34.471,34.5591,34.1189,34.2809,4119131.182843
2014-11-19,33.7911,33.8408,33.1431,33.2732,6022867.5826459
2014-11-20,32.4088,32.9707,32.3807,32.8556,4409083.4301007
2014-11-21,34.2978,34.5478,34.0253,34.1601,6924306.4959984
2014-11-24,33.9232,33.9869,33.3491,33.41,3572692.450219
2014-11-25,32.8827,33.1122,32.7778,32.8818,4637982.3648391
2014-11-26,33.2058,33.2255,32.8443,32.9876,3281396.9168995
2014-11-28,31.2775,31.3843,30.7222,30.7606,5171585.1342297
2014-12-01,30.4328,30.6763,29.9964,30.592,7386181.2066384
2014-12-02,30.8898,30.932,30.3186,30.3972,4652268.3936303
2014-12-03,30.6763,31.0734,30.4188,30.813,3405499.2507216
2014-12-04,30.4497,30.6623,30.4085,30.5265,3760139.584548
2014-12-05,30.0563,30.2174,29.8484,30.0161,4052354.4893294
2014-12-08,29.633,29.6808,29.2097,29.2219,5867760.7543188
2014-12-09,28.424,29.2519,28.3959,28.9353,8477380.0982068
2014-12-10,28.6563,28.7096,28.262,28.4109,6061745.9971977
2014-12-11,28.0307,28.483,27.9829,28.0597,7571376.3613935
2014-12-12,27.7797,27.9745,27.4528,27.5128,5235475.577962
2014-12-15,27.2093,27.3751,26.7505,26.8984,9934017.9340482
2014-12-16,27.0604,28.2039,26.8048,26.9518,7224063.2365935
2014-12-17,27.0249,27.9651,26.8628,27.583,9124611.2006411
2014-12-18,27.6851,27.8686,27.3395,27.8228,7182098.8946026
2014-12-19,28.0597,28.9194,27.9829,28.8286,7827766.7452132
2014-12-22,28.7396,28.7808,28.1262,28.2507,5834763.7544155
2014-12-23,28.0672,28.4306,27.9052,28.188,3954950.2329322
2014-12-24,28.0129,28.0428,27.7385,27.9717,2457882.4764597
2014-12-26,28.084,28.5729,28.0597,28.3163,2613978.0829212
2014-12-29,28.7527,29.0327,28.6263,28.704,3862774.968462
2014-12-30,28.5027,28.8464,28.4886,28.5027,3417892.0790459
2014-12-31,28.3875,28.5027,28.1496,28.1889,2885757.5277275
2015-01-02,28.2161,28.3641,28.0531,28.3229,2471533.1672488
2015-01-05,27.4772,27.613,27.0052,27.3152,7355969.0159949
2015-01-06,27.0895,27.5793,26.964,27.1419,4902859.5830136
2015-01-07,27.3461,27.5128,27.1073,27.3976,3591807.0478266
2015-01-08,27.6504,27.9351,27.4716,27.8087,3817198.2761161
2015-01-09,28.0672,28.1674,27.8818,27.9614,3997092.8966817
2015-01-12,27.4641,27.5053,27.0895,27.333,4569316.7420384
2015-01-13,27.3751,27.4163,26.8263,27.0529,4737113.2456891
2015-01-14,25.8683,26.3384,25.5705,26.3084,9354869.4383656
2015-01-15,26.8928,26.9452,26.5482,26.6596,8254048.6463982
2015-01-16,27.0717,27.6017,26.9939,27.4875,7256627.7795374
2015-01-20,27.2093,27.3826,27.0604,27.215,7177261.7834266
2015-01-21,27.3826,27.8265,27.2683,27.7263,6443606.5601853
2015-01-22,28.1749,28.3716,27.9651,28.188,4655788.9136187
2015-01-23,27.598,27.6308,27.0604,27.1073,5503381.0626476
2015-01-26,27.0773,27.5727,26.875,27.4116,4259102.0175893
2015-01-27,27.2028,27.4716,27.0014,27.3039,3720434.6966959
2015-01-28,27.4163,27.5296,26.9865,27.0464,4417202.9429887
2015-01-29,27.3105,27.3105,26.7739,27.2206,4268422.7998091
2015-01-30,27.2964,27.8939,27.0839,27.6017,5623128.9286163
2015-02-02,27.9745,28.2386,27.7638,28.188,6263372.3808219
2015-02-03,28.9831,29.8363,28.7462,29.7585,14265294.348682
2015-02-04,29.103,29.3296,28.955,29.0805,5172224.7434117
2015-02-05,29.103,29.7108,29.0374,29.5665,4747349.128191
2015-02-06,29.0683,29.0842,28.6366,28.7686,4998883.1805254
2015-02-09,29.044,29.6452,28.9962,29.3296,3603359.5215161
2015-02-10,28.9232,28.9775,28.5504,28.8061,3463013.8907382
2015-02-11,28.5504,28.6675,28.0728,28.5598,3252604.893555
2015-02-12,28.9194,29.1798,28.7462,29.0805,4341377.7549705
2015-02-13,30.0198,30.7353,29.9739,30.4965,7038117.4219805
2015-02-17,30.4375,30.534,30.2605,30.3785,5272827.0457188
2015-02-18,30.0704,30.7465,30.0563,30.4188,4168366.1407274
2015-02-19,30.1228,30.2455,29.9196,30.0704,3249562.7457094
2015-02-20,30.0704,30.2174,29.9608,30.0723,3736334.1636741
2015-02-23,29.6808,29.7407,29.3455,29.5188,4201280.9204187
2015-02-24,30.9741,31.5622,30.6922,31.1633,6266983.663382
2015-02-25,31.301,31.4321,31.1249,31.3075,3272050.5076006
2015-02-26,31.2607,31.2953,30.813,30.8973,2990029.8413177
2015-02-27,31.1633,31.3431,31.1174,31.2907,3597710.8861693
2015-03-02,31.1174,31.182,30.813,31.1577,4875935.1330568
2015-03-03,31.0874,31.3253,30.9151,30.9741,2450137.7596032
2015-03-04,30.7353,30.813,30.4019,30.7531,3746627.7071039
2015-03-05,30.7353,30.7877,30.2895,30.3429,3494515.9776954
2015-03-06,29.8728,30.0086,29.3099,29.4008,5248061.6771744
2015-03-09,29.5909,29.633,29.3455,29.4532,3801012.6400881
2015-03-10,28.6984,28.7583,28.1889,28.2685,4863850.8974764
2015-03-11,28.085,28.0972,27.7244,27.8836,4095466.710904
2015-03-12,28.5027,28.5926,27.4847,27.5287,3478803.3748354
2015-03-13,27.628,27.6626,26.9612,27.2534,5376058.2592214
2015-03-16,27.4744,27.6823,27.2646,27.6626,3471356.5727732
2015-03-17,28.085,28.3538,27.9576,28.2245,4042670.6568226
2015-03-18,27.981,28.9344,27.6692,28.8969,5762982.3059169
2015-03-19,28.7087,28.7396,28.4512,28.5064,4487458.5124872
2015-03-20,29.205,29.7248,29.0824,29.4008,5969766.1392055
2015-03-23,30.1387,30.3363,29.9496,30.2268,3377201.6164442
2015-03-24,30.4047,30.4778,29.9814,30.031,3200495.4316339
2015-03-25,30.1706,30.2586,29.6752,29.7014,4703889.8732539
2015-03-26,29.5534,29.7426,29.1873,29.3952,3736826.4171514
2015-03-27,29.0458,29.1002,28.7227,28.8126,3060731.7491101
2015-03-30,28.8267,29.0159,28.6291,28.8632,4405562.9101123
2015-03-31,28.4099,28.5317,28.2685,28.4277,3696607.9199227
2015-04-01,28.1337,28.3678,28.1337,28.188,3487376.7005821
2015-04-02,27.8349,27.9202,27.51,27.8705,4259098.8142045
2015-04-06,28.1337,28.6591,28.1028,28.4512,2044629.8093961
2015-04-07,28.3472,28.807,28.262,28.5813,2872860.7001813
2015-04-08,29.1554,29.2285,28.4465,28.5869,2898246.4575984
2015-04-09,28.1711,28.4277,27.9642,28.0428,3657987.9117516
2015-04-10,27.9988,28.1159,27.9127,28.0307,2929794.4597388
2015-04-13,27.376,27.5287,26.8132,26.8582,4842506.743989
2015-04-14,27.5596,28.0119,27.5287,27.908,5685010.8500259
2015-04-15,27.9436,28.4034,27.805,28.2086,6880203.3606994
2015-04-16,28.6188,28.8932,28.2807,28.6422,5357791.4908133
2015-04-17,28.1711,28.4708,28.0794,28.4099,2955296.6068067
2015-04-20,28.4465,28.9728,28.4221,28.7153,2669404.115993
2015-04-21,28.6591,28.7153,28.158,28.2938,3737788.5004118
2015-04-22,28.9175,29.2903,28.8426,29.2416,3538788.8923932
2015-04-23,29.4495,30.1959,29.3643,30.1097,3667515.8461939
2015-04-24,30.9526,31.2916,30.8758,31.2242,5047504.1563069
2015-04-27,31.0322,31.7364,31.0031,31.5229,4507893.9724623
2015-04-28,32.0015,32.0914,31.8423,31.9762,3591474.9635935
2015-04-29,31.4002,31.891,31.2054,31.7364,3625013.3355424
2015-04-30,30.9526,31.596,30.8636,31.3768,5171891.5913836
2015-05-01,32.0136,32.0914,31.4508,31.7627,2501187.9689224
2015-05-04,31.9322,31.9706,31.7186,31.9097,2840051.6321912
2015-05-05,31.7673,32.0193,31.7186,31.8291,4524236.5743496
2015-05-06,31.7861,31.9397,31.2541,31.4508,3985296.9657409
2015-05-07,30.7409,30.7821,30.3045,30.7522,4662902.5636529
2015-05-08,30.8252,31.1876,30.489,31.0753,5212432.5626907
2015-05-11,31.1071,31.389,31.0753,31.2541,4362246.7397001
2015-05-12,31.3506,31.9322,31.2541,31.713,3506390.9254633
2015-05-13,31.7804,32.0193,31.639,31.7018,2539506.8589144
2015-05-14,31.891,32.0745,31.537,31.6756,2353577.0612258
2015-05-15,31.4433,31.596,31.1755,31.537,2878735.70806
2015-05-18,29.8531,29.914,29.4982,29.59,3202145.1748496
2015-05-19,28.3912,28.4146,27.9276,28.1215,6389669.03329
2015-05-20,28.1103,28.262,28.025,28.1337,3156760.6855967
2015-05-21,28.38,28.4774,28.2152,28.3126,2164774.8950905
2015-05-22,28.2742,28.3678,27.981,28.0606,1860568.6528903
2015-05-26,27.8958,28.0372,27.376,27.6392,3969618.5323197
2015-05-27,27.4922,27.8087,27.3451,27.6514,2693749.8411175
2015-05-28,27.3451,27.3451,26.9893,27.2646,3936108.9908348
2015-05-29,27.5231,27.628,27.2534,27.3021,3566166.0874137
2015-06-01,27.2721,27.332,26.7158,26.9218,2819697.3246332
2015-06-02,26.9612,27.6767,26.9424,27.5521,3940069.4423474
2015-06-03,27.1738,27.4435,27.0698,27.155,2953006.1866141
2015-06-04,26.6418,26.8076,26.3243,26.3665,3673564.9046514
2015-06-05,26.0968,26.5201,26.0059,26.2494,2748838.4509814
2015-06-08,26.2073,26.2822,25.9085,26.2026,2293098.2223957
2015-06-09,26.1942,26.2691,25.7868,25.8224,5671207.4645573
2015-06-10,26.7158,26.8666,26.5744,26.6287,5589826.5393539
2015-06-11,26.6128,26.6915,26.432,26.6287,1694306.5705994
2015-06-12,26.5547,26.6671,26.3796,26.4901,1679774.948967
2015-06-15,26.1764,26.3412,26.0968,26.2391,2170662.7165087
2015-06-16,26.152,26.4021,26.0668,26.3665,2132575.5380234
2015-06-17,26.536,26.8076,26.2429,26.6587,2767963.7265386
2015-06-18,27.155,27.5652,26.8432,27.0885,2805070.6692492
2015-06-19,26.9359,27.0511,26.7776,26.801,1851248.9384655
2015-06-22,27.082,27.1625,26.8666,26.8928,1939032.3622586
2015-06-23,26.9106,27.3264,26.8666,27.2908,2184271.7632943
2015-06-24,27.3152,27.4978,27.1016,27.155,3870214.2959595
2015-06-25,26.9527,27.0211,26.4508,26.5126,3382758.4214244
2015-06-26,26.1408,26.152,25.9441,26.1164,3534454.7126441
2015-06-29,25.6688,25.9441,25.4468,25.5283,4689504.5395312
2015-06-30,25.4253,25.4665,24.7697,24.9055,4531838.2066812
2015-07-01,24.9467,25.0516,24.678,24.7697,2816185.3470045
2015-07-02,25.2221,25.5096,25.1668,25.2586,3210140.823522
2015-07-06,24.1338,24.2799,23.8763,24.2191,6268911.0332877
2015-07-07,23.5663,23.9568,23.1599,23.8407,6653871.4050487
2015-07-08,23.2086,23.3743,22.671,22.8733,7715256.3934943
2015-07-09,23.8407,24.0055,23.4043,23.4923,5883131.6627911
2015-07-10,24.4026,24.4176,24.072,24.1451,3818065.3256249
2015-07-13,24.3296,25.0881,24.1217,24.7828,7138544.6059139
2015-07-14,24.7388,24.751,24.4176,24.4401,3954387.5049875
2015-07-15,24.4504,24.4813,23.8463,24.0336,4720999.1519236
2015-07-16,24.6658,24.6826,24.3099,24.3652,3035885.2281486
2015-07-17,24.4335,24.5188,24.0973,24.2003,4086805.8259705
2015-07-20,24.0786,24.1451,23.896,23.9372,3879368.5021653
2015-07-21,24.0224,24.5618,23.9803,24.2743,3179569.8537714
2015-07-22,23.3743,23.5101,23.0082,23.0634,6223465.679722
2015-07-23,23.1908,23.2451,22.4397,22.5867,5408425.2600974
2015-07-24,22.3592,22.3657,21.8937,22.2065,6989628.8527742
2015-07-27,22.3301,22.5427,22.1035,22.2196,5789623.7902088
2015-07-28,22.6972,22.9951,22.6111,22.892,4777611.5051977
2015-07-29,22.9398,23.5691,22.9398,23.4296,3476913.3777534
2015-07-30,23.5017,23.5691,23.1795,23.3256,3227469.0001589
2015-07-31,23.9924,24.0055,23.4483,23.4727,3797146.1545322
2015-08-03,22.9482,23.0194,22.6851,22.8124,3954579.7080806
2015-08-04,23.3874,23.6871,23.35,23.4671,4521954.6965166
2015-08-05,24.4401,24.4888,23.7414,23.8538,5008427.1318921
2015-08-06,23.4174,23.8407,23.3144,23.8098,4117307.3890486
2015-08-07,23.4549,23.8463,23.4043,23.6384,3095059.2215356
2015-08-10,23.4483,24.3043,23.3388,24.2987,4900539.264562
2015-08-11,23.3013,23.3191,22.8433,23.1355,6274267.0928151
2015-08-12,22.8181,23.3818,22.671,23.3388,6578514.9790187
2015-08-13,23.0634,23.2086,22.8246,23.0747,4496284.9056398
2015-08-14,23.0016,23.2282,22.9595,23.1739,2817984.5815148
2015-08-17,22.6972,22.7637,22.3779,22.745,4840546.2724395
2015-08-18,22.3105,22.4744,22.1522,22.465,3378180.784424
2015-08-19,22.0576,22.2683,21.8029,22.0791,6014231.2569965
2015-08-20,22.318,22.318,21.9312,21.9443,3831471.4913678
2015-08-21,21.7364,21.8703,21.1913,21.2157,5203929.7114115
2015-08-24,19.5028,20.488,19.3267,19.6873,11924350.369647
2015-08-25,20.9151,20.9947,20.1218,20.1387,8209898.528121
2015-08-26,21.0743,21.0743,20.2249,20.8476,7858611.0704739
2015-08-27,21.2578,22.1587,21.2222,22.0239,7538221.3278358
2015-08-28,21.9443,22.5867,21.8937,22.4453,4506259.1783761
2015-08-31,21.992,22.6326,21.7776,22.5305,4968212.9058433
2015-09-01,21.0555,21.3683,20.6884,20.8476,6985872.3500993
2015-09-02,21.6137,21.6315,20.8851,21.3608,4849863.8512744
2015-09-03,21.3749,21.7907,21.2953,21.4124,5670787.8211374
2015-09-04,20.6453,20.7943,20.4927,20.6453,4936829.3441269
2015-09-08,21.3749,21.6568,21.1426,21.4854,5122359.7864999
2015-09-09,22.4219,22.4725,21.5603,21.5875,4986603.538467
2015-09-10,21.5875,21.7823,21.3955,21.5219,4822468.5037396
2015-09-11,21.6249,21.6736,21.3196,21.6053,5404491.5034589
2015-09-14,21.4854,21.6877,21.1239,21.6306,4644877.1169061
2015-09-15,21.3449,21.7514,21.314,21.6811,5448173.927543
2015-09-16,22.1513,22.6598,22.1194,22.5193,5210525.4808893
2015-09-17,22.4163,22.9183,22.2964,22.4378,5334334.1710969
2015-09-18,22.0557,22.3414,21.8647,21.9415,3327030.2023785
2015-09-21,21.7514,21.904,21.6053,21.6568,3096481.5244245
2015-09-22,20.7437,20.9385,20.6163,20.8327,5124742.0370592
2015-09-23,20.768,20.8495,20.3878,20.3878,4634704.234307
2015-09-24,20.1911,20.5714,20.046,20.4768,4767683.1476448
2015-09-25,20.3307,20.444,20.1331,20.2099,3513422.3552854
2015-09-28,19.6077,19.633,19.1207,19.3286,12570169.847142
2015-09-29,19.5328,19.5702,19.2912,19.4869,4064722.7583696
2015-09-30,19.7098,20.0825,19.7013,20.0516,5120958.8395103
2015-10-01,20.5639,20.7437,20.1396,20.3494,5786269.8462344
2015-10-02,20.2614,20.9713,20.1593,20.9647,6507091.2418322
2015-10-05,20.9769,21.5538,20.9272,21.3711,5528854.3792516
2015-10-06,21.2681,21.7579,21.2438,21.7186,7466973.776818
2015-10-07,22.8031,23.1018,22.3095,22.6204,7575234.3045897
2015-10-08,23.0316,23.7855,22.9304,23.6656,9021681.1053177
2015-10-09,24.028,24.1619,23.8126,23.9447,5762299.9849364
2015-10-12,23.9259,23.9643,23.4436,23.4989,4092138.3940087
2015-10-13,22.8358,23.3181,22.7338,22.9426,4475044.3282636
2015-10-14,23.2292,23.3491,23.0007,23.2526,6658476.8047181
2015-10-15,23.0821,23.291,22.9613,23.2404,3473683.2979945
2015-10-16,23.0953,23.1458,22.7581,22.8677,3466115.8351017
2015-10-19,22.4378,22.5109,22.2468,22.3414,3410625.7343322
2015-10-20,21.8272,22.3161,21.8272,22.1578,3819149.1375109
2015-10-21,22.3526,22.3891,21.948,22.0042,2669129.6926879
2015-10-22,22.2252,22.6279,22.214,22.4378,3807207.9864553
2015-10-23,22.8031,22.9304,22.5109,22.6701,3382382.5575979
2015-10-26,22.8227,22.8227,22.3854,22.3976,1887282.7472396
2015-10-27,21.8394,22.0754,21.7186,21.7963,4511945.1865466
2015-10-28,21.2681,21.978,21.2681,21.6427,5091469.5460558
2015-10-29,20.8064,21.1932,20.724,20.7484,5116701.5409984
2015-10-30,20.989,21.0583,20.7746,20.8561,3066049.3680189
2015-11-02,20.6463,20.8252,20.489,20.768,2904805.9220475
2015-11-03,20.9825,21.4966,20.8757,21.3318,3394768.9791525
2015-11-04,21.7055,21.7748,21.1033,21.1998,4620813.2896515
2015-11-05,20.8327,20.8495,20.4262,20.5714,5464259.1908445
2015-11-06,19.4625,19.677,19.2031,19.5,12955515.692884
2015-11-09,19.2078,19.3539,18.7452,18.9849,6686020.5757526
2015-11-10,18.8463,18.9933,18.7527,18.9503,5626685.7536334
2015-11-11,18.9503,18.9549,18.3134,18.3443,5101089.3108648
2015-11-12,17.819,18.143,17.6551,17.8761,9617761.6257064
2015-11-13,18.1364,18.2076,17.8499,18.0147,5859125.4964644
2015-11-16,18.0419,18.2573,17.7946,18.1739,4750536.4961514
2015-11-17,18.1046,18.1046,17.7375,17.789,8574459.7449356
2015-11-18,18.054,18.2001,17.8695,18.1364,4711899.4032609
2015-11-19,18.3715,18.5476,18.3266,18.4652,7114211.694329
2015-11-20,18.6562,18.7452,18.3593,18.453,8865722.1766113
2015-11-23,18.2001,18.2769,17.9285,18.0278,6530268.7992687
2015-11-24,17.9922,18.2769,17.9922,18.2516,4737602.2957815
2015-11-25,17.9014,17.9136,17.3807,17.4584,9029879.6350328
2015-11-27,16.8038,17.1466,16.741,17.1091,6224343.4071804
2015-11-30,16.4807,16.9752,16.4311,16.918,8087028.4296846
2015-12-01,17.0829,17.3292,17.051,17.3179,6855720.9578198
2015-12-02,17.0707,17.3516,17.0136,17.051,7671709.5793703
2015-12-03,16.9705,17.051,16.5519,16.6465,7735259.3965099
2015-12-04,16.7092,16.7982,16.4994,16.7907,5629203.6141528
2015-12-07,16.3983,16.4348,16.1089,16.1763,6792198.9033492
2015-12-08,15.2829,15.6697,15.1612,15.4983,11173133.122672
2015-12-09,15.9862,16.3046,15.695,15.8158,9759373.6613088
2015-12-10,15.8017,16.1023,15.7455,15.9366,7874456.0799091
2015-12-11,15.2127,15.3466,15.0469,15.0993,7874295.9106649
2015-12-14,14.9542,15.0918,14.7172,15.0104,10388837.723377
2015-12-15,15.2239,15.3728,15.0357,15.0993,6473659.6493795
2015-12-16,15.517,15.6257,15.2192,15.5854,9921638.9870584
2015-12-17,15.4234,15.4608,14.9617,14.9785,6102762.1372627
2015-12-18,15.208,15.4477,15.1293,15.1752,8646368.2610346
2015-12-21,15.562,15.6191,15.2389,15.3981,8388539.5574017
2015-12-22,15.3728,15.6069,15.326,15.562,6289633.7301074
2015-12-23,16.4189,16.609,16.2475,16.462,7937373.7624315
2015-12-24,16.506,16.6277,16.4123,16.5762,2364171.7228348
2015-12-28,16.4498,16.4872,16.2335,16.373,5549426.5169817
2015-12-29,16.5313,16.7204,16.5125,16.6849,9971909.7060556
2015-12-30,16.4123,16.5575,16.2934,16.4872,7000787.310123
2015-12-31,16.3412,16.5697,16.3093,16.3355,3816788.2428508
2016-01-04,15.8972,16.1707,15.695,16.1576,7950165.9460714
2016-01-05,16.0752,16.1173,15.8017,16.0237,4717252.2594034
2016-01-06,15.0357,15.208,14.8474,15.0666,7832681.8054214
2016-01-07,14.2743,14.5599,14.1722,14.2434,7485739.2054731
2016-01-08,14.2434,14.3052,13.9072,13.9259,11742819.8872
2016-01-11,14.0392,14.1216,13.3649,13.571,9300381.997065
2016-01-12,13.571,13.5822,12.9407,13.0887,10093603.094444
2016-01-13,13.3986,13.4876,12.8096,12.9229,8746169.7171206
2016-01-14,13.393,13.8931,13.2301,13.7489,9628594.4055919
2016-01-15,12.6195,12.8405,12.5361,12.803,8052318.6866628
2016-01-19,13.0137,13.0568,12.5623,12.7281,6485013.5132062
2016-01-20,12.0295,12.4322,11.7064,12.2879,12837725.09508
2016-01-21,12.6457,13.4623,12.5118,13.3162,15279289.528937
2016-01-22,13.8304,14.0139,13.3593,13.6206,8140716.0925589
2016-01-25,13.4689,13.5382,13.1458,13.158,5854095.1144003
2016-01-26,13.5316,13.9952,13.3556,13.9587,7358509.3002086
2016-01-27,13.4192,13.954,13.349,13.5382,8667512.7368643
2016-01-28,14.2565,14.2743,13.7096,13.8182,4940969.1851931
2016-01-29,13.4951,13.9493,13.4811,13.8931,6034599.445889
2016-02-01,13.8304,13.8379,13.4998,13.7817,5230383.2637902
2016-02-02,12.9491,12.9875,12.759,12.8911,5989558.7866137
2016-02-03,13.1767,13.5775,12.7918,13.5635,6479639.3011645
2016-02-04,14.2368,15.0797,14.1853,14.515,9581271.8684837
2016-02-05,14.2368,14.6423,14.1216,14.3183,7125807.947612
2016-02-08,14.2106,14.4803,14.1347,14.4007,5773001.4260416
2016-02-09,13.673,14.0074,13.6524,13.8182,7114962.354187
2016-02-10,13.6206,13.9456,13.526,13.7292,8327987.0407193
2016-02-11,13.4052,13.5822,13.201,13.438,6969766.7986935
2016-02-12,14.0533,14.5796,14.0205,14.4073,5930090.0818173
2016-02-16,14.4213,14.7126,14.1619,14.6863,7880948.2732757
2016-02-17,14.883,15.4796,14.883,15.2951,8572267.5618795
2016-02-18,15.4037,15.4412,15.1125,15.2127,4061546.0683588
2016-02-19,14.9345,15.2127,14.8568,15.208,3823178.995696
2016-02-22,15.8158,16.1988,15.7071,16.0377,8015411.4216101
2016-02-23,15.5938,15.7071,15.1125,15.2754,13054568.624702
2016-02-24,14.102,14.4719,13.8753,14.4588,12961764.429
2016-02-25,14.3127,14.4972,13.9896,14.4766,8404747.6171238
2016-02-26,14.4531,14.6545,14.2303,14.3052,7046991.8659064
2016-02-29,14.5646,14.6798,14.3052,14.338,5004382.3245776
2016-03-01,15.016,15.0291,14.6423,14.8765,6459508.1627534
2016-03-02,15.2576,16.1089,15.2005,16.1089,11259236.904991
2016-03-03,16.2147,16.4442,16.0124,16.3927,7336147.5381228
2016-03-04,16.9396,18.0671,16.8431,17.553,14955222.300451
2016-03-07,17.8115,18.6431,17.8115,18.4989,14550794.958745
2016-03-08,17.3123,17.3563,16.7542,16.874,12330412.505439
2016-03-09,17.0623,17.3245,16.4451,17.3039,8816347.3375869
2016-03-10,16.7588,17.1185,16.638,17.0351,9022407.2058915
2016-03-11,17.0473,17.4781,17.0079,17.4715,6828507.1354285
2016-03-14,17.3507,17.4453,17.0154,17.2336,6528623.3272329
2016-03-15,16.1951,16.2007,15.93,16.0518,8456427.8254703
2016-03-16,16.1117,16.7467,15.8551,16.6895,7746935.734415
2016-03-17,17.3554,17.5923,17.0623,17.5174,7371645.3138262
2016-03-18,18.0297,18.2273,17.4715,17.5998,6945475.5311121
2016-03-21,17.5343,17.7871,17.2505,17.3807,4781091.4489776
2016-03-22,17.0932,17.2514,17.0079,17.1447,5173650.2496854
2016-03-23,17.0211,17.0417,16.3496,16.3795,6669030.8901186
2016-03-24,15.9937,16.4573,15.945,16.4573,5912673.2781987
2016-03-28,16.5397,16.624,16.1819,16.4891,2678524.15276
2016-03-29,15.872,16.5603,15.7015,16.5144,6450735.1593489
2016-03-30,16.874,17.1943,16.7645,16.8815,7377379.37277
2016-03-31,16.8169,16.874,16.5472,16.624,3593681.0279842
2016-04-01,16.0405,16.4704,15.9815,16.4638,4175930.4002354
2016-04-04,16.4189,16.5022,15.8017,15.8345,5073262.5741655
2016-04-05,15.2895,15.5095,15.193,15.4496,5930461.674464
2016-04-06,15.2895,15.6238,15.0188,15.6041,8355447.5237467
2016-04-07,15.385,15.5976,15.2567,15.3531,6558941.2295776
2016-04-08,15.8982,16.0902,15.8279,15.8982,7520466.0332143
2016-04-11,16.373,16.6315,16.3496,16.4367,4807467.0523241
2016-04-12,16.9124,17.2636,16.7588,17.1447,6598505.1684948
2016-04-13,18.1327,18.4904,18.055,18.2994,11297600.642371
2016-04-14,18.6468,18.7096,18.2863,18.4792,7961079.878374
2016-04-15,18.556,18.7564,18.3443,18.556,7152320.2287135
2016-04-18,18.5064,19.2556,18.4474,19.1928,7000249.1414623
2016-04-19,19.8006,20.237,19.6592,20.193,7889956.1915717
2016-04-20,20.4496,21.1754,20.3784,20.8795,11212785.688571
2016-04-21,21.0209,21.0649,20.237,20.3784,13744353.491946
2016-04-22,20.5011,20.7324,20.193,20.4243,7685039.9316709
2016-04-25,19.8896,19.943,19.4616,19.6021,7272776.0427417
2016-04-26,19.7379,19.943,19.4363,19.9299,5748037.4476343
2016-04-27,19.3783,19.8615,19.2696,19.8474,8926299.2525778
2016-04-28,20.0516,20.4178,19.8615,19.9551,5778718.400266
2016-04-29,20.0713,20.488,19.8896,20.1153,6234878.2722716
2016-05-02,20.3204,20.3288,19.75,20.0057,6230214.1438793
2016-05-03,19.2752,19.3005,18.6768,18.9793,10310416.725807
2016-05-04,17.9847,18.3893,17.6701,17.7347,10753599.685644
2016-05-05,18.0493,18.2273,17.5165,17.7543,8938752.9452149
2016-05-06,17.4977,18.2807,17.4846,17.9285,5755913.5032711
2016-05-09,17.2336,17.2964,16.682,16.8562,8676255.8420098
2016-05-10,17.0417,17.4781,16.9827,17.4378,5822532.1631303
2016-05-11,17.6513,17.8752,17.3367,17.5558,4879582.7206456
2016-05-12,17.5605,17.7272,16.919,17.1494,6923712.8019997
2016-05-13,17.0782,17.3938,16.9667,17.0726,7787587.7563981
2016-05-16,17.6054,18.0362,17.568,17.6317,5954871.4672861
2016-05-17,17.8958,18.4474,17.6785,18.172,6989896.8693096
2016-05-18,17.7609,18.1252,17.4977,17.5483,8618626.9479323
2016-05-19,17.2205,17.6663,16.9808,17.5427,8133282.1040362
2016-05-20,17.6841,17.8489,17.213,17.2271,5770965.1410498
2016-05-23,16.9443,17.4369,16.8675,17.2964,5686697.9660652
2016-05-24,17.4135,17.5483,17.2093,17.3938,6122399.9544015
2016-05-25,17.6944,18.2095,17.6513,18.1393,8045360.934693
2016-05-26,18.453,18.6009,17.921,17.9519,8401933.9774
2016-05-27,17.9669,18.0428,17.5174,17.6513,6161149.165763
2016-05-31,17.4341,17.8883,17.2692,17.3114,6877782.6695215
2016-06-01,16.8815,17.1559,16.6952,17.0988,8670505.7661416
2016-06-02,16.8431,17.2149,16.8291,17.1756,3492387.8623369
2016-06-03,17.6054,17.8752,17.3882,17.8489,6564398.7296264
2016-06-06,18.3116,18.7808,18.2863,18.7302,8734722.9551322
2016-06-07,18.5232,18.7236,18.3696,18.4595,6979603.3258798
2016-06-08,18.999,19.2041,18.8594,19.0308,7577094.4034128
2016-06-09,18.3322,18.4474,17.8574,17.9604,12616531.368785
2016-06-10,17.3507,17.5811,17.0857,17.1559,9848889.0485296
2016-06-13,17.0473,17.4135,17.0286,17.2336,6842718.4185724
2016-06-14,16.9827,17.1185,16.624,16.8225,10467412.483421
2016-06-15,17.0417,17.612,17.0417,17.2786,7549514.3273497
2016-06-16,16.8946,17.2692,16.5669,17.2468,8396908.9343107
2016-06-17,17.4275,17.8817,17.3938,17.7871,11213462.670577
2016-06-20,18.157,18.4474,18.099,18.2095,8674906.1491784
2016-06-21,18.157,18.2938,17.907,18.1645,6699459.8431393
2016-06-22,18.3247,18.3443,17.9932,18.0035,8806818.3353495
2016-06-23,18.4736,18.9016,18.35,18.8707,6509968.9492538
2016-06-24,17.184,17.7778,17.1634,17.4781,19027779.470454
2016-06-27,16.8993,16.9967,16.5294,16.8431,12609981.51449
2016-06-28,17.5212,17.7159,17.2589,17.5427,9030669.8033044
2016-06-29,17.8958,18.0362,17.7946,17.8171,7730905.9964515
2016-06-30,18.2226,18.3387,18.01,18.3322,11487613.687993
2016-07-01,18.1327,18.4211,17.9978,18.3696,7281609.910459
2016-07-05,18.3116,18.3575,17.7937,17.8489,10228626.835134
2016-07-06,17.6626,18.3771,17.6195,18.3387,7341407.4961036
2016-07-07,18.5307,18.6843,17.6569,17.8302,9413714.5509044
2016-07-08,18.4211,18.8444,18.3893,18.8323,8273507.0739835
2016-07-11,18.9343,19.3895,18.9334,19.16,6442347.6299255
2016-07-12,19.5515,19.8793,19.5515,19.795,7207830.6175873
2016-07-13,20.2698,20.3082,19.6349,19.84,8632620.400904
2016-07-14,20.0713,20.1415,19.7725,19.8643,3763598.1724286
2016-07-15,19.8587,19.9373,19.4363,19.5759,4753093.8650844
2016-07-18,19.3895,19.4298,19.2041,19.4157,6095369.7927436
2016-07-19,18.8266,18.9269,18.305,18.4343,9126874.9259597
2016-07-20,18.0746,18.3181,17.8639,18.1767,9143686.2898351
2016-07-21,18.5232,18.8641,18.4736,18.5925,7518348.5958054
2016-07-22,18.4474,18.4829,18.157,18.3247,4727002.2951977
2016-07-25,18.4211,18.4211,17.9847,18.1458,3555617.340988
2016-07-26,18.3893,18.9512,18.3893,18.9091,6938073.5764383
2016-07-27,19.1338,19.3783,18.8594,19.0954,5711910.7406985
2016-07-28,19.0954,19.1338,18.8444,18.9737,3908877.0159291
2016-07-29,18.7742,19.1216,18.6553,19.0561,6021054.4668011
2016-08-01,19.1844,19.2097,18.7349,18.7611,4757720.620653
2016-08-02,18.8753,18.9166,18.4652,18.7499,4156640.6842541
2016-08-03,18.7564,19.2097,18.5925,19.1778,5901279.9059584
2016-08-04,19.0439,19.5,18.9493,19.4045,7673710.6271283
2016-08-05,19.588,19.9476,19.4092,19.9102,7071748.6920911
2016-08-08,20.135,20.4037,20.1284,20.2052,4245049.8358947
2016-08-09,20.1237,20.2455,19.9692,20.0516,3924457.2122138
2016-08-10,20.3541,20.3541,19.8203,19.8325,4145086.0749746
2016-08-11,20.0132,20.3597,19.8793,20.2501,4158497.5796923
2016-08-12,20.104,20.1602,19.7791,19.8793,4260792.3370136
2016-08-15,19.9046,20.1237,19.8587,20.0254,3732602.2202833
2016-08-16,20.5395,20.5901,20.1977,20.2183,4930831.5398276
2016-08-17,20.3082,20.4936,20.0572,20.4815,5592975.4666956
2016-08-18,20.8467,20.9628,20.6753,20.8673,4092568.7153782
2016-08-19,20.4318,20.5639,20.296,20.5011,7523928.8922748
2016-08-22,20.076,20.34,19.9748,20.3148,3916107.0556141
2016-08-23,20.886,21.3103,20.8607,20.9825,6103391.0684951
2016-08-24,20.8991,21.0537,20.5152,20.5264,3848139.7707184
2016-08-25,20.5395,20.769,20.4421,20.7643,4550429.5847576
2016-08-26,20.9703,21.5781,20.5199,20.5976,10129698.835326
2016-08-29,20.3934,20.769,20.3017,20.6753,5439111.5517039
2016-08-30,20.5152,20.6678,20.1584,20.2117,7088916.6994837
2016-08-31,19.7978,19.8109,19.338,19.4298,6256762.7300095
2016-09-01,19.3829,19.6414,19.2612,19.5768,6671608.5471559
2016-09-02,19.972,20.0376,19.6704,19.8296,5927830.6276786
2016-09-06,20.075,20.5611,19.9158,20.4655,5301755.7468185
2016-09-07,20.1593,20.2651,19.9523,20.1031,3775874.6111021
2016-09-08,20.0553,20.4187,20.0291,20.2258,3379045.6983429
2016-09-09,20.3223,20.3335,19.8296,19.9083,6535897.1465113
2016-09-12,19.4045,20.193,19.3118,20.0891,7199304.2748189
2016-09-13,19.5,19.5187,18.9765,19.0205,6237207.1330828
2016-09-14,19.234,19.6105,19.1685,19.4148,6256959.2042825
2016-09-15,19.4682,19.942,19.3502,19.8034,4504309.3847762
2016-09-16,19.4045,19.6302,19.2659,19.4092,4182205.8312247
2016-09-19,19.9205,20.075,19.6985,19.7454,4259582.5253221
2016-09-20,20.1228,20.2501,19.9692,20.1228,4542539.6477864
2016-09-21,20.3616,20.9113,20.3485,20.842,4842226.981709
2016-09-22,21.5013,21.6371,21.0022,21.0209,7045223.5974499
2016-09-23,21.0799,21.3515,21.0097,21.0733,5282699.8779338
2016-09-26,21.0593,21.299,21.0593,21.1305,4875858.2518196
2016-09-27,20.8598,21.1773,20.7643,21.1258,6697578.388417
2016-09-28,21.3393,22.1157,21.2457,22.0829,6472686.8881695
2016-09-29,22.2196,22.6654,22.141,22.2777,6926009.6289621
2016-09-30,22.5371,22.5942,22.3236,22.4406,4459617.8944534
2016-10-03,22.5371,22.6411,22.3826,22.5689,3663897.0890691
2016-10-04,23.0999,23.0999,22.3489,22.4406,6006290.065867
2016-10-05,22.6879,22.9782,22.5905,22.8611,2835207.0464504
2016-10-06,22.6607,22.8405,22.6214,22.7132,2141779.9305924
2016-10-07,23.1262,23.1533,22.6214,22.9005,5526012.9768587
2016-10-10,23.1074,23.4174,23.0943,23.2554,3232182.2471194
2016-10-11,23.0475,23.1205,22.5249,22.6542,4328049.5382599
2016-10-12,22.6982,22.9838,22.5689,22.672,5166941.2939417
2016-10-13,21.7795,22.1353,21.5725,22.0529,4800689.7577028
2016-10-14,22.362,22.5184,21.9995,22.0117,4063369.8621533
2016-10-17,21.9789,22.155,21.9031,21.9415,4443826.2747663
2016-10-18,22.672,22.6935,22.2842,22.3357,7846663.5126486
2016-10-19,22.3489,22.6607,22.2543,22.6326,6021768.8216304
2016-10-20,22.4463,22.7703,22.2505,22.6794,5429269.6855428
2016-10-21,22.4537,22.672,22.4079,22.6411,4594470.7879488
2016-10-24,22.9248,22.9332,22.4921,22.6467,3070690.004922
2016-10-25,22.9248,23.1721,22.9061,23.1262,4986112.3527846
2016-10-26,22.7441,22.9005,22.6542,22.8274,6252992.3460001
2016-10-27,22.5942,22.6467,22.3264,22.4406,5346886.1008705
2016-10-28,22.4341,22.7132,22.4266,22.5821,4581745.8753914
2016-10-31,22.7038,22.8574,22.6083,22.6794,3534638.3733775
2016-11-01,22.9904,23.0231,22.42,22.5764,4859545.5481912
2016-11-02,22.4079,22.6326,22.1812,22.1868,5408791.5137693
2016-11-03,22.3741,22.5764,22.2074,22.2646,5159331.1192503
2016-11-04,21.8563,22.1456,21.7935,22.0052,3694635.7026287
2016-11-07,22.672,23.0522,22.6411,23.0306,5669380.467378
2016-11-08,23.2151,23.9091,23.1458,23.7742,8145410.1192101
2016-11-09,24.3371,25.0057,24.1825,24.5188,17188705.53014
2016-11-10,25.031,25.3354,24.3436,24.6939,12695502.28076
2016-11-11,24.4944,24.5824,23.9409,24.2856,6473983.1912529
2016-11-14,24.3521,24.5188,24.2078,24.442,6660116.9377791
2016-11-15,23.2638,23.7031,23.1131,23.6965,7385435.8857552
2016-11-16,23.3144,23.3996,23.0231,23.0999,4527677.0097159
2016-11-17,23.4043,23.5345,23.1327,23.2638,4969463.2937434
2016-11-18,23.0681,23.0681,22.7506,22.9782,3275354.2652118
2016-11-21,23.3603,23.6169,23.3144,23.5982,4759889.31222
2016-11-22,24.2209,24.8362,24.1957,24.8091,7335007.1331038
2016-11-23,24.3698,25.0825,24.3698,25.0825,4080898.7842429
2016-11-25,24.9655,25.1855,24.8793,25.09,3607694.7690602
2016-11-28,24.8559,25.105,24.8035,24.8297,3369177.1373078
2016-11-29,24.2275,24.4813,24.0908,24.2341,4094292.1364462
2016-11-30,24.5712,24.6976,24.1039,24.3108,6481896.6197133
2016-12-01,24.442,24.8493,24.3052,24.4794,4527207.1799328
2016-12-02,24.0908,24.6368,24.0608,24.6227,3432135.3960387
2016-12-05,24.9318,25.1987,24.7894,25.09,5322801.9855116
2016-12-06,24.2209,24.8428,24.2209,24.8297,5435809.9296826
2016-12-07,25.0104,25.3607,24.9936,25.2052,4701682.7410683
2016-12-08,25.71,25.7755,25.1294,25.1912,4815603.6499315
2016-12-09,25.1855,25.1855,24.7004,24.9215,3180496.6997981
2016-12-12,25.9113,26.0359,25.607,25.6266,5742587.4221503
2016-12-13,25.6126,25.666,24.914,25.1078,5731943.6419731
2016-12-14,24.9655,25.3794,24.3108,24.3315,4840642.373986
2016-12-15,23.896,24.013,23.6965,23.9812,5209286.8387338
2016-12-16,23.7349,23.9568,23.541,23.5719,5522917.4392651
2016-12-19,23.2938,23.4539,23.1917,23.2554,4015816.6813334
2016-12-20,23.3191,23.7031,23.3144,23.6562,3780808.8916197
2016-12-21,23.5982,23.5982,23.3921,23.4371,2460832.7939386
2016-12-22,23.1721,23.3519,23.0306,23.0812,3778018.743385
2016-12-23,22.9332,23.0615,22.8405,22.9332,2288472.534622
2016-12-27,23.0353,23.1655,22.9904,23.0812,1953015.1372807
2016-12-28,23.6712,23.8904,23.4436,23.4568,4062622.4056801
2016-12-29,23.6309,23.6506,23.3725,23.4895,4053855.8090454
2016-12-30,23.6899,23.7349,23.084,23.1721,2925403.6868567
2017-01-03,23.9372,24.028,23.7499,23.9756,5790929.7034468
2017-01-04,23.7414,24.1151,23.7087,24.0711,5860403.6470334
2017-01-05,24.0009,24.3521,23.9568,24.2987,2791575.8765245
2017-01-06,24.1488,24.2593,23.9091,23.9372,2567913.4082778
2017-01-09,23.9812,24.1245,23.8398,23.8641,3746547.6224818
2017-01-10,24.8493,25.1537,24.7707,24.972,7290622.0999349
2017-01-11,25.3466,25.5283,25.0357,25.503,6805930.7465554
2017-01-12,25.9891,26.0275,25.6463,25.7362,3631118.9871328
2017-01-13,25.6575,25.8823,25.5808,25.8008,2634805.4236472
2017-01-17,25.9891,26.1024,25.7615,25.8074,2891515.0781604
2017-01-18,25.754,26.1839,25.7437,26.0087,3546527.2024799
2017-01-19,25.9572,26.123,25.754,25.9366,3006530.4768593
2017-01-20,25.8402,25.9769,25.7334,25.858,2418022.7583382
2017-01-23,26.0996,26.1839,25.9675,26.1118,3101385.9066831
2017-01-24,26.8825,27.0661,26.7383,26.9097,4807027.1207999
2017-01-25,26.669,27.0314,26.6128,26.9921,4223828.4788278
2017-01-26,26.6296,26.831,26.4461,26.6437,3901638.4338844
2017-01-27,26.7982,26.8872,26.5725,26.7064,2427242.1000366
2017-01-30,26.403,26.4742,26.123,26.3065,3934638.6371727
2017-01-31,26.8619,26.9855,26.4798,26.7383,4702516.6889333
2017-02-01,26.8759,26.9921,26.5585,26.8188,3064308.8622314
2017-02-02,26.506,26.6765,26.3384,26.506,3021370.6912356
2017-02-03,25.8982,25.9432,25.4112,25.5086,6855826.669521
2017-02-06,25.5283,25.6388,25.3682,25.4515,2971181.1246555
2017-02-07,25.4637,25.607,25.2886,25.3747,3660040.2136678
2017-02-08,24.9786,25.179,24.8166,25.0619,5027218.1876264
2017-02-09,24.972,25.4225,24.7772,25.3925,6836067.1237566
2017-02-10,25.6969,26.0565,25.6463,25.9628,6805646.7130956
2017-02-13,26.2466,26.3206,25.9891,26.1839,4752935.8314301
2017-02-14,26.138,26.2326,25.8533,26.2082,3363999.399539
2017-02-15,26.3768,26.5332,26.2597,26.3843,3462162.8581538
2017-02-16,26.5987,26.7008,26.4161,26.5463,4232800.0920952
2017-02-17,26.0799,26.138,25.9516,26.0865,3514104.6762659
2017-02-21,26.2869,26.5332,26.1839,26.3918,3974056.2881801
2017-02-22,25.5808,25.8177,25.5686,25.7812,6209541.6334227
2017-02-23,26.1576,26.2054,25.2324,25.3279,6174492.3316032
2017-02-24,24.6939,24.8222,24.5,24.5899,5059977.0692533
2017-02-27,24.7651,25.1209,24.6864,24.9973,5193955.4386752
2017-02-28,24.3698,24.5309,24.2987,24.4944,7061793.6396641
2017-03-01,24.9786,25.2511,24.9524,25.1397,7745358.6012567
2017-03-02,25.031,25.2052,24.5899,24.6293,7551930.7473478
2017-03-03,24.9392,25.3354,24.914,25.2961,4922189.8752034
2017-03-06,24.8615,24.9392,24.6742,24.8297,3799302.0325597
2017-03-07,24.8999,24.9392,24.6368,24.7135,5001929.5995508
2017-03-08,24.7725,24.8315,24.0645,24.1039,5106902.3866358
2017-03-09,23.5944,23.8932,23.5944,23.5944,6735963.4816965
2017-03-10,23.8463,23.8463,23.4024,23.5748,5692502.4994765
2017-03-13,24.0702,24.2163,23.9522,24.0645,3923501.5357232
2017-03-14,23.793,23.9849,23.6,23.9119,5938557.6958628
2017-03-15,24.2959,25.1631,24.072,25.1097,5124596.8169445
2017-03-16,25.3279,25.3878,25.0338,25.0769,7227790.9088045
2017-03-17,25.2755,25.3691,25.2099,25.2558,2995940.0864301
2017-03-20,25.2099,25.4946,25.1631,25.4337,3604293.8421075
2017-03-21,25.2558,25.3213,24.4185,24.4476,5556024.4220495
2017-03-22,24.2818,24.6077,24.1432,24.5216,4405488.164465
2017-03-23,24.4607,24.5543,24.2387,24.3549,3558896.5393151
2017-03-24,24.2247,24.3296,24.0196,24.1507,4362163.4516931
2017-03-27,23.4296,23.7742,23.2704,23.7002,4916760.1378237
2017-03-28,23.8332,24.2902,23.7536,24.1638,6637189.2443637
2017-03-29,24.0992,24.574,24.0608,24.4017,3321710.4478798
2017-03-30,24.4017,24.6602,24.3211,24.4092,3137601.2406007
2017-03-31,24.0702,24.2041,23.9653,24.0261,2832203.3392234
2017-04-03,24.1367,24.2106,23.8004,24.1039,2763081.7679742
2017-04-04,24.2369,24.4214,24.1676,24.383,2150907.4419242
2017-04-05,24.9111,25.2165,24.4804,24.5543,4975659.7079055
2017-04-06,24.7398,24.8662,24.4729,24.5806,3654794.1370214
2017-04-07,24.3689,24.9336,24.3502,24.4551,5083519.8125667
2017-04-10,25.1425,25.4459,25.0572,25.3082,6339615.07667
2017-04-11,25.4272,25.4665,24.9926,25.3944,6023142.005951
2017-04-12,24.5955,24.7594,24.0514,24.1975,11700771.189407
2017-04-13,24.1975,24.309,23.866,23.8726,3541032.3296075
2017-04-17,24.0449,24.1367,23.8192,23.9784,2759134.1300011
2017-04-18,23.4942,23.7677,23.2975,23.5279,5108679.1974519
2017-04-19,23.7433,23.8594,23.35,23.4427,3546204.7284015
2017-04-20,23.6085,23.8332,23.5354,23.807,5443573.8668484
2017-04-21,23.8192,23.8538,23.5251,23.6544,5336192.1343301
2017-04-24,24.0449,24.1254,23.9119,23.9203,4716651.09084
2017-04-25,23.8801,24.0514,23.7705,24.0364,3896751.1363452
2017-04-26,23.5691,24.0102,23.5691,23.8463,4264832.8731482
2017-04-27,23.5354,23.5485,22.908,23.158,6909053.0449719
2017-04-28,23.3968,23.6609,23.3369,23.5485,3222159.9236098
2017-05-01,23.6815,23.8538,23.6,23.7077,2730203.2933115
2017-05-02,23.217,23.5017,23.217,23.4024,5073224.1335469
2017-05-03,22.7225,22.9351,22.583,22.6101,5306411.332851
2017-05-04,22.2065,22.4912,22.0754,22.3723,7666208.2997281
2017-05-05,22.509,22.8143,22.4912,22.8143,5103378.6632625
2017-05-08,22.4566,22.5633,22.4125,22.509,2946654.9421825
2017-05-09,22.8686,22.966,22.6963,22.7553,3936525.4308698
2017-05-10,23.1393,23.2901,22.9922,23.217,4082945.7471843
2017-05-11,23.2329,23.2779,23.0531,23.2704,3203049.5971821
2017-05-12,23.1262,23.35,23.0999,23.2844,3331542.7038862
2017-05-15,23.6422,23.7405,23.5429,23.616,2735997.1487732
2017-05-16,23.807,23.9887,23.7602,23.8726,2925296.9073606
2017-05-17,23.5813,23.7808,23.4296,23.4296,3616228.5863933
2017-05-18,23.4502,23.8801,23.3303,23.7471,4237557.1186491
2017-05-19,24.0196,24.4279,24.0102,24.2818,3893271.1925653
2017-05-22,24.4017,24.4476,24.265,24.4017,2523844.4424176
2017-05-23,24.2041,24.3296,24.0327,24.2509,4072536.8818986
2017-05-24,24.0327,24.2593,23.9915,24.1367,3773495.5639277
2017-05-25,24.2509,24.4878,23.9325,23.9522,3723769.420361
2017-05-26,23.8463,23.9203,23.6609,23.7077,2041675.2207374
2017-05-30,23.8192,23.8801,23.7077,23.793,1398428.0613048
2017-05-31,23.5279,23.5279,23.1721,23.2095,4082432.1378077
2017-06-01,23.217,23.5223,23.1393,23.2901,3554409.6648865
2017-06-02,23.2844,23.5813,23.217,23.4614,3155824.2294154
2017-06-05,23.2779,23.35,23.1112,23.1983,2373781.8774892
2017-06-06,23.1655,23.3968,23.1393,23.2975,3879322.586982
2017-06-07,23.3181,23.4427,22.8799,23.0728,5587768.8984629
2017-06-08,23.1187,23.6085,23.085,23.5429,4900527.5188174
2017-06-09,23.3228,23.6356,23.3041,23.4099,3149933.2046122
2017-06-12,23.4024,23.4839,23.1346,23.2058,3115267.2411839
2017-06-13,23.4502,23.5101,23.3565,23.4942,3849761.751265
2017-06-14,23.7002,23.7115,23.0531,23.1917,5258179.0344356
2017-06-15,22.8611,22.9014,22.6027,22.8349,3577518.8834454
2017-06-16,23.0128,23.0597,22.8003,22.9538,6121377.0068283
2017-06-19,23.0447,23.3041,23.0269,23.0934,6094859.3867519
2017-06-20,22.5774,22.5914,22.1606,22.2842,7740708.354199
2017-06-21,22.4566,22.6298,22.1072,22.2739,7189655.6795459
2017-06-22,22.1606,22.5259,22.1072,22.4509,6806922.7280747
2017-06-23,22.5024,22.6626,22.3976,22.5952,2708750.224738
2017-06-26,22.7019,22.7422,22.318,22.4762,2805645.1429385
2017-06-27,22.9201,23.1721,22.7553,22.7619,7302318.7259443
2017-06-28,23.1983,23.5776,23.1842,23.4568,6132822.7010217
2017-06-29,23.6937,23.866,23.3837,23.556,3307277.0633838
2017-06-30,23.6881,23.734,23.3893,23.5429,3122935.0768031
2017-07-03,23.7742,24.0514,23.7639,23.9325,2046524.077658
2017-07-05,24.4878,24.4878,24.0102,24.0786,7373661.3107137
2017-07-06,24.4963,24.7866,24.3155,24.4429,6376717.7482007
2017-07-07,24.5272,24.6667,24.3333,24.6208,3764089.358111
2017-07-10,24.3221,25.0357,24.3155,24.8971,3276275.7722637
2017-07-11,25.0104,25.3082,24.8662,25.2492,4031937.1818686
2017-07-12,25.4459,25.6763,25.4141,25.4459,4363296.3821473
2017-07-13,25.4871,25.666,25.3082,25.5602,3181488.6813174
2017-07-14,25.9628,26.1614,25.9563,26.0631,3384258.6733454
2017-07-17,26.2204,26.4068,26.1942,26.2204,3377924.5136332
2017-07-18,25.9628,26.1876,25.917,26.0808,3538977.8921014
2017-07-19,26.1558,26.3721,26.1155,26.3328,3382084.6428036
2017-07-20,26.1558,26.2344,25.8186,25.9366,3726117.5014815
2017-07-21,25.8964,25.9038,25.606,25.6585,3739916.6157703
2017-07-24,25.6266,25.7456,25.4731,25.725,2935720.7217757
2017-07-25,26.4208,26.7551,26.3721,26.5987,7562672.7646615
2017-07-26,26.7551,27.0661,26.6559,26.963,4295462.5716217
2017-07-27,27.2206,27.2468,26.7551,26.9874,3190951.4802671
2017-07-28,26.9958,27.2665,26.9434,27.214,3002215.5174194
2017-07-31,27.4781,27.6298,27.3789,27.5577,3071621.1221285
2017-08-01,27.5306,27.5446,27.2271,27.3789,2129429.8140665
2017-08-02,27.0473,27.2534,26.9471,27.2271,2507663.0775695
2017-08-03,27.067,27.1812,26.9218,26.9874,2227617.8319655
2017-08-04,27.1016,27.3199,26.963,27.259,2632664.4947492
2017-08-07,27.4519,27.7825,27.4379,27.7741,2908963.915628
2017-08-08,27.3395,27.5671,27.2468,27.4322,2726236.4350292
2017-08-09,27.2665,27.3648,27.1672,27.3573,2068191.7730188
2017-08-10,27.1738,27.2271,26.8694,26.8694,3062529.9158254
2017-08-11,26.3936,26.7823,26.2934,26.6915,3517262.1459674
2017-08-14,26.8619,27.022,26.7308,26.7636,2635109.7452113
2017-08-15,26.3674,26.5322,26.2419,26.5042,3102452.6338497
2017-08-16,26.7551,27.2393,26.7308,27.2318,3628278.652535
2017-08-17,27.0286,27.0389,26.7505,26.7636,2731860.5110919
2017-08-18,26.6652,26.89,26.6044,26.7233,2768240.2854337
2017-08-21,26.8619,27.1138,26.7898,27.0632,2790033.9805999
2017-08-22,27.4641,27.6767,27.3723,27.3929,4432151.0046562
2017-08-23,27.3077,27.6823,27.2665,27.6167,4729496.664228
2017-08-24,27.6767,27.7029,27.5118,27.5905,4493269.4526682
2017-08-25,28.173,28.8398,28.0625,28.1533,7925755.0854543
2017-08-28,28.3313,28.3903,28.0869,28.3313,3428980.0619272
2017-08-29,28.1796,28.5045,28.1337,28.4427,2848765.9068728
2017-08-30,28.4427,28.5298,28.2985,28.3247,3895482.5959308
2017-08-31,28.7405,28.8623,28.6684,28.7752,5869283.4299341
2017-09-01,29.0262,29.2631,28.8932,29.2097,3668890.0983095
2017-09-05,29.3043,29.4551,28.9063,29.1507,5941648.9622767
2017-09-06,29.2182,29.5141,29.1779,29.4626,3409867.5999095
2017-09-07,29.5843,29.8138,29.4888,29.7791,3506958.9923829
2017-09-08,29.4485,29.4485,28.7546,28.9971,6991083.1895119
2017-09-11,28.9906,29.5628,28.9634,29.4766,5015249.2739018
2017-09-12,29.6864,29.8475,29.6237,29.6452,3258801.3077171
2017-09-13,29.2659,29.3689,29.0524,29.1788,3454883.6999006
2017-09-14,28.6591,28.7274,28.5176,28.7134,3963616.4568406
2017-09-15,28.3968,28.5514,28.2086,28.2086,3206182.5075994
2017-09-18,28.262,28.5214,28.2273,28.5102,3133715.5347354
2017-09-19,28.438,28.5317,28.3322,28.483,4265929.4985738
2017-09-20,28.6001,28.7134,28.0869,28.3622,3435683.6786961
2017-09-21,28.1936,28.3154,28.114,28.1271,3837143.6182038
2017-09-22,28.0728,28.3154,28.0185,28.114,2795510.700958
2017-09-25,28.026,28.0831,27.6692,27.8359,2863388.2910769
2017-09-26,27.6692,27.7488,27.3442,27.3442,4825557.6345635
2017-09-27,27.4388,27.4997,27.1663,27.3442,3213735.0213628
2017-09-28,26.9799,27.4116,26.9265,27.3114,3231656.8919983
2017-09-29,27.4388,27.4734,27.2309,27.3376,3298951.4660682
2017-10-02,27.5062,27.6411,27.4322,27.5596,3206124.8466715
2017-10-03,27.6617,27.7366,27.553,27.7029,2183294.7309044
2017-10-04,27.7694,27.9258,27.6823,27.7422,2559466.0823366
2017-10-05,27.9173,27.9979,27.7965,27.8237,2738297.1791205
2017-10-06,27.7638,27.8846,27.6542,27.8846,2281506.2402926
2017-10-09,28.114,28.1487,27.6542,27.7282,3610221.1719394
2017-10-10,28.04,28.1936,27.9511,28.0129,5214750.7455523
2017-10-11,27.7909,27.8237,27.4191,27.6017,4661779.2433533
2017-10-12,27.5952,27.8443,27.5409,27.6767,2353743.6372398
2017-10-13,28.3369,28.572,28.3154,28.4643,3877178.4546991
2017-10-16,28.9971,29.0973,28.5916,28.7668,5260264.4379956
2017-10-17,28.7405,28.7668,28.483,28.6122,3449125.0816727
2017-10-18,28.4099,28.4586,27.834,27.9913,7747345.7676803
2017-10-19,27.9042,28.188,27.8574,28.0325,4296632.8748997
2017-10-20,28.1749,28.1749,27.7244,27.8359,3473919.2806811
2017-10-23,27.8359,27.9042,27.7572,27.804,2307323.3868741
2017-10-24,27.8237,28.026,27.8237,28.0129,1940749.3765568
2017-10-25,27.7422,27.7834,27.2627,27.4847,3222910.5834678
2017-10-26,27.8499,27.8499,27.4847,27.5746,3798392.2712524
2017-10-27,27.2506,27.4659,27.1091,27.4257,3235771.1059853
2017-10-30,27.4322,27.7085,27.4051,27.5137,3029978.186421
2017-10-31,27.5409,27.7197,27.4051,27.6411,1969505.0948727
2017-11-01,28.6122,28.6872,28.2863,28.3481,6230887.9225001
2017-11-02,28.424,28.9709,28.424,28.8698,4642052.7992327
2017-11-03,28.6731,28.7218,28.3097,28.4306,3154281.2656959
2017-11-06,29.1666,29.3736,29.0702,29.2809,5863252.5239909
2017-11-07,29.4148,29.4148,28.9222,29.1592,3914548.0749702
2017-11-08,29.206,29.5431,29.0318,29.53,5083153.5588948
2017-11-09,28.8005,28.9634,28.6385,28.9438,4775175.8648903
2017-11-10,28.8557,29.0168,28.8557,28.8557,2471115.6594188
2017-11-13,28.5804,28.91,28.5392,28.8005,3164336.6908492
2017-11-14,28.4306,28.4512,27.937,28.1196,4144607.7028318
2017-11-15,27.6486,27.864,27.4659,27.7965,3765870.4401069
2017-11-16,27.9511,27.9511,27.6645,27.9108,4491282.2862447
2017-11-17,27.8574,27.9314,27.7488,27.9108,3237759.3402038
2017-11-20,27.6542,27.7422,27.5137,27.7366,3278370.7859784
2017-11-21,28.0869,28.2648,28.0185,28.1,2656686.6780003
2017-11-22,28.4989,28.6001,28.38,28.5102,1514064.9166713
2017-11-24,28.8005,28.9325,28.7546,28.808,950206.17704372
2017-11-27,28.6872,28.7546,28.2564,28.2564,2869823.8913105
2017-11-28,27.9595,28.3369,27.864,28.3285,3625025.081287
2017-11-29,27.9258,28.1,27.7422,27.9511,4592087.4695945
2017-11-30,27.9314,28.1393,27.9258,28.026,2464898.9571524
2017-12-01,28.1065,28.4071,27.9314,28.3013,3613074.3200768
2017-12-04,28.3828,28.5579,28.2957,28.3968,3571679.1128004
2017-12-05,28.0934,28.188,27.9042,27.9314,3044440.401381
2017-12-06,27.804,27.9511,27.6064,27.7282,3587961.9181699
2017-12-07,27.4388,27.7282,27.3714,27.6823,2614704.1834951
2017-12-08,27.8705,27.9642,27.6767,27.6954,2078301.6557152
2017-12-11,28.0185,28.2479,27.9408,28.0803,2397216.7735114
2017-12-12,28.114,28.2891,28.0522,28.2685,2114185.9731947
2017-12-13,28.3893,28.6937,28.3229,28.572,2646867.2355335
2017-12-14,28.6328,28.8632,28.5514,28.5579,3417469.2322411
2017-12-15,28.808,29.206,28.7752,29.058,5254361.6674479
2017-12-18,29.22,29.604,29.22,29.4223,2436166.7303257
2017-12-19,28.9363,29.2331,28.8632,29.2004,2465125.3296843
2017-12-20,29.4551,29.8793,29.3736,29.7735,3742309.5442792
2017-12-21,30.0966,30.5049,30.002,30.3925,3825281.4839754
2017-12-22,30.3598,30.4197,30.1771,30.3532,1580494.5768223
2017-12-26,30.3729,30.711,30.1097,30.5883,1377098.8569468
2017-12-27,30.7241,30.946,30.7166,30.872,1491696.7478157
2017-12-28,31.1904,31.3234,31.0893,31.2832,2073370.5785825
2017-12-29,31.4386,31.4583,30.9001,31.0209,2153697.5901588
2018-01-02,31.5351,32.0577,31.4452,32.053,3930427.2538441
2018-01-03,32.1476,32.2412,31.891,32.1803,3693527.3314585
2018-01-04,32.3424,32.4369,32.1953,32.2412,3502192.3556743
2018-01-05,32.2805,32.4772,32.1204,32.4697,1923547.1997255
2018-01-08,32.7188,32.775,32.6121,32.7132,4203818.0012475
2018-01-09,32.9164,33.1712,32.8144,32.9436,3366804.4969031
2018-01-10,32.997,33.0887,32.8696,32.9633,3355643.9039645
2018-01-11,33.2732,33.5963,33.2255,33.5027,6206719.4513392
2018-01-12,33.8192,34.2566,33.7649,34.1901,5710920.8947691
2018-01-16,33.6244,33.9222,33.1037,33.1936,6844986.4150709
2018-01-17,33.4025,33.6169,33.1777,33.3482,4401613.1365494
2018-01-18,33.2948,33.4428,32.997,33.2732,3212321.2608336
2018-01-19,33.5027,33.6647,33.3941,33.4905,1815880.3659524
2018-01-22,33.2948,33.3819,33.159,33.3482,3093088.0720365
2018-01-23,32.9914,33.0438,32.6271,32.8827,4590670.5056805
2018-01-24,33.4025,33.5757,33.1843,33.4943,4385023.8740259
2018-01-25,33.7256,33.8342,32.9501,32.9914,2998456.8791546
2018-01-26,33.3819,33.7452,33.2948,33.7256,2537164.1167686
2018-01-29,33.9016,33.9138,33.307,33.3744,3479331.9333414
2018-01-30,33.2601,33.2817,32.8827,32.9914,3129624.8122376
2018-01-31,33.1187,33.2695,32.849,33.0635,3174860.8779908
2018-02-01,32.8874,33.3041,32.8696,33.2601,3131037.5049718
2018-02-02,32.9633,32.9782,32.1953,32.2618,3437871.5905724
2018-02-05,32.3021,32.7273,31.2288,31.345,3777477.3713395
2018-02-06,31.0949,32.348,31.0331,32.1953,5414474.3185549
2018-02-07,31.5931,31.8647,31.1577,31.2963,3526960.9276036
2018-02-08,31.1352,31.2017,30.1734,30.1921,4746995.6880587
2018-02-09,30.6229,31.0275,29.7257,30.8655,6423987.9633558
2018-02-12,31.0144,31.6475,31.0069,31.566,3987964.317555
2018-02-13,31.6137,32.3152,31.5547,32.2009,5321460.8350398
2018-02-14,31.7627,33.4905,31.7149,33.2405,10201569.978602
2018-02-15,33.6516,33.7518,33.1618,33.6647,4679219.5384611
2018-02-16,33.2199,33.4353,32.5915,32.8415,6210945.7837972
2018-02-20,31.6887,31.7683,31.2607,31.3984,10076530.120803
2018-02-21,31.4386,31.9865,31.2167,31.345,6576621.7785518
2018-02-22,31.6812,32.6271,31.6812,32.1064,7250234.8911023
2018-02-23,32.3152,32.5793,32.214,32.5793,2645069.0688181
2018-02-26,32.8696,33.0578,32.5521,32.9558,3540355.3476019
2018-02-27,32.7273,32.7273,32.0464,32.2356,3809700.2198957
2018-02-28,31.7833,31.9247,31.3497,31.3656,3724403.6905681
2018-03-01,30.9516,31.27,30.5499,30.8393,7513276.5697378
2018-03-02,30.474,30.6903,30.0329,30.6426,6869150.6150519
2018-03-05,30.4197,30.872,30.2446,30.8243,3505763.0620259
2018-03-06,31.4452,31.7486,31.345,31.4798,3864468.4912711
2018-03-07,30.9741,31.2232,30.4272,30.9601,5064925.2311054
2018-03-08,30.9039,30.9114,30.5461,30.8917,6503925.2297711
2018-03-09,31.2504,31.5669,31.0968,31.2916,3731947.6619718
2018-03-12,31.3749,31.6034,31.1886,31.4152,2892394.9412088
2018-03-13,31.6718,31.7205,30.9067,30.9601,4379966.7970878
2018-03-14,31.713,31.713,31.0762,31.2092,2949921.32697
2018-03-15,31.168,31.4227,31.0921,31.2438,2143916.5883106
2018-03-16,31.2644,31.5379,31.1745,31.388,2040583.9342866
2018-03-19,30.9872,30.9947,30.2277,30.5527,4701235.3349794
2018-03-20,30.6772,30.9872,30.4834,30.8702,4920913.8602243
2018-03-21,30.8702,31.7973,30.8496,31.6653,6520943.7458691
2018-03-22,30.9329,30.9516,30.2624,30.4131,6297584.5313915
2018-03-23,30.7606,31.1043,30.3719,30.4075,3732113.1701909
2018-03-26,30.8645,30.9872,30.4815,30.9741,2470780.3718009
2018-03-27,31.2644,31.2981,30.3382,30.4768,3671700.5346485
2018-03-28,30.2483,30.3719,29.958,30.0535,4088143.7730573
2018-03-29,30.5368,30.8561,30.3448,30.7044,4624865.5715308
2018-04-02,30.6838,30.7868,30.047,30.1865,4244387.8030185
2018-04-03,30.6079,30.9114,30.3026,30.504,3627212.9931633
2018-04-04,29.958,30.6772,29.8756,30.6566,2820407.4082826
2018-04-05,30.593,30.8421,30.5321,30.739,3947426.5496328
2018-04-06,30.5321,30.6688,29.9926,30.1584,3365214.5502053
2018-04-09,30.0339,30.4412,29.7847,30.1519,4134422.0066931
2018-04-10,31.2438,31.8797,31.2438,31.6437,4991926.4963505
2018-04-11,31.6091,32.0605,31.5473,31.8666,3750678.9211882
2018-04-12,31.7008,32.0464,31.5669,31.9415,2686138.5986312
2018-04-13,32.3068,32.4875,32.2309,32.3424,5391327.7271723
2018-04-16,32.5137,32.5493,31.8029,31.9827,4500072.3743686
2018-04-17,32.1906,32.3049,32.0651,32.2524,3134393.5845361
2018-04-18,33.0401,33.6151,33.0335,33.262,6776715.876406
2018-04-19,33.3454,33.5027,32.8818,32.9988,3878646.6727713
2018-04-20,33.1712,33.1927,32.8743,32.9642,3915555.005619
2018-04-23,32.7638,32.9389,32.5531,32.6533,2521234.7515315
2018-04-24,33.2339,33.4334,32.6271,32.8743,3594391.1116336
2018-04-25,32.6804,32.7713,32.3695,32.6533,1822475.0676352
2018-04-26,32.9923,33.026,32.6111,32.7638,1717166.9929323
2018-04-27,32.2459,32.3011,32.0136,32.156,3134702.17728
2018-04-30,32.2244,32.5634,32.1906,32.3068,2390217.3775381
2018-05-01,32.052,32.0792,31.5716,31.9968,2298884.6032926
2018-05-02,32.481,32.7769,32.3836,32.4454,2298838.6881093
2018-05-03,32.6889,33.0475,32.3836,32.9295,3213593.0046329
2018-05-04,32.8687,33.484,32.7638,33.3585,2876100.3900948
2018-05-07,33.3491,33.4484,32.9558,33.0681,2237698.884198
2018-05-08,32.9558,32.9558,32.5493,32.8865,1914910.8740761
2018-05-09,33.3856,34.0047,33.3454,33.9663,3735839.7746069
2018-05-10,34.1461,34.5254,34.0281,34.471,3657368.5906739
2018-05-11,35.0301,35.2371,34.8082,34.8353,4183005.6096509
2018-05-14,35.2109,35.6033,35.2109,35.3757,3217045.1857437
2018-05-15,34.9056,35.1547,34.7052,35.0161,4133763.1772018
2018-05-16,35.5349,35.8196,35.5209,35.5696,3766849.6080867
2018-05-17,35.4937,35.7316,35.313,35.5068,3673789.1415933
2018-05-18,35.1762,35.3382,34.9243,35.1125,2264543.2495326
2018-05-21,35.46,35.7484,35.4066,35.5836,2387914.1438059
2018-05-22,35.9076,36.0331,35.313,35.3411,4255813.2091076
2018-05-23,35.0367,35.2577,34.6977,35.2371,3377345.768764
2018-05-24,34.8082,35.1996,34.6574,35.1612,3126042.3601414
2018-05-25,34.4841,34.4841,33.7855,33.8754,5192280.0683804
2018-05-29,33.4203,33.7237,33.1365,33.2667,2986849.947922
2018-05-30,33.7237,34.31,33.5991,34.1592,2557040.0521838
2018-05-31,34.4289,34.5844,34.2294,34.4008,2911021.556519
2018-06-01,34.767,34.8784,34.5881,34.7201,2759891.1966289
2018-06-04,34.9402,35.0367,34.6415,34.6836,1997236.7978204
2018-06-05,34.8166,34.9899,34.767,34.9402,2521843.3946596
2018-06-06,35.4038,35.9076,35.4038,35.902,4127200.5093678
2018-06-07,35.7278,36.0528,35.6229,35.769,3990122.3311724
2018-06-08,35.6445,35.785,35.5143,35.7091,1779195.2022517
2018-06-11,35.8234,35.9498,35.6595,35.8196,1129150.4600935
2018-06-12,35.3757,35.548,35.1612,35.3411,2750518.092456
2018-06-13,35.1884,35.3626,34.9552,35.0301,3432649.0054152
2018-06-14,35.0442,35.2334,34.7651,34.8026,2097623.4055454
2018-06-15,34.0637,34.0833,33.3997,33.6553,4826054.1592206
2018-06-18,33.3856,33.9176,33.3088,33.8417,2696772.7686538
2018-06-19,32.7357,33.011,32.5493,32.9211,3948154.7857966
2018-06-20,33.1637,33.2124,32.7909,33.012,2887223.6102098
2018-06-21,33.0401,33.2536,32.9295,33.0887,2690789.9134839
2018-06-22,33.7855,33.9531,33.4905,33.8155,3915126.8198394
2018-06-25,33.0887,33.1506,32.7151,32.9211,4502291.2522988
2018-06-26,33.2199,33.8754,33.1075,33.7443,6876708.4677901
2018-06-27,34.0009,34.649,33.9728,34.0768,6524562.5029939
2018-06-28,33.9316,34.6021,33.8277,34.5675,6061787.6412012
2018-06-29,34.8026,35.0732,34.4982,34.56,2010004.4221763
2018-07-02,33.6816,33.8483,33.3482,33.5654,4385979.5505166
2018-07-03,34.3952,34.4158,33.5991,33.6619,2417257.1493507
2018-07-05,33.8155,33.9316,33.5242,33.6488,3203153.1732933
2018-07-06,33.586,34.5544,33.5064,34.2631,3340451.3172508
2018-07-09,34.7398,35.2483,34.6649,35.1285,2795945.2935073
2018-07-10,35.0517,35.3963,35.003,35.3691,2996585.0345869
2018-07-11,34.3053,34.324,33.6816,33.8417,5567969.8442849
2018-07-12,34.1311,34.324,33.8895,34.3128,3540655.3979861
2018-07-13,33.9241,34.0065,33.6413,33.9447,2863412.8503611
2018-07-16,33.6357,33.6619,33.2152,33.5027,3067207.9255522
2018-07-17,33.2049,33.7855,33.1506,33.6769,3124096.8377214
2018-07-18,33.9241,34.5403,33.8445,34.4429,3208506.0294358
2018-07-19,33.572,33.7733,33.2882,33.4943,4499190.3757303
2018-07-20,33.0204,33.5308,33.0054,33.5027,4490704.6091705
2018-07-23,33.4943,33.586,33.1637,33.3304,3646144.9978325
2018-07-24,34.6574,35.0367,34.6293,34.649,4357727.8314226
2018-07-25,34.3334,34.9693,34.2556,34.9477,1894446.583637
2018-07-26,34.3334,34.782,34.2631,34.5881,2573846.0770844
2018-07-27,35.2455,35.5433,34.958,35.0788,2557253.6111761
2018-07-30,35.2783,35.6941,35.2511,35.4516,3612121.846971
2018-07-31,36.0865,36.3656,36.005,36.1146,3011945.2651095
2018-08-01,35.5003,35.563,35.1612,35.3963,3379751.5108125
2018-08-02,34.2079,34.5638,34.0655,34.5254,3851780.9515374
2018-08-03,34.5544,34.9327,34.4626,34.8166,2392739.5092374
2018-08-06,34.457,34.5881,34.2978,34.4214,2682152.5200395
2018-08-07,35.4104,35.4872,34.8737,34.9477,2863350.9182533
2018-08-08,35.003,35.0236,34.457,34.767,3333914.2764959
2018-08-09,34.7529,34.8456,34.5319,34.649,2112556.5180833
2018-08-10,33.793,34.0768,33.7593,33.9944,2449189.5576773
2018-08-13,34.0065,34.1095,33.5626,33.6076,2555354.0039395
2018-08-14,33.9663,34.2631,33.8277,34.0974,2929786.9851741
2018-08-15,32.8125,32.8593,32.0183,32.4529,6443848.9496416
2018-08-16,32.8321,33.026,32.6271,32.6664,3097656.0988822
2018-08-17,32.5278,33.2199,32.4388,33.1168,3319086.8756591
2018-08-20,33.4943,33.5523,33.2536,33.3856,2131157.5063144
2018-08-21,33.1843,33.1843,32.6458,32.7844,3725018.740466
2018-08-22,33.2199,33.3997,33.0887,33.3088,3688287.6615819
2018-08-23,33.0204,33.0887,32.6889,32.7085,3777470.9645697
2018-08-24,33.2957,33.6413,33.2264,33.4905,2572127.9949912
2018-08-27,33.6553,34.0065,33.6198,33.8829,2507005.3158732
2018-08-28,34.4982,34.6087,34.0562,34.0833,2111781.2989412
2018-08-29,34.1386,34.4673,34.0637,34.4008,1794569.3141088
2018-08-30,34.0009,34.0683,33.5158,33.6488,1608734.5501718
2018-08-31,33.4746,33.6151,33.0887,33.1993,2336520.1045092
2018-09-04,32.6055,32.6889,32.363,32.6458,3080839.396032
2018-09-05,32.5231,32.7844,32.2796,32.3695,3757845.9609705
2018-09-06,32.4182,32.4416,31.7168,32.0146,3493333.9286729
2018-09-07,31.5173,31.6662,31.2588,31.5454,2688620.1541219
2018-09-10,31.595,31.6493,31.1127,31.1483,2495209.3849324
2018-09-11,30.7503,31.3534,30.6726,31.3468,2564669.4471845
2018-09-12,31.3824,31.7655,31.3178,31.7308,3380005.6460134
2018-09-13,32.0857,32.1419,31.7804,32.0211,1925862.1792022
2018-09-14,32.4416,32.5044,32.1841,32.2927,2042203.7792433
2018-09-17,32.377,32.6186,32.0633,32.1213,2512129.6638939
2018-09-18,32.6317,32.8818,32.54,32.8022,2009752.4225654
2018-09-19,33.3435,33.7818,33.3229,33.6057,2059121.9226149
2018-09-20,34.2575,34.3877,34.1376,34.2809,2059959.0738648
2018-09-21,34.8859,35.0685,34.7379,34.9552,2821099.3394177
2018-09-24,35.1331,35.297,34.8232,34.9327,2083405.7156316
2018-09-25,35.5021,35.6932,35.46,35.4946,3415158.5239442
2018-09-26,35.0901,35.5227,35.0048,35.2165,3808726.3908907
2018-09-27,35.2465,35.3841,35.0395,35.1809,2533199.3940762
2018-09-28,35.0957,35.5593,35.0601,35.3944,3585416.2949814
2018-10-01,35.5162,35.9919,35.2465,35.814,3125586.4116928
2018-10-02,35.7288,36.0622,35.6791,35.8421,3231379.2653083
2018-10-03,35.8786,35.9844,35.4946,35.5658,3398345.0244789
2018-10-04,36.006,36.1062,35.3841,35.5162,3535414.6603146
2018-10-05,35.1388,35.1388,34.5497,34.9271,4469287.8456256
2018-10-08,34.4785,34.9402,34.3221,34.8485,3041797.608851
2018-10-09,34.664,35.2521,34.457,34.9552,2457876.06969
2018-10-10,34.5431,34.5497,33.8174,33.8333,5532790.27148
2018-10-11,33.6975,34.2453,33.4465,33.8689,6409477.6976226
2018-10-12,34.3568,34.3942,33.5842,33.9541,4113404.5984639
2018-10-15,34.0374,34.4214,33.9185,34.1508,3386297.0939271
2018-10-16,34.2809,34.4757,34.2098,34.4289,3832485.8965813
2018-10-17,34.1948,34.2013,33.6057,33.9391,3040774.6612778
2018-10-18,33.4568,33.5917,32.8865,32.9586,4383717.9607879
2018-10-19,33.0401,33.3856,32.8986,33.0869,2609086.5142021
2018-10-22,33.13,33.5636,32.9455,33.4428,3071578.41033
2018-10-23,32.5615,32.8818,32.0258,32.7675,4010311.1305114
2018-10-24,32.3349,32.4416,31.2616,31.2757,4638657.2112548
2018-10-25,31.6381,31.8928,31.4873,31.624,4891259.0585507
2018-10-26,31.049,31.8085,31.0415,31.6447,5294645.3001692
2018-10-29,32.4622,32.4688,31.1333,31.4536,4063486.2518041
2018-10-30,31.624,32.2131,31.5107,32.1841,4042086.5729786
2018-10-31,32.5681,33.0513,32.4847,32.7956,4339288.0802307
2018-11-01,33.9101,34.5357,33.6909,34.4439,6359882.8928361
2018-11-02,34.6068,34.8054,33.9747,34.1301,3661426.2115279
2018-11-05,34.664,34.8082,34.1882,34.3718,3395475.859417
2018-11-06,34.2725,34.3877,33.9616,34.1376,3103785.2419618
2018-11-07,34.7998,34.8691,34.3999,34.7557,2380346.6809131
2018-11-08,34.6705,34.8119,34.1058,34.2013,1897178.0031488
2018-11-09,33.5205,33.5917,33.1852,33.4868,3711725.7609891
2018-11-12,33.9822,34.0037,33.4774,33.4868,2942661.3890261
2018-11-13,33.4708,33.6825,33.0223,33.1581,3119118.7776104
2018-11-14,32.8022,33.0223,32.5896,32.9305,2707334.328619
2018-11-15,32.8677,33.5701,32.6186,33.4624,2861248.4299739
2018-11-16,33.6263,34.074,33.5701,33.9391,3711983.0995748
2018-11-19,33.8614,34.0093,33.6825,33.7818,3720827.6452417
2018-11-20,33.1225,33.2227,32.4987,32.6673,4747721.7886326
2018-11-21,32.9792,33.3763,32.9548,33.1159,3776136.2208677
2018-11-23,32.0015,32.0567,31.3609,31.7954,3222868.9394643
2018-11-26,31.5454,31.7804,31.3178,31.5894,2863805.7989069
2018-11-27,31.2401,31.3721,30.9994,31.3468,4554313.155033
2018-11-28,31.5894,32.3414,31.0762,32.3414,5158275.0700333
2018-11-29,32.0211,32.1841,31.7168,31.9443,3749723.2446976
2018-11-30,31.3759,31.5538,31.1839,31.5042,4898538.216804
2018-12-03,33.2714,33.4278,32.8911,33.0223,3727317.7030183
2018-12-04,33.0653,33.4137,32.5119,32.583,4607124.1582438
2018-12-06,31.403,31.8797,31.1914,31.8666,7057554.4936665
2018-12-07,32.4182,32.6383,31.6034,31.6596,5656005.267689
2018-12-10,32.0726,32.1991,31.4461,31.8863,9180655.4869956
2018-12-11,32.6271,32.7881,32.2356,32.6046,8326959.8219662
2018-12-12,33.3276,33.4896,33.0401,33.1019,6501661.5044525
2018-12-13,33.8408,33.9251,33.498,33.8689,6915668.034759
2018-12-14,33.1019,33.1946,32.6954,32.7816,4868787.3135839
2018-12-17,33.9541,34.2154,33.2657,33.3697,8637959.375712
2018-12-18,33.9185,34.2154,33.5018,33.6769,7707801.0490724
2018-12-19,34.1882,34.6003,33.3491,33.4774,9357685.2136793
2018-12-20,33.7125,33.7649,32.9389,33.2133,6634488.7909058
2018-12-21,33.6488,34.3128,33.3032,33.4502,6457422.7591934
2018-12-24,33.5486,33.7893,32.7881,32.8321,2413493.1721111
2018-12-26,32.9024,34.3156,32.6467,34.3006,4085178.506449
2018-12-27,33.2573,34.0608,33.2227,34.0534,4487914.4609358
2018-12-28,34.3156,34.3296,33.9063,34.0309,3365773.0069702
2018-12-31,34.457,34.4757,33.8829,34.294,2235547.2773503
2019-01-02,33.1225,34.0178,32.9885,33.9887,2821894.8466641
2019-01-03,33.5551,33.6488,32.8818,32.9455,5564083.0706247
2019-01-04,34.103,35.1884,33.9887,34.9552,5627342.4475347
2019-01-07,35.0601,35.4665,34.8691,35.1388,4335444.0183689
2019-01-08,35.297,35.4797,34.9327,35.032,4094790.7966933
2019-01-09,35.43,35.5546,35.0685,35.224,5391938.5058903
2019-01-10,34.8765,35.2914,34.825,35.2109,2868419.740936
2019-01-11,35.136,35.1744,34.855,34.959,2334847.9375993
2019-01-14,34.8466,35.2605,34.6986,34.914,2463669.9251516
2019-01-15,35.002,35.4132,34.914,35.2025,3550987.3820345
2019-01-16,35.1509,35.2399,34.8644,35.061,2573894.1278577
2019-01-17,34.8859,35.6548,34.8859,35.4385,2913254.3157837
2019-01-18,35.8692,35.8983,35.4993,35.5799,3212838.073595
2019-01-22,34.6836,34.7726,34.2697,34.3437,3060691.1729015
2019-01-23,34.5956,34.6836,34.2219,34.4607,2338584.1521699
2019-01-24,34.4326,34.6537,34.4326,34.5291,1491993.594815
2019-01-25,35.3869,36.1024,35.2465,35.7072,5104701.6612199
2019-01-28,35.7203,35.8383,35.4918,35.7072,3627950.8394818
2019-01-29,36.2897,36.5285,36.1427,36.3722,4076181.2661025
2019-01-30,36.9135,37.8546,36.8769,37.5737,4877607.2999667
2019-01-31,37.5428,37.9586,37.4388,37.9127,3217693.3372854
2019-02-01,37.7132,37.9726,37.6318,37.8387,1839824.6001713
2019-02-04,37.5952,37.9876,37.4829,37.8621,3251134.5398928
2019-02-05,37.8312,37.9361,37.731,37.8846,1848700.1118921
2019-02-06,37.5737,37.9876,37.5493,37.7797,3362822.6894913
2019-02-07,37.7132,37.7872,37.2085,37.3798,3138748.0523895
2019-02-08,37.3208,37.6102,37.2253,37.5493,3262289.7938567
2019-02-11,37.4323,37.7572,37.4248,37.6982,2899298.2356356
2019-02-12,37.8022,38.0391,37.7057,37.9586,3236294.3255165
2019-02-13,38.4166,38.6319,38.247,38.2611,3037785.9031803
2019-02-14,38.1806,38.6432,38.1356,38.4905,1795207.8554958
2019-02-15,38.8839,39.0974,38.6385,39.0759,2418139.147989
2019-02-19,39.0318,39.8382,38.9897,39.4018,3207719.0645491
2019-02-20,39.7052,40.3205,39.6097,40.1201,3013921.7535835
2019-02-21,39.4767,39.6387,39.1386,39.5422,3608331.1748573
2019-02-22,40.1641,40.3682,40.0611,40.2165,1661268.9944875
2019-02-25,39.9946,40.2165,39.8822,40.1135,2466437.6496921
2019-02-26,40.1641,40.5059,40.1425,40.3495,1501766.0543035
2019-02-27,40.4394,40.534,40.1706,40.2015,2743253.8833322
2019-02-28,39.3577,39.4832,39.1423,39.1789,3264713.6884195
2019-03-01,39.2603,39.4242,38.8015,38.8904,5777239.5042441
2019-03-04,39.0234,39.1723,38.8754,39.0974,2374920.1469182
2019-03-05,39.0974,39.2603,39.0684,39.1723,1300197.3316074
2019-03-06,39.7567,39.8007,39.3203,39.4242,2264673.5205179
2019-03-07,39.3334,39.4083,39.0534,39.2416,2451919.9093942
2019-03-08,38.6526,39.0908,38.5767,39.0609,1935905.858611
2019-03-11,39.3034,39.4776,39.2116,39.4242,1680011.9994485
2019-03-12,39.4926,39.6968,39.4167,39.5376,1638183.2674177
2019-03-13,40.0892,40.1716,39.7942,39.9384,1490525.3767428
2019-03-14,39.5975,39.6808,39.4467,39.4776,2622338.9174706
2019-03-15,39.236,39.4467,39.1807,39.4167,2934032.5379414
2019-03-18,39.9159,40.1837,39.8466,40.0976,2056439.6216714
2019-03-19,40.8533,40.8533,39.8354,39.9609,5511369.2367554
2019-03-20,39.8466,40.6417,39.56,40.3767,4404018.8785978
2019-03-21,40.4684,40.6632,40.1041,40.6042,3347323.6456237
2019-03-22,40.0376,40.2334,39.4926,39.5141,2998405.6249965
2019-03-25,39.6209,40.1126,39.5834,39.8635,2782576.5005881
2019-03-26,40.4141,40.5883,40.3167,40.4591,3457892.7461024
2019-03-27,40.7091,40.8075,40.3767,40.7325,3794644.3109372
2019-03-28,40.8075,40.9292,40.6305,40.8459,2371257.6101999
2019-03-29,41.4293,41.5576,41.1174,41.346,3885097.2221343
2019-04-01,42.5166,42.6458,42.2825,42.3508,4904090.7506043
2019-04-02,42.3593,42.4866,42.2291,42.4332,4057966.8196476
2019-04-03,42.9858,43.0232,42.4716,42.5784,4588698.2883864
2019-04-04,42.3733,42.525,42.1701,42.4866,2326030.0868064
2019-04-05,42.6149,42.7966,42.4716,42.5999,1597610.2622618
2019-04-08,43.0467,43.2283,42.8697,43.2049,1942320.1029454
2019-04-09,42.9858,43.0991,42.6758,42.7357,1582948.3696441
2019-04-10,43.0092,43.2967,42.9024,43.1057,2160438.5797514
2019-04-11,42.6458,42.8284,42.4417,42.6149,1125561.6012276
2019-04-12,43.13,43.2358,42.8996,42.9774,1904094.111115
2019-04-15,42.495,42.6533,42.3199,42.3649,1616878.6223439
2019-04-16,42.4033,42.4866,41.6475,41.8741,3588305.7481475
2019-04-17,41.5576,41.7374,41.2008,41.684,2597813.8027925
2019-04-18,41.4658,41.596,41.3413,41.5576,1503936.8814605
2019-04-22,41.3525,41.7749,41.3366,41.6925,1861758.1764775
2019-04-23,41.1418,41.508,40.9957,41.3525,2182762.9690136
2019-04-24,40.9058,40.9058,40.2633,40.3083,1982548.2103287
2019-04-25,40.21,40.4591,39.9758,40.3476,1779254.9987695
2019-04-26,40.2334,40.4684,40.165,40.2933,1562600.4688558
2019-04-29,40.3167,40.3767,40.1763,40.3383,1242747.8270834
2019-04-30,40.1884,40.2334,40.0142,40.0433,1622710.9184241
2019-05-01,40.1585,40.2025,39.2191,39.2641,4064478.2333234
2019-05-02,39.0534,39.3709,39.0084,39.1133,1941035.5456066
2019-05-03,39.5525,40.0142,39.5235,39.9384,2082160.6667064
2019-05-06,38.6675,39.3034,38.6301,39.25,2087463.3364857
2019-05-07,39.3783,39.4242,38.8717,39.2416,1851115.4640953
2019-05-08,38.7958,39.2875,38.7593,39.1592,2121885.8426628
2019-05-09,38.5692,39.0009,38.3791,38.9101,1817379.5500785
2019-05-10,38.8717,39.3943,38.66,39.2276,1748539.8766991
2019-05-13,38.4859,38.5842,37.967,38.3051,3106977.948897
2019-05-14,38.7509,38.8876,38.543,38.7593,1798981.4428901
2019-05-15,38.2667,38.9401,38.2143,38.8876,1980152.0784348
2019-05-16,39.015,39.635,39.015,39.3568,2086077.3386256
2019-05-17,39.3409,39.59,39.2603,39.3783,2664840.3603271
2019-05-20,39.236,39.6499,39.1676,39.5675,4136839.4944861
2019-05-21,39.4842,39.6209,39.2276,39.5834,6227189.0807531
2019-05-22,39.4008,39.4842,39.0684,39.1433,1619468.0251258
2019-05-23,38.6675,38.9017,38.41,38.7818,2406900.6060181
2019-05-24,39.5675,39.84,39.3943,39.6893,2956990.1296158
2019-05-28,40.3383,40.5349,40.1922,40.1959,2248802.8840036
2019-05-29,39.4242,39.8326,39.3858,39.8101,2887656.0671692
2019-05-30,39.84,39.9159,39.635,39.7033,2385078.0803879
2019-05-31,39.0084,39.4345,38.9625,39.2585,2732603.6963852
2019-06-03,39.1676,39.7043,39.1367,39.6134,3780034.7402725
2019-06-04,39.7558,40.135,39.5759,40.0892,1730463.1757942
2019-06-05,40.0208,40.1547,39.5376,39.6134,3203821.6129393
2019-06-06,39.7258,39.9646,39.6733,39.871,3299647.6683832
2019-06-07,40.0817,40.6417,40.0058,40.1585,2866965.4041983
2019-06-10,40.5668,40.7091,40.21,40.3308,3706364.3624869
2019-06-11,41.5183,41.7234,41.4124,41.6325,5170173.5092904
2019-06-12,41.5707,41.9566,41.4293,41.4293,2378801.5816036
2019-06-13,41.8966,42.0408,41.7533,41.95,2365433.8564794
2019-06-14,41.5342,41.6784,41.3825,41.5707,1573108.6390729
2019-06-17,41.6241,41.7009,41.4743,41.4808,1076318.1009835
2019-06-18,42.1926,42.7095,42.1092,42.6299,1858275.0293128
2019-06-19,42.0867,42.2216,41.7159,42.1457,2223599.719525
2019-06-20,43.13,43.2695,42.7451,43.174,3344300.7180874
2019-06-21,43.0317,43.1984,42.7966,42.8041,1630172.6696158
2019-06-24,43.0991,43.3941,43.0232,43.3651,1918187.9368132
2019-06-25,43.6132,43.7874,43.1478,43.1675,2141247.1009066
2019-06-26,43.5308,43.9017,43.3904,43.765,1805037.9759123
2019-06-27,44.0674,44.1789,43.8333,44.0225,2307405.6070862
2019-06-28,44.1508,44.2332,43.8773,43.9466,1601219.409232
2019-07-01,44.5601,44.5975,44.0066,44.1958,2697604.5809289
2019-07-02,44.4383,44.6359,44.2416,44.5975,1713785.2862889
2019-07-03,44.4608,44.5657,44.2566,44.5657,1379698.9376783
2019-07-05,42.4716,42.88,42.215,42.8116,3255962.0409142
2019-07-08,43.0991,43.4774,42.9249,43.2499,2250195.2886336
2019-07-09,42.8425,43.0467,42.7582,43.0092,2385956.8756413
2019-07-10,43.5374,43.6207,43.1871,43.4391,1785198.3455258
2019-07-11,43.115,43.3033,42.9024,43.2658,1104085.0411649
2019-07-12,43.3707,43.4625,43.1675,43.2892,1581677.6936398
2019-07-15,43.7275,43.8062,43.5158,43.75,937117.14640443
2019-07-16,43.469,43.9036,43.469,43.5308,1914227.4853006
2019-07-17,43.8708,44.1658,43.8558,43.8708,2254995.026986
2019-07-18,43.7415,43.8146,43.3707,43.7415,2306362.3714087
2019-07-19,44.1583,44.3849,44.0674,44.0909,1523016.2418344
2019-07-22,44.3315,44.3624,44.0525,44.2192,1629774.3820951
2019-07-23,44.4524,44.5291,43.9541,44.1508,1650710.6379072
2019-07-24,42.4641,42.7901,42.4417,42.6074,2427730.0823341
2019-07-25,42.57,42.6758,42.1673,42.4332,1887967.20381
2019-07-26,42.3808,42.4641,42.2375,42.4482,2466475.0225157
2019-07-29,42.5924,42.7067,42.3958,42.6758,1815498.0953561
2019-07-30,42.4033,42.6683,42.1766,42.5475,1957180.6054259
2019-07-31,42.1766,42.3649,41.08,41.5407,3709031.7143009
2019-08-01,40.6342,41.1174,39.7979,40.0292,5026882.9000084
2019-08-02,39.5525,39.6893,39.1433,39.3634,2800345.6765441
2019-08-05,38.2892,38.4634,37.9483,38.1384,4413664.270486
2019-08-06,38.365,38.4681,37.6851,37.9792,1931633.6109697
2019-08-07,37.0577,37.761,37.0109,37.7301,2860550.092069
2019-08-08,38.1384,38.7509,38.0101,38.5692,2256073.4998972
2019-08-09,38.1309,38.2292,37.5774,37.7985,2826632.6529087
2019-08-12,37.7741,37.9268,37.4042,37.466,1450996.6750593
2019-08-13,37.495,38.4034,37.3901,38.3051,4295466.8428016
2019-08-14,37.3592,37.5859,37.1691,37.186,2981767.2439048
2019-08-15,37.2375,37.3742,36.89,37.2834,2529646.8402389
2019-08-16,37.0034,37.1167,36.7664,36.9135,3080165.6174112
2019-08-19,37.2768,37.3976,37.1092,37.1635,2520770.2607232
2019-08-20,36.6119,36.7243,36.3497,36.625,3022553.808053
2019-08-21,36.301,36.3993,35.8955,36.006,3335179.6135254
2019-08-22,36.1952,36.3075,35.726,35.7335,2848702.9069701
2019-08-23,35.8702,36.1802,35.2493,35.3101,4271244.9818927
2019-08-26,35.6342,35.8355,35.4459,35.711,2153075.0656962
2019-08-27,35.8234,35.9301,35.4385,35.6501,2332504.1276586
2019-08-28,35.7878,36.3834,35.7494,36.1568,3545451.9329536
2019-08-29,36.6559,36.7542,36.3618,36.4068,1501154.2077906
2019-08-30,37.0717,37.2993,36.9622,37.1785,2729034.0578286
2019-09-03,36.4592,36.8947,36.4592,36.8526,2095769.713492
2019-09-04,37.7001,38.1983,37.6702,38.1234,3316335.1680431
2019-09-05,38.115,38.498,38.0223,38.4812,2544592.7663165
2019-09-06,38.5055,38.5917,38.3107,38.365,2171535.1049923
2019-09-09,38.38,38.8333,38.38,38.8249,2119713.9477109
2019-09-10,38.6928,39.3016,38.631,39.3016,2603568.1498406
2019-09-11,39.3334,39.4729,39.1377,39.4729,1877844.507574
2019-09-12,39.6911,39.9421,39.4973,39.7707,1933617.5740083
2019-09-13,40.8159,40.8852,40.3832,40.519,3513142.5930055
2019-09-16,40.5574,40.8234,40.4132,40.6127,3061949.0353663
2019-09-17,40.2296,40.3167,39.989,40.253,1729521.380638
2019-09-18,39.989,40.2062,39.6069,39.9496,1905943.5319885
2019-09-19,40.0283,40.2774,39.9927,40.0742,1547712.2037062
2019-09-20,39.9796,40.1369,39.723,39.7932,1832479.2386305
2019-09-23,39.0908,39.5834,38.9972,39.4889,2198522.5548518
2019-09-24,38.6376,38.7247,38.2096,38.4044,4492527.3351699
2019-09-25,38.2405,38.8099,38.1787,38.7312,2462733.4689703
2019-09-26,38.9429,38.9429,38.5758,38.6151,1510232.6005541
2019-09-27,38.779,39.0056,38.6816,38.8417,1936755.8234005
2019-09-30,38.4119,38.7013,38.38,38.5364,2096878.0846622
2019-10-01,38.6001,38.6619,38.1843,38.2489,1727550.2311389
2019-10-02,37.2487,37.4829,36.9444,37.2094,4213320.3086107
2019-10-03,36.6409,37.5072,36.5548,37.3583,2657153.3043986
2019-10-04,37.2796,37.8003,37.1869,37.7797,1860351.8905131
2019-10-07,37.5072,37.7825,37.2881,37.304,1656618.7474297
2019-10-08,37.1785,37.2646,36.9912,37.0455,1896052.5472592
2019-10-09,37.1635,37.2328,36.8048,37.1008,1939983.7675694
2019-10-10,37.6009,37.834,37.3901,37.7479,2755277.2545998
2019-10-11,38.5289,39.0674,38.5289,38.7162,3545821.3900103
2019-10-14,38.0597,38.1665,37.9202,37.9436,1523039.7333235
2019-10-15,37.5147,38.2143,37.4126,37.9904,3159997.1721253
2019-10-16,37.7647,37.9118,37.569,37.5924,1686560.785948
2019-10-17,37.7254,37.7254,37.1747,37.2019,1755147.3919215
2019-10-18,37.554,37.5615,37.0848,37.0933,1501665.6815772
2019-10-21,37.8425,37.8734,37.6009,37.7563,1456695.4967694
2019-10-22,37.834,38.0326,37.6711,37.8968,1818080.0235733
2019-10-23,38.2405,38.2929,38.0841,38.2639,1611069.8177528
2019-10-24,38.4418,38.5289,38.0017,38.1384,1679670.3050608
2019-10-25,38.1075,38.513,38.0148,38.4119,1268491.2958126
2019-10-28,38.9035,39.0515,38.8183,38.9344,2318579.0135644
2019-10-29,38.8183,38.9616,38.7247,38.8015,1324343.379074
2019-10-30,38.4418,38.5289,38.0597,38.5289,1972936.9878793
2019-10-31,38.3173,38.4044,37.9511,38.1702,1737351.5210914
2019-11-01,38.4353,39.1114,38.38,39.0131,2263454.0986718
2019-11-04,39.7932,40.0067,39.6368,39.7305,2181746.4282101
2019-11-05,40.7447,40.8552,40.4104,40.4647,4406885.9080697
2019-11-06,40.667,40.667,40.0199,40.1135,2664986.6482369
2019-11-07,40.4169,40.4881,40.0789,40.1669,1960639.1933066
2019-11-08,39.442,39.7155,39.442,39.6368,1811788.5756595
2019-11-11,38.9738,39.3409,38.7874,39.309,2430253.2818283
2019-11-12,39.3175,39.5516,39.1695,39.2706,2274177.9634711
2019-11-13,38.8015,38.9738,38.6694,38.794,1935978.4686684
2019-11-14,38.8651,39.1377,38.7874,38.9429,2002165.7393632
2019-11-15,39.325,39.7473,39.2191,39.7155,2775044.274929
2019-11-18,39.59,39.59,39.3016,39.5273,1525573.6107674
2019-11-19,40.2849,40.3785,39.7436,39.8953,1939851.3609941
2019-11-20,39.2706,39.4973,39.0833,39.1929,1682942.0288231
2019-11-21,38.9429,39.3409,38.7471,39.2706,1350826.8297116
2019-11-22,39.8157,39.8635,39.5591,39.6752,1371850.6447106
2019-11-25,40.0892,40.253,40.0002,40.1603,1452386.9440993
2019-11-26,40.3308,40.3785,40.0854,40.2456,1609154.1935917
2019-11-27,40.4413,40.4947,40.1435,40.4647,1389755.4306267
2019-11-29,39.9964,40.2577,39.9421,40.2146,1277618.8071443
2019-12-02,40.1669,40.4329,40.1051,40.387,1788033.3411488
2019-12-03,39.5113,39.708,39.3643,39.6368,1772680.5851909
2019-12-04,39.8091,40.1669,39.7155,40.1285,1265514.2834596
2019-12-05,39.9028,40.0283,39.6143,39.8635,1298244.3346226
2019-12-06,40.4563,40.5668,40.3514,40.387,1622818.7657153
2019-12-09,40.7063,41.0425,40.6763,40.7925,1615254.5062073
2019-12-10,40.7213,41.0809,40.6286,41.0425,2224411.2436958
2019-12-11,41.1118,41.6541,41.0425,41.5342,2581614.2854301
2019-12-12,41.3769,42.0633,41.3085,41.9397,2788944.8297391
2019-12-13,42.4548,42.8528,41.9397,42.2675,2833031.9481136
2019-12-16,43.5308,43.5308,43.0476,43.0719,2114302.3628455
2019-12-17,42.7086,43.2546,42.6664,43.1647,2935020.2482809
2019-12-18,42.7901,42.8594,42.6496,42.7207,1455204.855003
2019-12-19,42.6411,42.7713,42.4773,42.6337,1179063.4677786
2019-12-20,42.8453,42.8996,42.4005,42.4229,1399266.2803496
2019-12-23,42.392,42.585,42.3134,42.5475,1267587.9412751
2019-12-24,42.6721,42.6927,42.4857,42.5025,476568.63710666
2019-12-26,42.6889,42.8528,42.6411,42.7751,841560.17529085
2019-12-27,43.0719,43.1487,42.8453,42.8687,956227.47283219
2019-12-30,42.8453,42.9352,42.6805,42.7048,917443.02423695
2019-12-31,42.6571,42.7704,42.4773,42.6955,921125.84905951
2020-01-02,43.0944,43.1337,42.7488,42.8594,1579895.5438489
2020-01-03,42.3302,42.7901,42.2984,42.5709,1381362.5622285
2020-01-06,42.4464,42.6112,42.4314,42.525,882024.26536068
2020-01-07,42.377,42.6889,42.3686,42.525,1160064.1920268
2020-01-08,42.6889,42.9221,42.6112,42.7348,1506831.6736014
2020-01-09,42.4229,42.4941,42.0408,42.3302,1955250.0321354
2020-01-10,42.5082,42.6337,42.3527,42.4464,1363985.2670234
2020-01-13,42.377,42.7507,42.2197,42.7273,1798050.3256836
2020-01-14,42.805,43.1188,42.7348,43.0719,2250793.2538121
2020-01-15,42.6805,43.0092,42.6496,42.9455,3467986.6118744
2020-01-16,43.4072,43.4419,43.0232,43.3604,3445160.3589803
2020-01-17,44.2491,44.3128,43.8708,44.0778,2468683.2224963
2020-01-21,43.4465,43.6404,43.3042,43.3754,3747991.2812699
2020-01-22,44.03,44.2032,43.8174,43.9682,3972989.5610135
2020-01-23,43.0944,43.4915,42.8837,43.4222,6182217.8281503
2020-01-24,43.0232,43.1806,42.3527,42.4857,3136928.5297749
2020-01-27,41.0809,41.3806,41.0491,41.1671,4161413.7277324
2020-01-28,41.2682,41.5539,40.9564,41.3703,2242938.5540745
2020-01-29,41.5183,41.5885,41.213,41.2991,2544504.1393346
2020-01-30,40.8786,41.3853,40.6286,41.3478,2279207.2777402
2020-01-31,40.6286,40.6286,39.8091,39.8869,4749342.7013843
2020-02-03,39.7707,40.0199,39.5357,39.6293,3044348.5710143
2020-02-04,40.5967,40.784,40.4488,40.7147,3111945.3310583
2020-02-05,41.3478,41.3619,40.9404,41.2448,3291176.8509528
2020-02-06,41.1203,41.2757,40.8693,40.9948,3782074.2286492
2020-02-07,40.0742,40.2624,39.7305,39.856,2687778.7316922
2020-02-10,39.5048,39.856,39.4654,39.8475,2738143.416646
2020-02-11,40.2231,40.3935,40.1098,40.2062,2659257.9282679
2020-02-12,41.0107,41.0968,40.652,40.8693,2509181.4820049
2020-02-13,40.6202,40.7766,40.4169,40.5808,2418189.3343522
2020-02-14,40.6595,40.6763,40.0508,40.3392,2705020.4169372
2020-02-18,39.9346,40.3074,39.9028,40.2381,3205799.1692082
2020-02-19,40.2624,40.3561,40.0199,40.1369,2596130.957933
2020-02-20,40.1528,40.1528,39.4692,39.5207,2170314.6153512
2020-02-21,39.5048,39.5394,39.1929,39.3409,2689278.9836133
2020-02-24,37.0689,37.5372,36.9088,37.3583,4664217.0192506
2020-02-25,37.5222,37.5222,36.4096,36.5079,2567375.2396172
2020-02-26,36.6016,36.9209,36.2354,36.2429,3178594.9569715
2020-02-27,35.4628,35.9067,35.0498,35.0545,4504677.774038
2020-02-28,33.4493,34.1742,33.2227,33.7996,6805130.9681292
2020-03-02,33.8773,34.5872,33.527,34.5328,6112894.4436533
2020-03-03,35.0498,35.4628,34.1189,34.2912,7242372.7168001
2020-03-04,35.1809,35.7578,34.9309,35.7269,3569455.9636904
2020-03-05,34.7876,34.9355,34.3371,34.619,4232980.5494437
2020-03-06,33.4465,33.9204,33.012,33.5336,4963094.9645924
2020-03-09,28.2245,29.2125,27.7263,28.0091,7255269.5443463
2020-03-10,30.3373,30.3701,29.1966,30.3298,10283248.818599
2020-03-11,28.9166,29.2697,28.0559,28.4746,12926957.516636
2020-03-12,25.4056,25.6472,23.9203,24.8437,12361506.694721
2020-03-13,27.3573,27.6626,25.5583,27.5427,12384988.573722
2020-03-16,24.7154,26.2251,24.2256,25.3419,12016810.735372
2020-03-17,26.4976,28.2891,26.2485,28.0091,9116262.1118363
2020-03-18,25.6238,26.5622,24.1451,24.8596,7995481.0286518
2020-03-19,25.2689,26.5463,24.5618,25.9835,7588564.6568903
2020-03-20,26.6521,27.1251,25.1649,25.2783,8701518.8030063
2020-03-23,25.4862,26.3777,25.1809,25.4777,7537777.1251318
2020-03-24,29.2453,29.6873,28.321,29.2856,9693702.1355805
2020-03-25,30.3139,31.1165,29.5628,29.9767,8010314.8362584
2020-03-26,30.2811,30.6351,29.7276,30.4019,5705559.4962669
2020-03-27,28.674,29.3333,28.4418,28.5869,4997338.0812159
2020-03-30,29.6386,29.9449,29.1732,29.7585,3971814.9865557
2020-03-31,29.7988,30.5377,29.2294,29.4691,6072648.1837557
2020-04-01,29.1891,29.825,28.6591,28.8117,4624292.1656364
2020-04-02,29.8231,30.6501,29.1976,30.4422,6034944.3436616
2020-04-03,29.8166,30.4019,29.028,29.3895,5070461.7479813
2020-04-06,30.9882,31.3497,30.6829,31.2457,4421258.4282529
2020-04-07,32.3536,32.4341,30.916,30.9395,3769752.9425873
2020-04-08,31.2129,31.6315,30.7072,31.5744,3262236.4041086
2020-04-09,31.6381,32.554,31.3497,31.7346,4024112.38039
2020-04-13,31.9603,32.009,31.3253,31.8151,2983162.8519196
2020-04-14,32.3704,32.6832,32.0595,32.4182,3060848.1387609
2020-04-15,30.8758,31.0359,30.4824,30.8524,4288074.4982824
2020-04-16,31.2223,31.2223,30.5302,31.0125,3820598.1352738
2020-04-17,32.0558,32.2244,31.6793,32.1447,3435150.8490102
2020-04-20,31.286,31.9921,31.0528,31.1408,3110171.7236271
2020-04-21,29.7192,30.2483,29.3493,29.5825,2868731.5370648
2020-04-22,30.2408,30.4824,30.0882,30.3214,2518760.6706054
2020-04-23,30.6913,31.5107,30.6829,30.8037,3629086.9733209
2020-04-24,31.4948,31.4948,30.9114,31.3815,2155655.9261184
2020-04-27,31.566,31.8713,31.4058,31.7271,1958223.8411034
2020-04-28,32.3536,32.5306,31.9846,32.0811,2857553.8594068
2020-04-29,33.3013,33.9475,33.1721,33.823,3718036.4292121
2020-04-30,32.9885,33.1534,32.4051,32.6748,3404420.7778104
2020-05-01,31.1895,31.4705,30.7793,30.8758,3335918.5276388
2020-05-04,30.9001,31.3899,30.8364,31.2288,3248000.5616805
2020-05-05,31.7748,31.9443,31.3937,31.4545,2490449.1549936
2020-05-06,32.2412,32.3302,31.6194,31.6315,3595119.3477975
2020-05-07,32.6345,33.1243,32.4585,32.4828,2959165.2279526
2020-05-08,33.1412,33.3013,32.9089,33.2686,1943348.3894934
2020-05-11,32.17,32.4622,32.0886,32.3704,1862545.1413642
2020-05-12,32.5952,32.7085,31.6231,31.655,2427360.6252774
2020-05-13,32.17,32.3133,31.5828,31.831,2913644.0609446
2020-05-14,31.286,32.4341,31.0453,32.4182,3283246.337773
2020-05-15,33.1815,33.5673,32.9483,33.2124,2951887.1374944
2020-05-18,35.5031,36.1212,35.4385,35.976,4993867.7475907
2020-05-19,36.1446,36.4471,35.9882,36.0247,3628626.7536925
2020-05-20,36.7393,37.0614,36.5623,36.8357,2387713.3983531
2020-05-21,36.7636,37.1092,36.4742,36.5782,2474179.1631637
2020-05-22,36.345,36.551,36.1127,36.5473,1905270.8211627
2020-05-26,37.4857,37.5109,36.8442,36.8919,3024310.3307649
2020-05-27,37.3733,37.3733,36.7233,37.1167,2592590.1498404
2020-05-28,37.5821,38.145,37.2609,37.5109,2949100.1926446
2020-05-29,37.5428,37.9567,37.3658,37.8322,4454357.9364726
2020-06-01,38.0251,38.7996,37.8884,38.7556,2710010.2227927
2020-06-02,39.2613,40.0976,39.1096,39.9768,3565626.8509581
2020-06-03,40.1613,40.8524,40.121,40.5471,2092471.2948556
2020-06-04,40.2821,40.563,40.0732,40.4834,1986265.20459
2020-06-05,41.3497,41.9687,41.2298,41.3253,2395753.894414
2020-06-08,42.1448,42.3536,41.6709,42.3134,2370437.5436694
2020-06-09,41.4143,42.2253,41.1652,41.9921,2051983.7132966
2020-06-10,42.024,42.4595,41.699,42.1364,2355503.3633365
2020-06-11,40.4834,40.6267,39.0131,39.0927,3133964.3309615
2020-06-12,40.5387,40.7588,39.5759,40.1688,3948902.2422697
2020-06-15,38.7556,39.8241,38.4905,39.6387,2884377.9366371
2020-06-16,40.8037,40.8121,39.5984,40.2015,2501797.6798455
2020-06-17,40.0573,40.3017,39.7839,39.8728,1665502.8015103
2020-06-18,38.7706,39.4786,38.7556,39.3737,2012024.6902436
2020-06-19,38.9803,39.1892,38.41,38.5224,2835175.0126015
2020-06-22,39.1489,39.486,38.9803,39.4458,1494254.1167487
2020-06-23,40.0648,40.5537,39.9683,40.017,2427166.2865943
2020-06-24,39.4055,39.5507,38.7631,38.8839,2636886.5560274
2020-06-25,39.0131,39.708,38.8914,39.6874,2405458.015025
2020-06-26,39.5834,39.6153,38.9241,38.9888,2237874.0025717
2020-06-29,39.2697,39.3896,38.9401,39.3418,2153965.6066942
2020-06-30,39.1002,40.0611,39.0524,39.944,2206685.8473333
2020-07-01,39.7436,39.9599,39.3896,39.7183,2505134.5391005
2020-07-02,40.4506,40.7728,40.2175,40.2175,2294692.4402734
2020-07-06,40.1772,40.5228,40.0976,40.5068,1688109.0886423
2020-07-07,40.1613,40.7157,40.0573,40.0976,2086742.5748866
2020-07-08,40.4338,41.1371,40.4338,41.0528,2971145.8874218
2020-07-09,41.1165,41.2457,40.2821,40.563,2039867.4438674
2020-07-10,40.7391,41.0678,40.4104,41.021,2017829.2236549
2020-07-13,41.6794,41.8311,40.7728,40.7794,2400064.582674
2020-07-14,41.0856,42.1851,41.036,42.0558,3036112.6684754
2020-07-15,43.1244,43.1984,42.29,42.6346,4110531.1622222
2020-07-16,42.3452,42.5793,42.2544,42.5297,2261434.8983994
2020-07-17,42.8996,43.366,42.8116,43.2452,2534630.2393247
2020-07-20,43.0841,43.5065,43.012,43.0438,2467145.5977516
2020-07-21,42.5793,42.9727,42.3096,42.8284,3526533.8096189
2020-07-22,42.2253,42.7545,42.2253,42.7226,3302217.8508558
2020-07-23,42.6196,42.8041,42.1701,42.3377,2017555.8681447
2020-07-24,42.1364,42.4098,41.9041,42.2572,2233171.4335608
2020-07-27,42.8996,43.7359,42.8359,43.6872,2820289.9508368
2020-07-28,42.8687,43.1581,42.8284,42.9886,2419399.1460437
2020-07-29,42.8762,43.6957,42.8163,43.5833,2391799.8496712
2020-07-30,42.3377,42.7844,41.9603,42.6908,2660776.3327033
2020-07-31,42.4651,42.5297,42.0643,42.4426,2046630.8571541
2020-08-03,42.9558,43.1403,42.7713,43.1244,1621682.6318761
2020-08-04,42.8284,43.5102,42.8284,43.5027,1880938.9773727
2020-08-05,44.7642,45.5312,44.6996,44.9965,2620957.1907902
2020-08-06,45.4628,45.712,45.2456,45.6558,2763721.3771562
2020-08-07,44.9571,44.9646,44.4908,44.8925,2881429.7547481
2020-08-10,45.5659,46.1053,45.4703,45.9124,2669668.9291435
2020-08-11,46.4658,46.5305,45.534,45.6464,3702772.300236
2020-08-12,46.2654,46.8695,46.0201,46.1531,2771997.8559035
2020-08-13,46.1053,46.3301,45.5949,45.8084,1506209.1491388
2020-08-14,45.8637,46.0154,45.6052,45.7756,1397335.7070591
2020-08-17,46.4658,46.8433,46.4293,46.5707,1688080.2581783
2020-08-18,46.4256,46.4902,45.4947,45.7035,2416177.6086445
2020-08-19,45.5986,45.8318,44.7155,44.8035,1882124.2297801
2020-08-20,44.2416,44.7801,44.0253,44.7708,1823782.0486682
2020-08-21,43.6957,44.0721,43.6235,43.7828,2551410.6371463
2020-08-24,44.6752,44.6912,44.177,44.4102,1404489.9333018
2020-08-25,44.2014,44.2014,43.5908,43.9523,1665833.8179484
2020-08-26,43.8165,44.4458,43.7762,44.3063,1357040.3285932
2020-08-27,44.8925,44.9169,43.8567,44.2089,2651417.1098648
2020-08-28,44.5226,44.8607,44.2304,44.8438,1848177.9601559
2020-08-31,44.2819,44.5151,44.1686,44.2257,2178374.3317214
2020-09-01,45.0929,45.7035,44.7155,45.6155,2587670.8184523
2020-09-02,45.712,45.7438,44.8719,45.2858,2108818.1679228
2020-09-03,44.1143,44.2079,43.0242,43.5411,3732719.6777291
2020-09-04,43.9991,44.237,42.9998,43.9991,2930387.0859425
2020-09-08,43.336,44.0731,43.0907,43.4587,2508693.4997075
2020-09-09,44.2126,44.6303,44.1714,44.4252,2223781.2446685
2020-09-10,44.1058,44.3184,43.0579,43.1225,2836706.2305765
2020-09-11,43.8183,44.6462,43.6638,44.3924,3290115.462761
2020-09-14,44.8757,45.0929,44.6387,44.9421,2044879.6734171
2020-09-15,45.8346,46.0229,45.3355,45.3832,2574456.8558025
2020-09-16,46.2682,46.3507,45.7157,45.7775,3091027.2277606
2020-09-17,44.7445,45.5893,44.6977,45.4582,4568783.9123526
2020-09-18,45.5321,45.7532,44.8195,44.8195,2495613.0114279
2020-09-21,43.7294,43.7949,42.7254,43.3529,3097016.4897002
2020-09-22,43.4671,43.6516,42.7947,43.3276,1535205.121321
2020-09-23,43.4016,43.5168,42.3199,42.4604,2666137.7312055
2020-09-24,42.7217,43.5823,42.4426,43.1319,2442290.5344304
2020-09-25,42.5419,42.9511,42.3199,42.9174,2770382.2821266
2020-09-28,43.4428,43.5608,43.0701,43.204,2525659.6938523
2020-09-29,42.6646,42.8856,42.1317,42.2712,2947391.720706
2020-09-30,42.6477,42.6477,42.1317,42.3611,2489704.9019053
2020-10-01,42.4838,42.5737,41.8039,42.0577,2337409.5777122
2020-10-02,41.4761,42.451,41.3703,42.156,2686187.7171994
2020-10-05,42.4014,42.8163,42.3939,42.7376,1852627.4617609
2020-10-06,42.4838,42.5419,41.2392,41.3703,5636027.8917524
2020-10-07,42.1073,42.8359,42.0418,42.5494,3124712.9554142
2020-10-08,42.6477,43.0335,42.4922,43.0242,2774559.4960164
2020-10-09,43.5168,43.5655,43.1515,43.3117,2006402.7497708
2020-10-12,43.2864,43.2864,42.8697,43.0092,1555381.1071204
2020-10-13,42.5325,42.7947,42.4098,42.6393,2031940.1340724
2020-10-14,42.6561,42.9717,42.525,42.5325,2400364.6330582
2020-10-15,41.7711,42.5213,41.6981,42.4426,1683645.7057028
2020-10-16,42.4192,42.5784,42.2057,42.3115,1352452.0136432
2020-10-19,42.1804,42.5381,41.4433,41.4593,1958013.485496
2020-10-20,41.6325,42.0867,41.5745,41.9434,2752770.07203
2020-10-21,42.0746,42.6561,42.0577,42.0661,2328401.6594161
2020-10-22,42.0577,42.4426,41.7796,42.378,2659141.5386171
2020-10-23,42.1073,42.23,41.9266,42.0989,2634403.9327417
2020-10-26,41.6728,41.7711,40.9105,41.2542,2680576.4546762
2020-10-27,40.5106,40.903,40.3991,40.7466,2290610.2601352
2020-10-28,39.4692,39.6659,39.0178,39.0759,4495072.9583584
2020-10-29,38.6835,39.5479,38.4203,39.4121,3501274.0520073
2020-10-30,38.8886,39.4448,38.823,39.4121,4485281.2785605
2020-11-02,39.6902,39.7071,39.2688,39.3961,3079908.2788255
2020-11-03,40.6492,40.7147,40.313,40.5921,2366088.4147908
2020-11-04,40.166,40.3701,39.6499,40.0189,4241882.7560386
2020-11-05,41.0744,41.4518,40.903,41.0088,3145948.1938155
2020-11-06,41.9022,42.0905,41.6484,41.8283,2505736.7754588
2020-11-09,44.5076,44.5807,42.9961,43.4999,3640817.7687691
2020-11-10,43.9747,44.4917,43.8764,43.9176,2591415.5753826
2020-11-11,44.0075,44.1471,43.6928,43.8595,1846228.166556
2020-11-12,42.9268,43.2864,42.5166,42.6889,1695034.8067632
2020-11-13,42.9764,43.5655,42.8697,43.3772,2120375.9805871
2020-11-16,44.2454,44.3596,43.8436,44.2126,2575015.3125674
2020-11-17,43.8595,44.2004,43.6544,44.0159,2814588.9935369
2020-11-18,44.1883,44.3072,43.6797,43.6882,2005120.3280219
2020-11-19,43.3276,43.5243,43.0242,43.484,1793511.1293018
2020-11-20,43.8764,44.0937,43.7125,43.9916,1483609.2687765
2020-11-23,44.7118,45.195,44.6462,45.1538,2773965.8020178
2020-11-24,46.5717,47.4557,46.4452,47.3902,3724919.4355346
2020-11-25,46.6944,47.0015,46.3591,46.9575,2031109.3895923
2020-11-27,46.3263,46.9332,46.2851,46.9069,1520339.2798656
2020-11-30,46.6297,46.7122,45.7035,45.7035,2457363.5281084
2020-12-01,46.8667,47.4969,46.8508,47.3087,2063006.5606852
2020-12-02,48.6442,49.4964,48.5046,49.2585,4504349.9609847
2020-12-03,50.3233,50.962,49.9965,50.4544,2837901.0931385
2020-12-04,50.9461,51.847,50.9461,51.6597,3263015.8944306
2020-12-07,51.3076,51.6007,51.0576,51.2252,1733399.6119386
2020-12-08,50.9545,51.7243,50.9545,51.6185,2081917.2094552
2020-12-09,52.0446,52.2244,51.1194,51.6007,2440713.4012722
2020-12-10,52.0362,53.3389,51.9791,53.043,3052531.083805
2020-12-11,52.658,53.1656,52.585,52.8547,2348995.1530455
2020-12-14,52.8547,52.9774,51.9285,51.9379,2533086.2078103
2020-12-15,52.5766,53.0598,52.4043,52.9943,2371371.8642608
2020-12-16,53.0523,53.322,52.7489,53.1413,3082420.8003701
2020-12-17,54.2885,54.7109,54.1087,54.2969,2786167.495044
2020-12-18,54.0188,54.1237,53.6573,53.8371,2902947.9588143
2020-12-21,52.5766,53.8221,52.4782,53.7238,2922538.7929748
2020-12-22,53.3707,53.5683,52.8837,52.9446,1846701.199724
2020-12-23,53.6742,54.0675,53.4691,53.765,1961577.7850778
2020-12-24,54.0516,54.1171,53.2031,53.3707,757002.5600767
2020-12-28,53.7725,54.0422,53.2977,53.4859,993036.50074846
2020-12-29,54.3953,54.4524,53.6779,53.8221,2480773.8648465
2020-12-30,54.1499,54.3794,53.8708,54.0188,1653672.7011307
2020-12-31,53.6742,53.6985,53.3464,53.5271,1861318.2449533
2021-01-04,55.7055,55.919,55.0218,55.1735,3514691.9634948
2021-01-05,55.3861,57.2835,55.3702,56.9351,4247464.1203029
2021-01-06,58.4916,59.3185,58.0823,58.7454,5913537.1243226
2021-01-07,59.5639,60.1052,59.2033,59.9497,3345556.4449622
2021-01-08,60.3843,60.4489,59.3016,60.1782,3391030.6289919
2021-01-11,57.9915,58.7622,57.8529,58.3923,2860673.9562846
2021-01-12,58.5,58.9992,58.1469,58.942,1810474.1200618
2021-01-13,58.9261,58.9261,58.1226,58.2209,1961646.1239554
2021-01-14,59.3766,60.9574,59.3522,60.5229,2797513.8843059
2021-01-15,58.8109,58.868,57.6225,57.8435,2551175.7222547
2021-01-19,57.9006,58.8034,57.6384,58.5243,4181097.4600545
2021-01-20,59.6463,59.9731,59.2661,59.6219,3325851.3567409
2021-01-21,60.0237,60.0237,58.9673,59.2539,3502366.406253
2021-01-22,57.6553,58.9748,57.4914,58.8109,2571404.0300073
2021-01-25,57.8435,58.3848,57.5663,58.3361,2777315.4748123
2021-01-26,58.5646,59.0404,58.4129,58.8193,2330749.7405367
2021-01-27,56.4837,57.9999,56.1484,56.6401,7422272.6763405
2021-01-28,57.1477,57.5729,56.6729,56.7787,4462132.551588
2021-01-29,55.9761,56.1971,54.5423,54.7062,4824214.3485018
2021-02-01,56.3863,56.5418,55.3046,55.9845,3877716.6233597
2021-02-02,55.0265,55.2222,54.4852,54.9768,3167001.9070734
2021-02-03,54.8617,55.1248,54.4524,54.9272,3184133.6094373
2021-02-04,54.6659,54.9684,54.4037,54.8869,1976344.3216018
2021-02-05,55.2475,55.5753,54.8045,55.5256,2876433.5421228
2021-02-08,56.4013,57.0746,56.3694,57.0587,2362535.8609536
2021-02-09,56.6729,57.275,56.2055,57.0821,3444325.3433203
2021-02-10,57.8931,57.9915,56.5418,57.1889,2919456.0689206
2021-02-11,57.1065,57.3855,56.5989,57.1158,3132117.0456779
2021-02-12,56.8283,57.8313,56.7131,57.6553,2117202.4939612
2021-02-16,60.7851,62.424,60.5144,61.834,5107849.5207667
2021-02-17,62.3659,62.3659,61.3582,61.907,2396360.4019522
2021-02-18,62.5139,62.5139,61.3498,62.0962,2578114.053546
2021-02-19,62.5794,62.8491,61.9567,62.35,3565162.3601498
2021-02-22,62.7021,64.12,62.439,63.5291,3498869.3777538
2021-02-23,63.7744,64.4712,62.2929,64.43,4102474.649237
2021-02-24,64.1771,65.4957,63.9065,65.3234,3220499.5024445
2021-02-25,65.6428,65.9378,63.6152,63.9308,3316557.2693951
2021-02-26,63.2912,63.4963,61.834,62.1861,4220124.2981061
2021-03-01,63.087,64.7709,63.0786,64.5208,2886769.7973511
2021-03-02,66.4201,67.7827,66.3957,67.3453,3801291.3345731
2021-03-03,67.0681,68.7922,66.8668,68.103,4503543.7757887
2021-03-04,64.7568,65.2185,63.0411,63.898,7039886.7582319
2021-03-05,63.5113,64.4618,62.4689,64.209,5138479.2192402
2021-03-08,63.6377,64.2183,63.2931,63.722,3507965.9230317
2021-03-09,63.0833,64.1677,61.7544,63.5871,5959066.8336903
2021-03-10,62.0241,62.4361,60.9986,61.3507,4024253.329325
2021-03-11,62.217,62.3762,61.8349,62.3013,2469019.5779092
2021-03-12,61.612,62.7639,61.3002,62.704,2786876.5108985
2021-03-15,61.3929,61.8134,60.7785,61.4182,2964364.3216206
2021-03-16,61.1747,61.2074,60.2962,60.4086,2724192.6754727
2021-03-17,59.6107,60.4086,59.2239,60.1576,2261639.915032
2021-03-18,60.1398,60.2157,58.7023,58.7622,2251023.8975238
2021-03-19,58.4166,58.5262,57.6937,57.8697,2422829.9712553
2021-03-22,58.2312,58.3239,57.5682,58.1563,2318218.0988673
2021-03-23,57.6262,58.0046,56.6176,56.7768,3056591.908044
2021-03-24,57.0465,57.7189,57.0203,57.1561,2765776.8824572
2021-03-25,56.6757,56.9622,55.7682,56.8864,3187725.6716881
2021-03-26,58.1394,59.1902,58.0149,59.1143,2624066.6097184
2021-03-29,58.8203,58.9214,58.1563,58.7023,2140538.0850521
2021-03-30,58.3998,58.9046,57.9287,58.6011,4494015.8413464
2021-03-31,58.5009,58.8119,58.3239,58.3408,2308181.8940233
2021-04-01,58.6601,58.6601,57.6009,58.4672,2468498.493968
2021-04-05,59.1396,60.182,59.0937,59.812,1626116.1165567
2021-04-06,59.7624,59.783,58.6105,58.7444,1795315.7027869
2021-04-07,59.5011,60.182,59.3241,59.8205,2530255.4833671
2021-04-08,59.8373,59.9048,59.3756,59.8879,1376144.2482512
2021-04-09,59.3925,59.6613,58.9757,59.4674,2074989.3557443
2021-04-12,59.1228,59.1481,58.559,58.8709,1706926.8392506
2021-04-13,59.2661,59.2913,58.6517,59.0806,1619544.906363
2021-04-14,59.8205,61.3929,59.7624,61.1325,2933108.8952997
2021-04-15,61.9726,62.4605,61.6542,62.2751,2848274.7211905
2021-04-16,62.6375,62.645,61.6542,62.0063,1793268.7398455
2021-04-19,62.4783,63.0243,62.0437,62.3172,1717102.9252346
2021-04-20,62.2086,62.2676,60.6025,60.9218,1894776.5322801
2021-04-21,60.4507,62.2591,60.241,62.1664,3509692.5474846
2021-04-22,61.4687,61.4856,60.7532,61.023,3174872.6237354
2021-04-23,61.9145,63.0149,61.5446,62.7883,2026420.7019159
2021-04-26,63.2846,63.8315,63.0992,63.6293,2560658.8093087
2021-04-27,62.8136,63.0318,62.4858,62.704,2431069.077179
2021-04-28,62.6628,63.9907,62.5785,63.6714,1622185.563303
2021-04-29,63.8231,63.8905,62.2751,62.8651,2920785.4736478
2021-04-30,62.2423,62.5532,61.0941,61.1747,2619286.0916753
2021-05-03,61.7384,62.4689,61.6364,62.3097,1359521.8840839
2021-05-04,62.5532,62.7134,61.7384,62.6965,1485735.248545
2021-05-05,64.0076,65.0752,64.0076,64.9076,1476091.9922468
2021-05-06,64.8739,65.9584,64.5957,65.8909,2145879.19545
2021-05-07,66.1438,66.8771,65.5884,66.7403,2762640.768655
2021-05-10,68.5394,69.002,67.8922,67.9587,3222664.9906266
2021-05-11,66.8078,68.0777,66.2777,67.8501,2811434.7272203
2021-05-12,67.1178,68.1273,66.1934,66.4622,2909174.2712354
2021-05-13,65.0921,65.8909,64.4365,65.3028,2684104.4492293
2021-05-14,64.5292,65.3028,64.3691,65.1342,2615307.4876484
2021-05-17,64.8814,66.2562,64.7222,66.1691,2567457.4598292
2021-05-18,66.4968,66.5633,64.8861,65.1595,2215377.6983207
2021-05-19,62.999,63.2509,61.9229,62.3013,3366744.7003853
2021-05-20,62.217,62.4605,61.7797,62.3013,2325834.6803284
2021-05-21,62.6965,62.704,61.4931,61.6785,1762731.9395337
2021-05-24,61.317,61.6289,61.0145,61.4182,1611265.2242307
2021-05-25,60.9565,61.0398,60.3084,60.4601,2434201.9875963
2021-05-26,60.4601,61.0913,60.3168,60.9218,2642637.6996906
2021-05-27,62.6375,62.9906,62.158,62.4184,2001334.9948831
2021-05-28,62.1496,62.5364,61.9726,62.3097,1328376.440644
2021-06-01,64.0076,64.3869,63.7557,64.1509,2348124.9001518
2021-06-02,63.8812,64.1677,63.5534,64.1087,1593124.4556281
2021-06-03,63.2088,63.2088,62.5532,63.0149,1387140.4007657
2021-06-04,63.898,64.1593,63.3352,63.9992,1189589.79051
2021-06-07,63.6798,63.7547,62.6544,62.9147,1259885.936217
2021-06-08,63.5038,64.2932,62.8388,63.9074,1988286.5404523
2021-06-09,62.94,63.0243,62.3425,62.5701,2130279.778856
2021-06-10,62.7386,63.3942,62.6712,63.2678,1831907.968326
2021-06-11,63.9327,64.1087,63.5113,63.7894,1196823.0335799
2021-06-14,63.5871,63.8737,63.3858,63.4691,1582661.1327994
2021-06-15,62.8304,63.1254,62.3687,62.9906,2691863.0474203
2021-06-16,62.3519,62.8651,61.7122,62.0662,2323531.4465963
2021-06-17,60.7879,61.2074,59.0553,59.2745,3991460.2782593
2021-06-18,58.854,59.0057,57.6262,57.6262,2900542.2167658
2021-06-21,58.5169,59.3625,58.3914,59.2146,1794834.1272592
2021-06-22,59.3166,60.0303,58.7866,59.93,2049457.3104175
2021-06-23,60.6025,60.9565,60.1323,60.2166,1526497.2534092
2021-06-24,60.8628,61.2664,60.5097,61.2,1173132.9345618
2021-06-25,61.8471,62.0241,61.5605,61.5699,1194784.6129982
2021-06-28,61.863,62.0906,60.8169,61.2168,1713215.0837794
2021-06-29,61.5352,61.7544,61.0651,61.2252,1100109.6405229
2021-06-30,61.1072,61.4107,60.5519,61.2327,1400781.4814002
2021-07-01,61.5605,61.7881,60.5603,60.8797,1185015.3568945
2021-07-02,60.905,61.3592,60.535,61.3423,1050140.0397049
2021-07-06,61.9473,62.0241,60.3758,60.771,1458024.9014966
2021-07-07,62.0063,62.5195,61.5277,62.2423,1802238.217523
2021-07-08,61.0398,62.0316,60.7748,61.7965,1784204.2284165
2021-07-09,62.9906,64.6472,62.6628,64.3026,3103869.5977638
2021-07-12,63.6883,64.5208,63.4438,64.327,1185331.4242032
2021-07-13,63.7051,64.3101,63.6124,64.0497,1263870.9470137
2021-07-14,64.739,64.9413,63.5281,63.9486,2391506.2060567
2021-07-15,63.4111,64.4955,63.3015,64.193,1560509.726321
2021-07-16,63.8231,63.8231,62.3303,62.5364,2057383.5524175
2021-07-19,60.9471,61.3423,60.5519,60.8207,2347677.4940629
2021-07-20,61.0988,62.423,60.7457,62.0737,2089168.6050394
2021-07-21,63.0833,63.781,62.9737,63.6798,2048248.566521
2021-07-22,63.898,63.9823,62.9821,63.5871,1195236.290267
2021-07-23,64.1677,64.3944,63.3858,64.2605,1263267.6428604
2021-07-26,65.1679,66.5558,65.1595,66.4453,2531133.2108255
2021-07-27,65.4124,66.185,64.7812,65.6053,2481244.7624246
2021-07-28,65.5631,66.7066,65.3197,66.5137,1875272.1895115
2021-07-29,67.5223,67.6815,67.2114,67.4633,2794069.1777598
2021-07-30,66.3367,66.8321,65.6474,66.0501,1466971.9554798
2021-08-02,67.0175,67.1599,65.8741,65.9246,1613757.4576711
2021-08-03,66.2534,67.2742,65.7898,67.0353,2024893.7551209
2021-08-04,67.0934,67.5092,66.4378,66.4378,1795706.5157429
2021-08-05,65.0752,65.2691,64.4955,64.7568,2364605.2475892
2021-08-06,64.9657,65.1464,64.2352,64.504,1203429.4810073
2021-08-09,64.4028,64.5798,64.0994,64.3522,1165509.946331
2021-08-10,63.9074,65.2429,63.8315,65.1848,2013083.9428456
2021-08-11,65.1764,65.58,64.7222,65.4714,1158109.0594521
2021-08-12,64.6051,64.7212,64.1837,64.563,1727332.4009667
2021-08-13,64.9235,65.698,64.8233,65.4292,1640515.3316139
2021-08-16,64.1509,64.8814,63.1582,63.7473,3945678.5692807
2021-08-17,59.577,60.1745,57.7527,58.7107,13508994.39769
2021-08-18,56.037,56.096,54.7933,55.0452,10311248.538082
2021-08-19,53.2799,53.7753,52.5822,52.8341,9334877.1132995
2021-08-20,53.22,53.4981,52.7835,53.4728,5692046.5510278
2021-08-23,53.6414,54.2211,53.4054,54.1705,3718876.7838469
2021-08-24,54.1031,54.9609,54.1031,54.8429,3656416.1175681
2021-08-25,55.0705,55.4957,54.8064,55.3477,4686068.3753448
2021-08-26,54.768,55.0031,54.1705,54.5077,5295820.9424219
2021-08-27,54.9441,56.0201,54.9441,55.978,3804004.6015705
2021-08-30,56.8948,57.2779,56.3395,56.8948,2634120.9670768
2021-08-31,56.0538,56.273,55.1211,55.6081,4517437.9238291
2021-09-01,54.6584,55.1117,54.4309,54.8851,3972226.087616
2021-09-02,54.8139,55.5303,54.8139,55.4226,5404607.8931097
2021-09-03,55.9602,56.6635,55.638,56.435,3759019.4676333
2021-09-07,55.7092,55.9508,55.2166,55.4854,4615042.925679
2021-09-08,55.1276,55.387,54.1434,54.635,4817331.3421793
2021-09-09,54.2585,54.5048,53.9177,54.1237,3570891.0801188
2021-09-10,54.7961,55.2438,54.4917,54.5095,1900338.6762351
2021-09-13,55.0021,55.1361,54.4599,54.7156,4324411.5608257
2021-09-14,54.4552,54.5451,53.3445,53.5777,4604211.2135885
2021-09-15,53.5955,54.4196,53.515,54.0254,4701187.2842061
2021-09-16,52.7002,52.7002,51.3207,52.0465,3829488.5961241
2021-09-17,49.9768,50.2634,49.0637,49.7446,6845835.3120653
2021-09-20,47.4782,48.4634,47.3443,48.4007,6199795.8688082
2021-09-21,49.2604,49.2782,48.1684,48.8483,4016964.5609171
2021-09-22,49.5835,49.8186,48.956,49.2604,6031988.6872079
2021-09-23,49.458,49.7624,48.9654,49.3053,9453105.5070378
2021-09-24,48.7678,49.1799,48.661,48.8399,4493665.604599
2021-09-27,48.6872,49.458,48.5983,49.3231,4760626.0907436
2021-09-28,48.3295,48.499,46.9585,47.0755,8109561.0389643
2021-09-29,47.2638,47.7198,46.8517,47.1289,5888652.1627425
2021-09-30,48.1769,48.5533,47.8275,47.9352,4261633.7594433
2021-10-01,47.9259,48.1862,47.3527,47.9624,2579322.7974425
2021-10-04,48.1946,48.5393,47.7292,47.7919,2770073.6893827
2021-10-05,48.0158,48.0785,47.1832,47.7292,2746291.759998
2021-10-06,47.29,48.1591,46.9585,48.1413,3403316.6778201
2021-10-07,48.6423,49.2426,48.5355,48.7678,2980743.2285366
2021-10-08,49.3953,49.6771,49.0188,49.3147,3040279.2044156
2021-10-11,50.6942,51.0248,49.9993,50.0133,4275706.2292422
2021-10-12,49.9956,50.3083,49.7979,50.0489,3337009.8140896
2021-10-13,49.5835,49.9412,49.2969,49.753,3586258.7852061
2021-10-14,50.9264,51.7777,50.8731,51.6344,4670913.1614548
2021-10-15,51.9472,52.0062,51.3301,51.4818,3825797.2289418
2021-10-18,51.4912,51.9744,50.8909,51.9566,4350868.3165892
2021-10-19,52.0016,52.3593,51.6167,52.0194,4150283.0330527
2021-10-20,51.4996,52.0465,51.1325,51.9566,3633725.4746341
2021-10-21,50.2821,50.2906,49.7577,50.0939,4309071.6184073
2021-10-22,50.4966,51.007,49.9328,50.801,3850513.478918
2021-10-25,51.1147,51.67,50.9264,51.4462,3394141.115715
2021-10-26,51.2936,51.2936,50.7036,50.962,2236916.1904911
2021-10-27,50.4076,50.5509,49.8701,49.9506,2978472.0286533
2021-10-28,50.1613,50.4966,49.959,50.255,2635710.9137747
2021-10-29,49.6013,49.709,48.956,49.1171,3806018.4628681
2021-11-01,49.0993,49.2782,48.7772,48.8127,3999565.9098128
2021-11-02,47.5588,47.6711,47.0839,47.5588,5999555.4830442
2021-11-03,47.8631,48.2892,47.4511,48.1141,3475029.7874411
2021-11-04,47.8275,47.8819,47.201,47.6309,5219153.264179
2021-11-05,47.5681,47.9174,47.4557,47.8453,3361248.7597179
2021-11-08,48.1235,49.0281,48.1235,49.001,3377446.1414904
2021-11-09,48.5262,48.661,47.3265,47.8275,3453071.6518508
2021-11-10,47.4698,47.7835,46.8601,46.8601,2581999.7594112
2021-11-11,48.705,49.3681,48.5618,49.3147,3976887.0126233
2021-11-12,48.8127,49.1265,48.5889,48.8305,2068497.1623778
2021-11-15,48.2218,48.293,47.8631,48.1319,3402163.4592615
2021-11-16,47.9174,48.0064,47.1739,47.2366,3558439.5230715
2021-11-17,47.2094,47.5456,46.8339,46.8601,2737325.4857054
2021-11-18,46.7974,46.9903,46.4658,46.8423,2486192.9242766
2021-11-19,47.0306,47.3171,46.7796,46.8966,3210252.941993
2021-11-22,47.3799,48.8081,47.1561,48.3829,3962335.1028867
2021-11-23,49.0544,49.8026,49.0459,49.7352,3994409.5279432
2021-11-24,50.1201,50.461,49.5292,49.6903,3932143.2003474
2021-11-26,47.8453,48.838,47.7198,48.75,2535202.5774241
2021-11-29,49.6725,50.3533,49.4664,50.1201,4145393.5999235
2021-11-30,50.461,51.1053,49.8879,50.3261,5072061.3048337
2021-12-01,50.5593,51.1681,49.4711,49.5029,4543117.3248606
2021-12-02,50.5144,51.9294,50.2634,51.6429,6869573.4618567
2021-12-03,49.9684,50.3355,48.3651,48.8221,6075264.2814116
2021-12-06,50.0939,50.2419,49.664,50.004,4865741.9623534
2021-12-07,51.6794,52.5213,51.5445,51.804,4648139.2305138
2021-12-08,51.8667,52.0465,51.4462,51.6251,2706031.6187658
2021-12-09,51.0248,51.2758,50.7832,51.1053,2795693.2938964
2021-12-10,51.6607,51.8227,51.0163,51.2308,2873988.2916607
2021-12-13,51.966,52.0643,51.2308,51.6167,2991406.2290232
2021-12-14,52.0465,52.512,51.7862,52.0194,3449379.2168736
2021-12-15,52.0465,52.2301,51.0978,52.1804,4307605.5359251
2021-12-16,52.467,52.8163,52.275,52.3509,3130382.9466603
2021-12-17,52.8791,52.924,52.0999,52.1898,4099943.975178
2021-12-20,51.8405,52.1804,51.3835,52.1448,3422636.2920603
2021-12-21,52.718,53.5327,52.6805,53.4794,5460716.2471619
2021-12-22,52.7629,53.1478,52.0016,53.0673,3747534.2650263
2021-12-23,53.3895,53.927,53.22,53.6676,2575916.531515
2021-12-27,53.6498,54.0076,53.1928,53.9991,1666966.7484026
2021-12-28,53.676,53.9589,53.2237,53.3988,1993975.7520077
2021-12-29,53.972,54.4824,53.8558,53.927,2491404.8314842
2021-12-30,54.4552,54.5985,53.9364,53.972,2297323.4870587
2021-12-31,53.8558,54.2136,53.7744,54.0525,1374948.3178942
2022-01-03,54.267,54.4374,53.8643,54.0431,1772161.6368396
2022-01-04,54.2136,55.2082,54.1331,54.9216,3708515.9693345
2022-01-05,55.2971,56.4078,55.2793,55.5753,7126187.0148233
2022-01-06,55.7813,56.1035,54.9928,55.638,3267305.2267913
2022-01-07,56.3273,57.6534,56.2561,57.644,4161970.0489074
2022-01-10,56.5511,56.8293,55.7092,56.5605,4864532.1506619
2022-01-11,56.4256,57.8679,55.9415,57.7602,4706120.4969287
2022-01-12,60.0087,60.2054,59.2024,60.1426,5135415.7154954
2022-01-13,60.0087,60.4751,59.8298,60.0977,5806822.7636553
2022-01-14,59.3372,60.2147,59.193,59.9816,6006043.4052309
2022-01-18,59.8916,60.492,59.1846,59.5161,6973192.2849303
2022-01-19,60.7251,61.612,60.5903,61.3339,5037335.5448875
2022-01-20,61.3432,62.3013,60.8328,60.9312,9658397.6307651
2022-01-21,58.8531,59.193,58.1722,58.19,10641449.180828
2022-01-24,56.6317,57.8856,55.727,57.8679,8900500.2585106
2022-01-25,57.098,57.7602,56.3001,57.2142,8467389.8085461
2022-01-26,57.689,58.6199,57.3303,57.7424,7608391.4737373
2022-01-27,58.19,59.193,58.1273,58.9336,11351702.609691
2022-01-28,57.8145,57.9034,56.6232,57.4736,13484224.757966
2022-01-31,57.0934,57.098,56.2823,56.9632,9626887.0014483
2022-02-01,57.3041,58.2799,57.1692,58.235,10420410.284802
2022-02-02,58.4766,58.9233,58.0467,58.6826,7959911.710686
2022-02-03,59.5873,59.5966,58.6199,58.8802,12498232.500579
2022-02-04,58.9786,59.4983,58.7903,59.2558,7511425.0132744
2022-02-07,60.5275,61.6701,60.0621,61.3077,7147117.9316606
2022-02-08,62.0868,62.1308,60.8057,61.9435,10793871.572621
2022-02-09,61.2889,61.8134,60.6896,61.7103,10739597.690313
2022-02-10,62.4717,63.5356,62.3547,62.6422,8689102.4831928
2022-02-11,61.406,62.1496,61.2177,61.7188,5926586.6465483
2022-02-14,61.4416,61.4416,60.4835,61.1372,7361687.0580143
2022-02-15,60.0537,60.5097,59.1893,60.4742,7688635.1973066
2022-02-16,60.4114,61.6832,60.4114,61.5577,7049967.8104643
2022-02-17,61.0389,61.406,60.5369,60.8328,6917327.3881293
2022-02-18,62.1308,62.3013,61.4416,62.1046,6810176.2993227
2022-02-22,62.1674,62.5523,61.0473,61.5671,5074124.2846995
2022-02-23,62.4174,62.5298,61.5043,61.5849,5935105.514752
2022-02-24,59.5058,59.754,58.3164,59.4683,6973721.9112313
2022-02-25,60.2082,62.8117,60.0209,62.8023,6025061.901292
2022-02-28,62.718,63.7482,62.6712,63.486,4021902.0448195
2022-03-01,63.7669,64.5817,63.2753,64.1509,5071602.1530002
2022-03-02,66.5577,67.4099,66.1738,67.4006,5556759.0649831
2022-03-03,67.8876,68.9084,67.6956,68.3652,5396142.4146541
2022-03-04,66.2955,68.4963,66.2768,68.4776,5980384.2923037
2022-03-07,68.0936,68.5806,67.129,67.8033,7191916.2014796
2022-03-08,65.1623,66.2112,64.666,65.153,7734705.2109248
2022-03-09,64.3944,65.743,64.0385,65.4058,10139810.853613
2022-03-10,65.4245,66.7263,65.0593,66.6888,5803237.1081742
2022-03-11,64.076,65.1998,64.0104,64.1977,5036077.6824228
2022-03-14,62.7461,62.9522,60.9106,61.332,7117115.0288296
2022-03-15,59.8991,60.6999,59.3466,60.6671,5615795.31282
2022-03-16,61.3039,62.718,61.1631,62.5963,5458736.5553031
2022-03-17,62.3247,63.6311,61.8752,63.589,4067526.7879388
2022-03-18,64.4038,64.5302,63.3736,64.4318,4758217.1453102
2022-03-21,65.949,67.5223,65.9022,67.0915,5739300.7492585
2022-03-22,68.028,68.3652,66.1457,66.5203,6423659.0825076
2022-03-23,67.0634,68.3558,66.9042,68.3277,4062745.2021007
2022-03-24,69.0114,69.8449,68.9702,69.5546,3794518.3111317
2022-03-25,69.5265,70.6034,69.5265,70.5566,3132461.9434505
2022-03-28,70.978,71.053,69.8823,70.7907,5953451.2999872
2022-03-29,69.5358,70.95,68.8053,70.8282,4671767.3974241
2022-03-30,72.5795,73.5815,72.5701,73.1601,3934618.3490684
2022-03-31,73.31,73.7361,72.2798,72.3453,2729576.4976691
2022-04-01,73.5254,74.6023,73.4504,74.2652,2644865.1199805
2022-04-04,73.7876,73.9842,73.1929,73.7782,2412477.6991026
2022-04-05,73.2912,73.6939,72.158,72.2798,2939863.7662267
2022-04-06,72.823,73.0665,71.7834,72.4109,3355776.3105397
2022-04-07,72.1112,72.7434,71.6055,72.439,2823939.6740156
2022-04-08,73.0477,73.4317,72.5795,72.7387,2275159.2670408
2022-04-11,71.8584,72.0363,70.6596,71.0811,2787814.0348747
2022-04-12,71.7928,73.0946,71.7741,72.1393,3246646.5976692
2022-04-13,72.158,73.2538,72.158,73.1695,2330546.859494
2022-04-14,72.7761,73.5207,72.6263,73.1882,2888862.6754758
2022-04-18,73.4036,74.1152,73.2257,73.4036,2902834.7725484
2022-04-19,72.4203,72.9728,72.2236,72.9166,2947456.8561987
2022-04-20,70.9406,72.2049,69.9292,72.0176,4640108.3446076
2022-04-21,69.3485,69.7419,66.6888,66.923,8007480.9084303
2022-04-22,66.0239,66.3423,63.5515,63.6733,8157986.6082678
2022-04-25,60.8544,61.922,59.8008,61.716,9717320.6923361
2022-04-26,60.9387,61.3882,60.0958,60.1707,5154488.6690995
2022-04-27,63.0364,63.7014,62.2217,62.9147,6304650.1306524
2022-04-28,62.821,63.8418,62.1791,63.7857,4551200.5327199
2022-04-29,64.4693,64.9188,62.6712,62.7274,3477656.5630467
2022-05-02,62.6899,63.1301,61.8098,63.1207,4110830.1448115
2022-05-03,63.2987,64.0853,63.1582,63.5703,2909654.7789681
2022-05-04,62.8866,64.9639,62.231,64.872,4375383.8211126
2022-05-05,63.7107,63.8418,60.9668,61.613,5199055.2274118
2022-05-06,61.0323,61.7862,60.2726,61.6691,3630089.6327899
2022-05-09,59.5058,59.7868,58.0729,58.1947,5692135.1780097
2022-05-10,59.2998,59.4028,57.6234,58.5506,3729346.5134454
2022-05-11,59.9741,60.8918,58.7051,58.7847,4086584.7924134
2022-05-12,57.3706,58.4007,56.8461,58.0449,4354684.615782
2022-05-13,58.8128,59.7306,58.5693,59.5058,2981567.566247
2022-05-16,59.4215,59.8336,58.8128,59.4403,4017325.4756141
2022-05-17,61.1822,61.4725,60.6858,61.3882,3629043.1937275
2022-05-18,60.4423,60.639,59.5433,59.768,3432131.1248588
2022-05-19,60.0583,62.2404,60.0583,61.6879,5193661.7950607
2022-05-20,62.9709,63.2612,61.8489,63.0458,4629685.5979874
2022-05-23,63.9636,64.6379,63.4766,64.3382,4189649.429902
2022-05-24,63.4485,64.7503,63.3361,64.6285,3041325.643478
2022-05-25,64.2258,64.5349,63.383,64.3288,2192542.9030669
2022-05-26,63.9074,64.3101,63.7388,64.0666,2137759.682562
2022-05-27,66.0052,66.9323,65.9303,66.5109,2498028.363631
2022-05-31,67.1477,67.5972,65.8366,66.1738,3112465.3472046
2022-06-01,67.6628,68.1966,66.3517,67.0541,4899467.1984206
2022-06-02,62.1842,63.6171,62.0437,63.1582,4128407.1176744
2022-06-03,62.4277,63.1957,62.1749,62.8398,3879263.8582591
2022-06-06,62.7274,63.1395,62.1561,62.5401,3256819.4802684
2022-06-07,62.7836,64.8533,62.7742,64.8158,4866024.9280182
2022-06-08,63.4391,64.2071,63.0645,63.2987,3406601.2151219
2022-06-09,62.5495,62.5941,61.1353,61.1353,2903706.093237
2022-06-10,59.5245,60.0537,58.9252,59.4496,3436987.4563442
2022-06-13,56.9679,57.8014,56.2889,56.9491,3801174.9449223
2022-06-14,56.5371,56.9398,55.5444,56.1625,3511581.4767716
2022-06-15,57.3706,58.3164,56.4996,58.0168,3824872.5185051
2022-06-16,56.2468,56.7852,55.8441,56.3872,3385354.230976
2022-06-17,54.7952,55.1979,53.6058,54.0928,4232557.7026389
2022-06-21,53.3342,54.4112,53.3061,54.0553,3819239.9000826
2022-06-22,51.6766,52.5756,51.5455,52.0793,4309872.4646285
2022-06-23,52.098,52.1729,50.609,51.2739,4183061.1349889
2022-06-24,51.6579,52.791,51.405,52.7442,2972567.1225157
2022-06-27,53.8493,54.3784,53.559,54.0179,2957795.2470169
2022-06-28,54.8326,55.2915,54.2239,54.4955,3232150.2132705
2022-06-29,54.9263,55.0574,53.9523,54.4955,3071457.7494994
2022-06-30,52.5382,53.1001,51.6017,52.6131,3838005.3287378
2022-07-01,50.7494,51.0491,49.2979,50.6933,4405466.8085658
2022-07-05,48.9513,49.5882,48.1881,49.5788,5651161.7497431
2022-07-06,48.8202,49.2042,47.9961,49.1667,4343385.2094984
2022-07-07,50.8899,51.6017,50.3467,50.7026,4429623.5339821
2022-07-08,49.9347,50.1313,48.9607,49.6256,3409685.006971
2022-07-11,48.174,48.3707,47.4623,47.8744,2967206.7918084
2022-07-12,47.2937,47.6168,46.8348,47.0034,3995803.0003681
2022-07-13,46.5258,47.5372,46.1325,47.0971,3637850.3665708
2022-07-14,44.9618,45.3645,44.3437,45.1772,4975989.6565487
2022-07-15,45.5144,46.198,45.0555,46.1418,3415784.2517917
2022-07-18,47.8837,48.3286,47.2516,47.4529,4037600.766345
2022-07-19,47.172,47.7901,46.8161,47.6402,3367172.8861649
2022-07-20,47.5934,47.7245,47.0783,47.6309,2902215.4514706
2022-07-21,46.3572,47.6028,46.3198,47.5372,3120958.5883292
2022-07-22,48.6048,48.8671,47.6309,47.8463,3239147.4736539
2022-07-25,49.6069,49.738,48.8671,49.4664,2659498.1821342
2022-07-26,49.4758,49.6069,48.9888,49.3728,3192090.8174912
2022-07-27,48.839,50.1782,48.6236,50.0471,3203352.8509512
2022-07-28,51.0398,51.1798,49.9534,50.5902,2587790.411488
2022-07-29,50.8431,51.796,50.4591,51.5455,2835734.5371614
2022-08-01,51.021,51.0866,50.2625,50.7494,2587256.5140072
2022-08-02,50.1969,50.3748,49.4196,49.6537,2555550.4782124
2022-08-03,50.2344,50.2718,49.5413,49.8691,2695723.1262065
2022-08-04,49.6631,50.1548,49.5039,49.7567,2830605.9179609
2022-08-05,49.6818,51.2177,49.5507,50.9461,2465870.6505675
2022-08-08,51.2926,51.6298,50.7167,50.9274,2489945.1557717
2022-08-09,50.6371,50.9461,50.2718,50.4779,2563096.585206
2022-08-10,51.2364,51.6251,50.9555,51.4425,2482607.2687956
2022-08-11,51.5923,52.3188,51.5829,51.8358,2650969.7037759
2022-08-12,50.8431,52.2619,50.7963,52.2198,3242090.3165681
2022-08-15,50.5247,51.3301,50.2344,51.2645,3370829.0161134
2022-08-16,52.969,54.3175,52.7442,54.2894,4895316.6794048
2022-08-17,52.6974,53.6339,52.6318,52.9596,4188914.7869684
2022-08-18,53.8025,53.9242,53.0369,53.5028,4067524.6523488
2022-08-19,53.2967,53.3904,52.7067,53.1469,3434635.1040438
2022-08-22,53.2031,53.7837,52.8285,53.6714,3991797.7014671
2022-08-23,53.8493,55.3571,53.8446,55.0574,4923103.9076905
2022-08-24,54.3644,54.7109,54.0179,54.458,3615226.9947194
2022-08-25,55.2072,56.1344,55.1979,56.125,3159304.1731952
2022-08-26,56.4809,56.9491,55.0387,55.1417,3581002.0306101
2022-08-29,54.1771,54.842,54.1396,54.1864,3793740.9563996
2022-08-30,53.5309,53.5964,51.7702,51.8826,4919515.0488246
2022-08-31,51.9763,51.9763,51.1802,51.405,4324551.4419657
2022-09-01,50.37,50.39,49.4,49.88,7320627.0
2022-09-02,51.09,51.321,49.96,50.21,4106324.0
2022-09-06,50.5,50.65,49.68,49.85,5097612.0
2022-09-07,48.63,49.19,48.22,49.0,5109859.0
2022-09-08,49.56,50.5,49.36,50.39,5296392.0
2022-09-09,52.38,53.49,52.38,53.34,3895058.0
2022-09-12,54.6,54.895,54.15,54.54,3382850.0
2022-09-13,53.13,53.74,52.05,52.18,4359211.0
2022-09-14,52.25,52.58,51.59,52.02,3149681.0
2022-09-15,51.68,52.39,51.35,51.68,2991868.0
2022-09-16,50.71,51.41,50.345,50.95,4872309.0
2022-09-19,50.08,51.93,50.01,51.89,3231100.0
2022-09-20,51.64,51.7132,51.005,51.45,3754718.0
2022-09-21,51.55,51.65,50.01,50.01,2621492.0
2022-09-22,52.0,52.08,50.915,51.21,4884126.0
2022-09-23,49.16,49.27,48.1841,48.87,5368994.0
2022-09-26,47.5,48.595,47.39,47.47,5592804.0
2022-09-27,48.5,48.93,48.11,48.5,3995745.0
2022-09-28,48.58,50.225,48.5,50.13,3765400.0
2022-09-29,50.56,50.72,49.46,50.42,4137999.0
2022-09-30,49.71,51.1,49.71,50.04,3093926.0
2022-10-03,51.0,51.95,50.88,51.66,3003533.0
2022-10-04,52.31,53.49,52.205,53.23,3274911.0
2022-10-05,52.05,52.905,51.83,52.59,3275424.0
2022-10-06,51.76,52.275,51.36,51.57,3393649.0
2022-10-07,51.38,51.89,50.945,51.18,3635119.0
2022-10-10,51.73,51.79,51.05,51.22,3440311.0
2022-10-11,50.13,51.2,49.465,50.13,4007167.0
2022-10-12,49.19,50.06,49.06,49.14,3570712.0
2022-10-13,48.17,50.77,47.87,50.24,3664855.0
2022-10-14,50.36,50.39,48.27,48.31,2834263.0
2022-10-17,49.87,50.25,49.4806,49.81,4004580.0
2022-10-18,50.25,50.4405,48.58,49.29,3294771.0
2022-10-19,48.72,49.1,48.15,48.57,2639514.0
2022-10-20,47.73,49.455,47.69,48.25,4480169.0
2022-10-21,47.89,50.39,47.82,50.26,3986913.0
2022-10-24,48.9,49.575,48.7,49.01,3782533.0
2022-10-25,48.99,50.05,48.57,49.67,3675599.0
2022-10-26,50.45,51.995,50.37,51.06,5165359.0
2022-10-27,50.08,50.19,49.4,49.9,4783317.0
2022-10-28,48.0,48.2645,46.92,47.53,7580224.0
2022-10-31,47.09,48.26,47.09,47.82,3972539.0
2022-11-01,50.34,50.4,49.235,49.6,4150154.0
2022-11-02,49.6,50.34,48.05,48.07,4968027.0
2022-11-03,47.61,48.69,47.47,48.33,4326752.0
2022-11-04,52.62,53.62,52.18,53.04,7810223.0
2022-11-07,53.97,53.97,52.68,52.79,3550710.0
2022-11-08,52.92,53.99,52.59,53.35,4162449.0
2022-11-09,53.23,53.54,52.055,52.1,3225458.0
2022-11-10,53.66,54.56,53.14,54.44,4891650.0
2022-11-11,57.57,58.59,57.155,58.05,6602068.0
2022-11-14,58.36,59.13,58.2399,58.39,3682626.0
2022-11-15,60.05,60.135,59.21,59.69,3461269.0
2022-11-16,59.3,59.5361,58.355,58.68,3941216.0
2022-11-17,57.0,58.62,56.829,58.6,3270086.0
2022-11-18,58.79,58.89,58.15,58.74,2659044.0
2022-11-21,56.79,57.53,55.96,57.24,3662352.0
2022-11-22,58.0,58.82,57.78,58.75,2482258.0
2022-11-23,58.53,60.04,58.455,60.04,3658597.0
2022-11-25,59.38,59.91,59.352,59.68,1282685.0
2022-11-28,58.99,59.69,58.77,58.98,3015958.0
2022-11-29,60.45,60.995,60.36,60.81,3402237.0
2022-11-30,61.72,63.1882,61.43,62.8,3757685.0
2022-12-01,62.79,63.42,62.67,63.02,2789875.0
2022-12-02,61.9,63.56,61.85,63.43,2857593.0
2022-12-05,63.53,64.245,62.315,62.48,3001229.0
2022-12-06,63.12,63.43,62.375,62.74,2885199.0
2022-12-07,62.3,63.21,62.22,62.45,2420685.0
2022-12-08,63.42,63.96,63.24,63.47,2243159.0
2022-12-09,64.67,65.18,63.98,63.98,2923796.0
2022-12-12,63.29,63.31,62.19,63.09,2631521.0
2022-12-13,64.15,64.44,63.135,63.36,2604774.0
2022-12-14,62.42,62.9,61.61,62.41,3227485.0
2022-12-15,62.41,62.5,61.59,61.67,3580614.0
2022-12-16,60.85,61.32,60.56,61.18,3155813.0
2022-12-19,61.9,62.1,60.475,60.82,2035573.0
2022-12-20,61.1,61.89,61.1,61.54,1722948.0
2022-12-21,62.45,62.8951,62.29,62.66,1884164.0
2022-12-22,61.65,61.73,60.565,61.41,2308328.0
2022-12-23,62.03,62.135,61.33,62.05,1235157.0
2022-12-27,62.69,63.09,62.4,62.74,1457305.0
2022-12-28,62.87,62.93,61.64,61.74,1670349.0
2022-12-29,62.0,62.46,61.96,62.24,1495302.0
2022-12-30,62.0,62.425,61.64,62.05,1349516.0
2023-01-03,61.58,62.3514,61.05,61.4,2137915.0
2023-01-04,62.38,62.78,61.68,62.77,3345572.0
2023-01-05,63.22,63.61,62.755,63.33,3024855.0
2023-01-06,64.7,66.11,64.0966,66.04,2820305.0
2023-01-09,66.47,66.67,65.58,65.62,2844153.0
2023-01-10,66.31,66.815,65.855,66.78,2679551.0
2023-01-11,67.43,67.48,66.569,67.3,3299494.0
2023-01-12,68.18,69.0,66.96,68.99,3174619.0
2023-01-13,68.65,69.38,68.44,69.28,2635238.0
2023-01-17,68.66,68.6899,67.725,67.76,3530250.0
2023-01-18,69.42,69.995,68.05,68.06,3548944.0
2023-01-19,67.87,69.32,67.79,68.88,3704431.0
2023-01-20,68.15,69.49,67.98,69.46,4344910.0
2023-01-23,69.16,69.56,68.765,69.38,2272872.0
2023-01-24,70.0,70.0,68.2,69.76,2533876.0
2023-01-25,69.39,70.85,69.38,70.76,2653990.0
2023-01-26,71.32,71.52,70.405,71.24,2810979.0
2023-01-27,70.28,70.675,69.24,69.88,3123784.0
2023-01-30,69.7,70.2,69.49,69.67,2577112.0
2023-01-31,69.21,70.2,69.01,70.15,2369005.0
2023-02-01,69.91,70.44,68.35,70.1,4558032.0
2023-02-02,69.0,69.07,66.81,67.55,6053621.0
2023-02-03,67.39,68.0,66.89,67.08,3359289.0
2023-02-06,66.07,66.26,65.375,66.02,2881784.0
2023-02-07,65.93,67.05,65.315,66.81,3124350.0
2023-02-08,66.57,67.14,66.4,66.55,2310587.0
2023-02-09,68.1,68.1,66.45,66.68,2507093.0
2023-02-10,66.33,66.4071,65.51,65.98,2827455.0
2023-02-13,65.72,66.94,65.62,66.74,2930722.0
2023-02-14,66.18,67.415,66.07,67.16,2350486.0
2023-02-15,65.26,66.85,65.11,66.8,2936935.0
2023-02-16,66.47,67.765,66.31,67.13,2713049.0
2023-02-17,66.48,66.875,66.15,66.44,2743224.0
2023-02-21,66.8,67.14,66.115,66.27,3126441.0
2023-02-22,64.33,64.625,63.46,64.18,4002562.0
2023-02-23,63.35,63.92,62.22,62.83,4134540.0
2023-02-24,60.13,60.5,59.8395,60.43,4344661.0
2023-02-27,60.11,60.98,59.98,60.45,2873058.0
2023-02-28,61.27,61.57,60.75,60.97,3041490.0
2023-03-01,63.0,63.535,62.63,63.16,4786835.0
2023-03-02,63.46,65.265,63.169,65.01,5879405.0
2023-03-03,65.68,66.005,65.375,65.85,2686285.0
2023-03-06,64.3,64.4,63.83,64.04,3009476.0
2023-03-07,63.6,63.64,62.19,62.21,3367481.0
2023-03-08,63.28,63.52,63.02,63.26,2969813.0
2023-03-09,61.73,61.925,60.485,60.73,3042403.0
2023-03-10,60.71,61.535,59.965,60.11,4029056.0
2023-03-13,59.42,61.34,59.33,60.72,4309577.0
2023-03-14,60.48,61.1,60.35,61.0,2977390.0
2023-03-15,58.84,59.16,57.17,58.18,5445000.0
2023-03-16,56.62,57.6,56.48,57.58,4129377.0
2023-03-17,57.66,57.91,57.085,57.6,2879219.0
2023-03-20,58.31,58.85,58.02,58.76,2315392.0
2023-03-21,58.84,59.04,57.97,58.2,3041220.0
2023-03-22,58.69,58.81,57.5,57.53,3074628.0
2023-03-23,58.18,58.61,57.22,57.61,2404498.0
2023-03-24,57.89,58.27,57.67,58.15,2498834.0
2023-03-27,58.24,58.55,57.86,58.38,1952300.0
2023-03-28,59.57,59.75,59.29,59.64,1871348.0
2023-03-29,60.45,60.875,60.18,60.79,2417576.0
2023-03-30,63.05,63.21,62.515,62.89,3877625.0
2023-03-31,63.24,63.57,63.02,63.41,2488756.0
2023-04-03,62.5,63.03,62.14,62.81,2947424.0
2023-04-04,61.76,61.78,60.495,60.88,4352749.0
2023-04-05,60.35,60.71,59.87,60.64,2393006.0
2023-04-06,60.28,60.35,59.65,59.96,2658010.0
2023-04-10,59.89,60.34,59.613,60.32,1858388.0
2023-04-11,62.4,63.01,62.24,62.71,3459583.0
2023-04-12,62.6,62.825,62.17,62.39,2186038.0
2023-04-13,62.38,62.78,62.02,62.7,2035967.0
2023-04-14,62.32,62.46,61.08,61.58,2680376.0
2023-04-17,62.16,62.46,61.77,62.14,2288665.0
2023-04-18,62.71,63.36,62.57,63.35,2001794.0
2023-04-19,62.6,62.88,62.47,62.74,2716633.0
2023-04-20,61.25,61.74,60.55,60.71,3367184.0
2023-04-21,59.0,59.06,58.15,58.75,4056545.0
2023-04-24,58.68,59.22,58.43,59.12,2321425.0
2023-04-25,57.85,57.94,56.925,57.1,3722039.0
2023-04-26,58.63,58.745,58.005,58.36,3447376.0
2023-04-27,58.24,59.15,58.075,59.06,3345934.0
2023-04-28,58.43,59.17,58.31,59.04,3566377.0
2023-05-01,59.43,59.58,58.455,58.65,2174482.0
2023-05-02,57.61,57.87,57.19,57.74,2898803.0
2023-05-03,57.91,58.7,57.8,58.2,2524202.0
2023-05-04,58.17,58.54,57.79,58.18,2890868.0
2023-05-05,59.35,61.26,59.35,60.79,3144126.0
2023-05-08,61.45,61.68,60.765,60.87,2461246.0
2023-05-09,60.13,60.74,59.91,60.48,2126083.0
2023-05-10,60.6,60.6599,58.96,59.65,3551435.0
2023-05-11,57.56,57.87,57.12,57.67,3606319.0
2023-05-12,58.13,58.73,58.04,58.31,2182220.0
2023-05-15,58.87,59.685,58.85,59.48,2763947.0
2023-05-16,58.69,59.12,58.07,58.13,2149169.0
2023-05-17,59.16,59.415,58.7,59.14,2456963.0
2023-05-18,58.25,58.57,57.68,58.49,2086310.0
2023-05-19,58.86,58.9246,58.295,58.53,1749419.0
2023-05-22,58.27,58.8199,58.135,58.62,2110956.0
2023-05-23,57.84,58.0,57.49,57.74,2823978.0
2023-05-24,56.04,56.24,55.275,55.41,3681903.0
2023-05-25,55.15,55.195,54.4114,55.03,3398857.0
2023-05-26,56.64,56.845,56.325,56.67,2427538.0
2023-05-30,56.46,56.5,55.525,55.82,2452241.0
2023-05-31,54.96,55.17,54.64,54.9,3779717.0
2023-06-01,55.44,56.61,55.235,56.39,3517974.0
2023-06-02,58.41,58.88,58.13,58.72,4387475.0
2023-06-05,58.11,58.445,57.62,57.87,2356706.0
2023-06-06,58.2,58.78,58.07,58.77,2554619.0
2023-06-07,58.82,59.355,58.695,58.73,2395293.0
2023-06-08,59.76,60.06,59.38,60.01,2704717.0
2023-06-09,60.18,60.28,59.65,59.66,1618796.0
2023-06-12,59.49,59.575,58.94,59.52,2154125.0
2023-06-13,61.29,61.4899,61.075,61.42,3922480.0
2023-06-14,63.35,63.375,62.28,62.73,3445617.0
2023-06-15,62.75,64.17,62.75,63.98,3096797.0
2023-06-16,63.96,64.08,63.12,63.17,2867332.0
2023-06-20,62.55,62.695,61.91,62.36,2720856.0
2023-06-21,61.36,62.14,61.2,61.94,3155179.0
2023-06-22,60.8,61.215,60.73,60.9,2647742.0
2023-06-23,59.19,59.465,58.71,59.31,2854510.0
2023-06-26,59.16,59.66,59.09,59.55,2172621.0
2023-06-27,60.02,60.51,59.725,60.45,1975998.0
2023-06-28,59.48,59.6491,59.095,59.38,2926745.0
2023-06-29,59.13,59.83,59.005,59.77,2479041.0
2023-06-30,59.86,59.89,59.46,59.67,2233792.0
2023-07-03,60.55,60.91,60.33,60.79,1439472.0
2023-07-05,60.23,60.27,59.41,59.42,2193190.0
2023-07-06,58.27,58.37,57.275,57.8,3043903.0
2023-07-07,57.44,58.4,57.36,58.03,2145042.0
2023-07-10,56.98,57.71,56.9265,57.47,2240332.0
2023-07-11,58.11,58.775,57.97,58.76,2504296.0
2023-07-12,60.29,60.99,60.27,60.7,2993139.0
2023-07-13,61.84,62.48,61.69,62.33,2678131.0
2023-07-14,62.82,62.9,61.97,62.1,2484636.0
2023-07-17,60.8,61.16,60.56,61.11,2465660.0
2023-07-18,61.07,61.46,60.87,61.29,1874712.0
2023-07-19,60.5,60.835,60.3307,60.6,1717345.0
2023-07-20,61.44,61.585,60.805,60.87,2689685.0
2023-07-21,60.98,61.03,60.385,60.74,1539274.0
2023-07-24,60.42,61.9099,60.345,61.49,2775414.0
2023-07-25,63.44,64.48,63.03,64.19,4460663.0
2023-07-26,63.26,63.56,62.69,63.12,2543036.0
2023-07-27,62.91,63.065,61.95,62.04,2678301.0
2023-07-28,61.9,61.98,61.29,61.33,2122928.0
2023-07-31,62.02,62.66,61.97,62.65,1858577.0
2023-08-01,61.45,61.6,60.88,60.95,2274457.0
2023-08-02,60.01,60.41,59.435,59.68,2265485.0
2023-08-03,59.42,60.19,59.2193,59.83,2652686.0
2023-08-04,59.76,60.65,59.76,59.89,2328143.0
2023-08-07,60.01,60.045,59.345,59.94,1561426.0
2023-08-08,58.63,59.485,58.215,59.43,1781519.0
2023-08-09,59.85,60.05,59.415,59.5,1622514.0
2023-08-10,60.08,60.42,59.2201,59.32,1970686.0
2023-08-11,59.02,59.19,58.75,58.96,1946748.0
2023-08-14,57.55,58.02,57.04,57.84,2732528.0
2023-08-15,57.5,57.5,56.52,56.66,2639340.0
2023-08-16,55.82,56.355,55.54,55.62,3492544.0
2023-08-17,56.94,57.065,55.99,56.23,3994417.0
2023-08-18,55.73,55.96,55.43,55.8,2583912.0
2023-08-21,56.07,56.37,55.9,56.24,2390744.0
2023-08-22,56.35,56.5,54.885,55.36,4307214.0
2023-08-23,56.53,57.075,56.29,56.98,3254594.0
2023-08-24,55.35,55.8078,55.12,55.37,2824092.0
2023-08-25,55.67,55.715,54.725,55.21,3110480.0
2023-08-28,56.05,56.49,55.76,56.07,2819191.0
2023-08-29,56.36,57.3,56.18,57.29,2769237.0
2023-08-30,57.89,57.995,57.5009,57.75,2537864.0
2023-08-31,57.98,58.06,57.42,57.49,2152357.0
2023-09-01,58.41,58.98,58.095,58.26,2299159.0
2023-09-05,58.93,59.19,58.5,58.5,2069818.0
2023-09-06,58.57,58.73,57.92,58.5,2506959.0
2023-09-07,55.68,55.99,55.19,55.4,2600795.0
2023-09-08,55.01,55.36,54.85,54.99,1971059.0
2023-09-11,56.92,57.14,56.45,56.51,2391336.0
2023-09-12,56.65,56.97,56.365,56.49,1853780.0
2023-09-13,56.37,56.54,56.005,56.16,1919335.0
2023-09-14,58.56,58.86,58.29,58.4,4115302.0
2023-09-15,59.25,59.3,58.43,58.45,3046090.0
2023-09-18,58.67,58.67,58.13,58.25,1980096.0
2023-09-19,58.21,58.545,57.61,57.84,1929150.0
2023-09-20,57.91,58.5,57.46,57.47,1794447.0
2023-09-21,56.11,56.19,55.62,55.67,2406265.0
2023-09-22,57.49,57.51,56.72,56.75,2721719.0
2023-09-25,55.67,56.17,55.07,56.12,2831055.0
2023-09-26,55.5,55.79,54.935,55.0,2262146.0
2023-09-27,56.0,56.05,55.035,55.7,3087564.0
2023-09-28,56.69,57.34,56.3,57.2,2946034.0
2023-09-29,57.48,57.565,56.74,56.88,2231297.0
2023-10-02,56.5,56.59,55.44,55.91,2554736.0
2023-10-03,55.0,55.58,54.65,54.91,2353007.0
2023-10-04,55.24,55.24,54.44,55.04,3047501.0
2023-10-05,54.91,55.45,54.86,55.33,1771857.0
2023-10-06,56.01,57.21,55.53,56.95,2952104.0
2023-10-09,55.9,56.28,55.48,56.24,2079573.0
2023-10-10,57.05,57.42,56.765,57.1,2383940.0
2023-10-11,57.48,57.68,56.9125,57.43,2288720.0
2023-10-12,57.37,57.43,56.15,56.59,2878708.0
2023-10-13,57.02,57.23,56.4074,56.6,2097393.0
2023-10-16,57.43,58.29,57.215,57.81,2347183.0
2023-10-17,57.05,58.44,57.05,58.39,2773653.0
2023-10-18,57.56,57.76,56.85,57.15,3723135.0
2023-10-19,56.77,57.01,56.27,56.54,2955537.0
2023-10-20,55.29,55.441,54.8,54.85,3325855.0
2023-10-23,54.75,55.23,54.28,54.85,2064336.0
2023-10-24,55.54,56.295,55.45,56.22,3063509.0
2023-10-25,56.78,57.285,56.64,56.67,2826112.0
2023-10-26,56.64,57.06,56.22,56.72,2770973.0
2023-10-27,57.58,57.69,56.915,57.19,2595502.0
2023-10-30,57.92,58.115,57.39,57.55,1903108.0
2023-10-31,56.44,57.31,56.28,57.06,2607499.0
2023-11-01,57.54,58.075,57.19,57.93,2114184.0
2023-11-02,58.72,59.27,58.56,59.03,2102490.0
2023-11-03,58.9,59.48,58.88,59.12,2218658.0
2023-11-06,59.47,59.59,58.91,59.02,1726487.0
2023-11-07,57.76,57.76,57.205,57.53,2573470.0
2023-11-08,57.26,57.59,56.815,57.06,2175911.0
2023-11-09,57.91,58.435,57.2601,57.3,1841706.0
2023-11-10,57.53,58.18,57.2,58.07,1698505.0
2023-11-13,58.09,58.605,58.03,58.39,1692991.0
2023-11-14,60.17,60.81,60.14,60.65,2442797.0
2023-11-15,60.68,61.0401,60.49,60.6,2140690.0
2023-11-16,60.05,60.59,60.05,60.38,1612202.0
2023-11-17,61.01,61.16,60.6,60.91,1799768.0
2023-11-20,60.97,61.795,60.96,61.61,1695563.0
2023-11-21,62.29,62.67,62.23,62.52,1994045.0
2023-11-22,62.35,62.48,61.795,62.22,2335298.0
2023-11-24,61.8,62.385,61.8,62.01,1025140.0
2023-11-27,61.71,61.855,61.255,61.31,1493756.0
2023-11-28,61.29,61.77,60.98,61.64,1493079.0
2023-11-29,61.62,61.73,60.56,60.8,1957797.0
2023-11-30,60.91,61.02,60.63,60.96,1539415.0
2023-12-01,61.96,63.095,61.694,62.94,3721651.0
2023-12-04,61.61,61.96,61.22,61.36,2962748.0
2023-12-05,61.04,61.18,60.54,61.02,2189122.0
2023-12-06,62.56,62.58,61.345,61.45,2335602.0
2023-12-07,62.47,62.895,62.13,62.69,2981817.0
2023-12-08,62.24,62.78,62.06,62.46,2537104.0
2023-12-11,61.76,62.185,61.28,62.07,2896192.0
2023-12-12,62.29,62.33,61.79,62.15,1639086.0
2023-12-13,62.46,64.08,62.11,64.05,2656358.0
2023-12-14,64.98,65.86,64.97,65.53,3058464.0
2023-12-15,65.15,66.01,64.61,65.79,3616703.0
2023-12-18,66.09,66.5,65.975,66.09,2211872.0
2023-12-19,66.8,67.4105,66.73,67.21,2594962.0
2023-12-20,66.7,67.105,66.01,66.03,2048145.0
2023-12-21,67.25,67.88,67.07,67.79,2681183.0
2023-12-22,68.0,68.17,67.67,67.82,1896834.0
2023-12-26,68.0,68.45,67.96,68.22,1390217.0
2023-12-27,68.24,68.985,68.23,68.89,2339158.0
2023-12-28,68.84,69.11,68.575,68.62,1949494.0
2023-12-29,68.33,68.55,68.01,68.31,1555430.0
2024-01-02,67.99,68.41,67.74,67.91,2545063.0
2024-01-03,66.46,67.48,66.334,67.18,2372906.0
2024-01-04,66.3,66.79,66.13,66.59,1887983.0
2024-01-05,65.64,66.56,65.63,66.02,2159039.0
2024-01-08,65.04,66.1267,64.96,66.02,2329018.0
2024-01-09,64.77,64.85,64.475,64.6,2415651.0
2024-01-10,63.92,64.28,63.5801,63.67,2976418.0
2024-01-11,63.7,63.955,63.03,63.49,2355904.0
2024-01-12,63.71,64.035,63.155,63.26,2615638.0
2024-01-16,62.19,62.22,61.145,61.52,3371708.0
2024-01-17,60.29,60.51,60.015,60.42,3059942.0
2024-01-18,60.06,60.49,59.68,60.48,3051837.0
2024-01-19,60.24,60.54,59.72,60.53,2475483.0
2024-01-22,59.8,60.4197,59.7,60.12,3230462.0
2024-01-23,61.15,62.1799,61.04,61.3,3452834.0
2024-01-24,63.14,63.21,62.135,62.17,3195906.0
2024-01-25,62.14,62.16,61.3,61.7,2514885.0
2024-01-26,61.83,62.02,61.49,61.96,1451845.0
2024-01-29,61.86,62.01,61.37,61.96,1811526.0
2024-01-30,61.59,61.905,60.89,61.77,2926142.0
2024-01-31,61.99,62.33,61.14,61.22,1908160.0
2024-02-01,61.39,62.04,61.29,61.96,1783476.0
2024-02-02,61.33,61.38,60.68,61.09,2676655.0
2024-02-05,59.66,59.75,59.17,59.49,3395075.0
2024-02-06,59.99,60.38,59.895,60.33,2304075.0
2024-02-07,60.29,60.59,60.04,60.52,2136085.0
2024-02-08,60.15,60.24,59.87,60.04,1791354.0
2024-02-09,60.09,60.22,59.66,60.18,2242832.0
2024-02-12,60.14,60.715,60.08,60.45,1879610.0
2024-02-13,59.62,59.7,58.5,58.93,2801387.0
2024-02-14,59.44,59.905,59.32,59.85,2241530.0
2024-02-15,58.62,59.725,58.62,59.61,2389971.0
2024-02-16,60.19,60.74,60.1,60.34,2981090.0
2024-02-20,59.11,59.12,57.615,58.1,4523187.0
2024-02-21,57.92,58.2,57.5508,57.76,2178708.0
2024-02-22,58.24,58.45,58.0,58.36,2355803.0
2024-02-23,58.54,58.85,58.19,58.31,1650317.0
2024-02-26,57.38,57.38,56.785,57.2,3202113.0
2024-02-27,57.95,58.07,57.58,57.74,2347504.0
2024-02-28,56.91,57.12,56.8012,57.09,1760770.0
2024-02-29,57.53,57.8025,57.2,57.34,1969804.0
2024-03-01,57.86,58.43,57.461,58.34,2713772.0
2024-03-04,58.01,58.205,57.87,58.06,2111324.0
2024-03-05,57.73,58.01,57.33,57.49,1478847.0
2024-03-06,58.68,59.09,58.45,58.56,2221225.0
2024-03-07,58.31,58.475,57.81,57.82,2788461.0
2024-03-08,57.98,58.01,57.11,57.3,3953987.0
2024-03-11,55.77,56.22,55.7001,56.13,3077537.0
2024-03-12,56.75,56.85,55.94,56.0,2879910.0
2024-03-13,55.88,57.22,55.81,56.87,3653843.0
2024-03-14,56.48,56.65,55.7603,56.04,2927594.0
2024-03-15,55.2,55.775,55.09,55.67,3439662.0
2024-03-18,56.46,56.47,55.87,55.88,1958124.0
2024-03-19,56.45,56.74,56.31,56.64,2521088.0
2024-03-20,56.79,57.84,56.6,57.78,2443103.0
2024-03-21,58.32,58.49,57.835,57.89,1786307.0
2024-03-22,57.25,57.52,57.03,57.04,2399660.0
2024-03-25,57.47,57.82,56.94,56.96,1592380.0
2024-03-26,56.87,56.89,56.225,56.55,2649187.0
2024-03-27,56.5,57.53,56.48,57.53,2384750.0
2024-03-28,57.51,57.8,57.27,57.69,2658812.0
2024-04-01,58.25,58.67,58.08,58.35,2281903.0
2024-04-02,58.59,59.23,58.485,59.17,3132633.0
2024-04-03,58.62,58.87,58.235,58.84,3781436.0
2024-04-04,59.3,59.34,57.725,57.74,2818664.0
2024-04-05,57.77,57.9351,57.27,57.66,3435577.0
2024-04-08,59.1,59.76,58.97,59.69,3631966.0
2024-04-09,59.98,60.54,59.87,60.49,2792550.0
2024-04-10,59.78,59.97,59.28,59.68,3291483.0
2024-04-11,59.46,59.68,58.7,59.49,2946795.0
2024-04-12,59.69,60.02,58.535,58.56,2585338.0
2024-04-15,59.76,59.98,58.84,59.06,2149992.0
2024-04-16,57.15,57.29,56.61,56.96,3171824.0
2024-04-17,58.98,59.36,58.155,58.41,3440348.0
2024-04-18,58.75,58.77,57.77,57.99,2890371.0
2024-04-19,57.76,58.435,57.73,58.14,2028602.0
2024-04-22,57.91,58.665,57.71,58.51,1955087.0
2024-04-23,57.62,58.74,57.47,58.7,3003735.0
2024-04-24,59.1,59.295,58.69,59.24,2063721.0
2024-04-25,57.37,58.13,57.09,57.21,3969933.0
2024-04-26,56.91,56.91,55.8,56.43,4065233.0
2024-04-29,55.88,56.9,55.87,56.81,2500757.0
2024-04-30,56.23,56.34,55.16,55.16,2456366.0
2024-05-01,55.3,55.74,54.81,55.0,2307704.0
2024-05-02,55.76,56.35,55.51,55.58,2781881.0
2024-05-03,56.26,56.74,55.92,56.26,2087955.0
2024-05-06,56.86,56.92,56.595,56.86,1181169.0
2024-05-07,57.56,57.71,57.31,57.47,2043663.0
2024-05-08,56.58,56.76,56.345,56.5,1481093.0
2024-05-09,56.73,57.13,56.425,57.12,1551264.0
2024-05-10,57.5,57.67,57.13,57.19,1560245.0
2024-05-13,57.42,57.67,57.17,57.18,1485438.0
2024-05-14,59.28,59.38,58.5008,58.79,2546768.0
2024-05-15,59.47,59.56,58.31,59.27,1589263.0
2024-05-16,59.53,60.78,59.4,60.02,2439743.0
2024-05-17,60.42,61.61,60.175,61.47,3522181.0
2024-05-20,61.36,62.016,61.23,61.58,2365427.0
2024-05-21,61.69,62.28,61.435,61.63,1787981.0
2024-05-22,61.29,61.29,58.665,58.73,3621354.0
2024-05-23,59.04,59.24,58.33,58.75,2125295.0
2024-05-24,58.83,59.75,58.79,59.63,2395664.0
2024-05-28,59.97,60.19,59.3,59.6,2119142.0
2024-05-29,60.07,60.838,59.41,59.45,3208038.0
2024-05-30,59.55,59.68,58.54,58.66,2229998.0
2024-05-31,59.59,59.88,58.67,59.53,2023670.0
2024-06-03,59.03,59.4,58.47,59.38,2063987.0
2024-06-04,57.92,58.195,57.37,58.07,3687898.0
2024-06-05,58.25,58.64,57.97,58.62,2605678.0
2024-06-06,58.67,59.765,58.48,59.7,2233202.0
2024-06-07,58.77,58.8777,58.19,58.19,1665761.0
2024-06-10,58.31,58.54,58.04,58.41,1138167.0
2024-06-11,56.4,56.81,56.21,56.8,2494367.0
2024-06-12,58.13,58.215,57.26,57.39,2679624.0
2024-06-13,57.09,57.4,56.65,57.35,2062671.0
2024-06-14,56.33,57.095,56.29,56.83,2218491.0
2024-06-17,55.84,56.385,55.68,56.25,2568835.0
2024-06-18,56.05,56.79,55.95,56.66,2759166.0
2024-06-20,57.0,57.405,56.7497,57.21,1895585.0
2024-06-21,56.63,56.83,56.32,56.58,2227017.0
2024-06-24,56.65,57.37,56.595,56.69,1872533.0
2024-06-25,57.0,57.0588,56.7087,56.97,1538748.0
2024-06-26,57.35,57.525,57.01,57.33,1905214.0
2024-06-27,56.85,57.0,56.61,56.74,1755440.0
2024-06-28,57.54,57.57,56.925,57.09,1610524.0
2024-07-01,57.81,58.44,57.53,57.71,1575229.0
2024-07-02,57.11,57.83,57.06,57.75,1557967.0
2024-07-03,59.0,60.03,58.96,59.54,1861735.0
2024-07-05,59.47,59.66,58.86,59.49,1500411.0
2024-07-08,58.63,58.995,58.16,58.35,1877678.0
2024-07-09,58.56,58.66,58.18,58.36,1551234.0
2024-07-10,58.03,58.64,57.98,58.55,1639207.0
2024-07-11,58.77,58.93,57.87,58.23,2212487.0
2024-07-12,59.4,59.77,59.18,59.27,2595204.0
2024-07-15,58.31,58.65,58.005,58.31,1878041.0
2024-07-16,57.0,57.34,56.49,57.2,2433312.0
2024-07-17,57.41,57.63,56.98,56.99,1820667.0
2024-07-18,56.95,56.98,56.05,56.12,2438329.0
2024-07-19,55.6,55.93,55.1,55.65,2077719.0
2024-07-22,55.6,55.85,55.385,55.75,1939132.0
2024-07-23,54.68,55.19,54.415,55.07,2585623.0
2024-07-24,55.07,55.24,54.4,54.43,2075090.0
2024-07-25,54.4,55.38,54.21,54.79,2669054.0
2024-07-26,55.21,55.5479,54.94,55.38,1847005.0
2024-07-29,54.79,55.06,54.56,55.01,2167046.0
2024-07-30,53.76,54.205,53.475,54.11,2892664.0
2024-07-31,55.16,56.0,55.02,55.53,2547850.0
2024-08-01,54.99,55.16,53.81,54.26,2525184.0
2024-08-02,54.57,54.65,53.58,54.01,2996408.0
2024-08-05,52.0,53.25,51.73,53.04,3524876.0
2024-08-06,52.5,53.92,52.42,53.52,2870182.0
2024-08-07,53.59,53.68,52.74,52.76,2465397.0
2024-08-08,52.97,53.54,52.94,53.15,2267770.0
2024-08-09,53.64,53.93,53.15,53.76,2124534.0
2024-08-12,53.72,53.95,53.21,53.56,2226923.0
2024-08-13,53.39,53.725,53.225,53.66,2203909.0
2024-08-14,52.36,52.59,52.0,52.25,3564948.0
2024-08-15,52.57,52.99,52.48,52.65,2612082.0
2024-08-16,52.65,53.51,52.49,53.24,2683816.0
2024-08-19,53.62,54.11,53.59,53.96,2288652.0
2024-08-20,53.85,54.11,53.54,53.64,2324193.0
2024-08-21,55.12,55.44,54.88,55.35,2128629.0
2024-08-22,54.83,54.88,54.19,54.29,1792906.0
2024-08-23,54.54,55.2,54.34,55.19,2241094.0
2024-08-26,55.8,55.98,55.25,55.51,2845609.0
2024-08-27,55.53,55.81,55.27,55.67,2970799.0
2024-08-28,54.35,54.58,54.105,54.42,3465180.0
2024-08-29,54.76,55.365,54.57,55.13,2106696.0
2024-08-30,54.95,55.2,54.68,55.13,1650091.0
2024-09-03,52.735,52.82,51.92,52.34,4824710.0
2024-09-04,52.03,52.75,52.03,52.25,2353230.0
2024-09-05,52.54,52.835,52.385,52.51,1776632.0
2024-09-06,51.65,51.99,51.09,51.39,2871160.0
2024-09-09,51.94,52.0,51.56,51.78,2224210.0
2024-09-10,51.31,51.39,50.9,51.32,2482845.0
2024-09-11,52.06,52.8625,51.43,52.81,3468283.0
2024-09-12,52.89,53.77,52.755,53.68,3641989.0
2024-09-13,52.78,53.25,52.78,52.89,2782231.0
2024-09-16,53.46,53.74,53.155,53.54,3337421.0
2024-09-17,53.55,53.92,53.33,53.45,2040942.0
2024-09-18,53.55,54.005,53.02,53.05,2151280.0
2024-09-19,55.36,55.45,54.79,55.19,3185474.0
2024-09-20,54.42,54.56,53.79,53.79,3280137.0
2024-09-23,54.03,54.61,53.95,54.59,1792593.0
2024-09-24,57.06,57.41,56.665,57.35,4251757.0
2024-09-25,58.01,58.13,57.635,57.73,3242692.0
2024-09-26,60.35,61.1982,59.93,60.91,4908568.0
2024-09-27,61.74,62.32,61.7,62.01,3578019.0
2024-09-30,62.5,62.56,61.74,62.11,3113161.0
2024-10-01,61.76,62.495,61.51,62.39,3066362.0
2024-10-02,62.52,63.21,62.405,62.43,2409059.0
2024-10-03,60.81,61.29,60.77,60.89,2833697.0
2024-10-04,60.67,60.93,60.3405,60.57,1848307.0
2024-10-07,60.83,61.03,60.57,60.81,1372221.0
2024-10-08,58.57,58.6,57.97,58.4,3470265.0
2024-10-09,58.01,58.37,57.87,58.18,1633612.0
2024-10-10,58.24,58.93,57.96,58.91,1732648.0
2024-10-11,58.8,59.27,58.64,58.95,1648274.0
2024-10-14,58.55,59.56,58.363,59.43,2279103.0
2024-10-15,58.41,58.63,58.03,58.16,2547627.0
2024-10-16,58.78,58.82,56.61,56.73,4033495.0
2024-10-17,56.73,56.9,56.33,56.89,2796018.0
2024-10-18,57.31,57.36,56.96,57.12,1446613.0
2024-10-21,56.81,57.035,56.11,56.32,1711242.0
2024-10-22,56.62,56.73,56.38,56.64,1355139.0
2024-10-23,55.55,55.88,55.47,55.73,1517331.0
2024-10-24,56.275,56.31,55.455,56.16,1770984.0
2024-10-25,56.49,56.93,56.3,56.44,1727829.0
2024-10-28,56.73,57.18,56.65,57.12,1706676.0
2024-10-29,57.4,57.66,57.13,57.14,1854540.0
2024-10-30,56.45,56.955,56.06,56.42,1590769.0
2024-10-31,56.1,56.13,55.04,55.46,1642038.0
2024-11-01,56.09,56.24,55.87,55.94,1492956.0
2024-11-04,55.98,56.56,55.94,56.12,1586029.0
2024-11-05,56.52,56.72,56.34,56.68,1186216.0
2024-11-06,55.01,56.015,54.81,55.94,3068148.0
2024-11-07,57.48,58.51,57.46,57.75,2204545.0
2024-11-08,56.07,56.1,54.785,55.19,4307531.0
2024-11-11,53.56,54.215,53.435,53.53,4093971.0
2024-11-12,52.77,52.77,52.2635,52.6,2423060.0
2024-11-13,52.54,52.69,52.1,52.32,3083411.0
2024-11-14,52.09,52.4299,51.793,52.05,2380964.0
2024-11-15,52.09,52.38,51.72,51.84,2274897.0
2024-11-18,52.06,52.6699,52.06,52.49,2488366.0
2024-11-19,52.12,52.75,51.914,52.68,2621813.0
2024-11-20,52.57,52.59,52.01,52.27,1830490.0
2024-11-21,51.7,52.075,51.49,52.02,2214424.0
2024-11-22,51.81,52.395,51.67,52.36,2659507.0
2024-11-25,52.55,52.65,52.28,52.46,1654052.0
2024-11-26,51.6203,51.703,51.12,51.19,2354178.0
2024-11-27,51.59,52.03,51.48,51.8,2799378.0
2024-11-29,52.18,52.98,52.15,52.65,1362519.0
2024-12-02,52.87,53.005,52.39,52.85,2330788.0
2024-12-03,53.25,53.57,52.98,53.12,2202421.0
2024-12-04,53.2,53.21,52.62,52.76,2222971.0
2024-12-05,52.52,52.72,52.02,52.19,1965836.0
2024-12-06,52.2,52.25,51.34,51.4,1691213.0
2024-12-09,54.22,54.67,53.73,53.75,3199759.0
2024-12-10,53.33,53.66,53.08,53.4,1793955.0
2024-12-11,53.5,53.695,53.23,53.56,1498750.0
2024-12-12,52.82,52.9,52.41,52.45,1738056.0
2024-12-13,51.95,51.985,51.45,51.67,1863026.0
2024-12-16,51.46,51.65,51.06,51.11,1890772.0
2024-12-17,50.89,51.26,50.73,51.0,2120380.0
2024-12-18,50.78,50.91,49.35,49.4,2564807.0
2024-12-19,49.36,49.465,48.85,48.94,2154727.0
2024-12-20,48.92,49.78,48.7906,49.2,2916292.0
2024-12-23,49.15,49.56,48.93,49.41,2176967.0
2024-12-24,49.4639,49.4639,49.095,49.42,647395.0
2024-12-26,49.35,49.49,49.115,49.35,1487198.0
2024-12-27,49.11,49.43,48.92,49.21,1608900.0
2024-12-30,49.08,49.13,48.68,48.78,2002941.0
2024-12-31,48.885,49.195,48.755,48.83,1579112.0
2025-01-02,49.2,49.57,48.97,49.21,2610204.0
2025-01-03,49.13,49.15,48.545,48.81,3249104.0
2025-01-06,49.085,49.3,48.4288,48.49,2507147.0
2025-01-07,48.78,48.9712,48.105,48.18,1834303.0
2025-01-08,48.09,48.76,48.06,48.72,2147943.0
2025-01-10,49.03,49.08,48.38,48.54,2411281.0
2025-01-13,48.4,49.3,48.37,49.3,2122681.0
2025-01-14,49.52,49.67,49.239,49.62,1642293.0
2025-01-15,50.03,50.17,49.585,49.81,2246340.0
2025-01-16,49.43,49.65,49.005,49.56,4154024.0
2025-01-17,49.83,50.4891,49.758,50.09,2349428.0
2025-01-21,50.03,50.25,49.835,50.12,3188157.0
2025-01-22,49.77,49.77,49.07,49.07,3221998.0
2025-01-23,49.015,49.51,48.78,49.47,2493758.0
2025-01-24,50.15,50.3002,49.745871,49.87,1743318.0
2025-01-27,49.81,49.97,49.43,49.9,2824883.0
2025-01-28,49.3,49.3,48.42,48.71,2630790.0
2025-01-29,48.78,49.31,48.63,48.79,2142004.0
2025-01-30,49.63,49.97,49.42,49.75,2105636.0
2025-01-31,49.675,49.8401,49.01,49.15,1950666.0
2025-02-03,48.35,49.27,48.23,48.79,2607661.0
2025-02-04,49.32,49.99,49.16,49.83,2138798.0
2025-02-05,49.93,50.32,49.88,50.05,2203408.0
2025-02-06,51.13,51.245,50.545,50.69,2183599.0
2025-02-07,51.22,51.25,50.27,50.35,2115794.0
2025-02-10,50.74,50.93,50.57,50.82,1834896.0
2025-02-11,49.9,50.25,49.66,50.2,2234384.0
2025-02-12,50.31,51.16,50.25,50.66,2463806.0
2025-02-13,50.995,51.97,50.82,51.83,2983150.0
2025-02-14,52.48,52.52,51.53,51.55,2833456.0
2025-02-18,52.34,52.38,51.7,51.94,1942661.0
2025-02-19,50.96,51.39,50.63,51.08,2756741.0
2025-02-20,52.24,52.4,51.86,52.11,3012493.0
2025-02-21,52.175,52.29,51.4,51.44,2156100.0
2025-02-24,51.44,51.47,51.06,51.09,1771836.0
2025-02-25,50.82,50.895,50.4,50.7,2287639.0
2025-02-26,50.305,50.66,50.09,50.22,2245580.0
2025-02-27,50.01,50.04,49.25,49.36,2091278.0
2025-02-28,48.64,48.96,48.08,48.48,3056119.0
2025-03-03,49.98,50.11,48.6,48.84,3511990.0
2025-03-04,48.89,49.975,48.43,49.22,2894400.0
2025-03-05,50.21,50.77,49.91,50.71,2957552.0
2025-03-06,50.29,50.86,50.29,50.69,2627294.0
2025-03-07,48.67,50.27,48.67,50.16,3737877.0
2025-03-10,49.25,50.035,49.18,49.61,5071139.0
2025-03-11,50.31,50.37,49.32,49.78,3574442.0
2025-03-12,49.05,49.09,48.205,48.36,3711702.0
2025-03-13,48.37,49.1475,48.21,48.65,3155579.0
2025-03-14,49.25,49.59,48.97,49.45,2319094.0
2025-03-17,50.11,50.68,50.1,50.57,3305231.0
2025-03-18,50.595,50.68,50.07,50.54,2091673.0
2025-03-19,49.97,50.33,49.76,50.06,2027656.0
2025-03-20,48.89,49.43,48.81,49.31,2110200.0
2025-03-21,48.71,49.23,48.64,49.15,2242023.0
2025-03-24,49.57,49.96,49.03,49.3,2411563.0
2025-03-25,49.65,49.95,49.58,49.65,2143493.0
2025-03-26,50.065,50.07,49.595,49.82,2672140.0
2025-03-27,49.51,49.775,49.26,49.63,2749152.0
2025-03-28,49.52,49.79,48.84,48.92,2914739.0
2025-03-31,47.755,48.63,47.3,48.54,3272290.0
2025-04-01,48.53,48.955,48.36,48.78,2520671.0
2025-04-02,48.18,48.3,47.515,47.88,3720654.0
2025-04-03,46.38,47.03,46.1,46.48,4734819.0
2025-04-04,43.715,43.97,41.67,42.07,8172344.0
2025-04-07,41.74,44.24,41.15,42.32,7447859.0
2025-04-08,43.3,43.36,39.73,40.22,6841592.0
2025-04-09,40.8,44.49,40.66,44.35,8667070.0
2025-04-10,43.91,44.02,42.26,43.49,5250643.0
2025-04-11,44.305,45.67,44.29,45.25,4398339.0
2025-04-14,45.7,46.6,45.47,46.29,3888166.0
2025-04-15,46.4,46.73,46.045,46.25,1989821.0
2025-04-16,45.96,46.26,45.32,45.63,2678774.0
2025-04-17,46.36,46.96,46.25,46.49,2488789.0
2025-04-21,46.645,47.04,46.3003,46.89,2683070.0
2025-04-22,47.45,47.91,47.26,47.65,2391689.0
2025-04-23,48.77,49.55,48.3,48.38,3599866.0
2025-04-24,48.83,49.49,48.6556,49.31,2558400.0
2025-04-25,48.66,48.66,48.03,48.21,3407441.0
2025-04-28,48.14,48.56,48.04,48.42,2349914.0
2025-04-29,49.05,49.12,48.53,48.6,1501109.0
2025-04-30,46.93,47.67,46.75,47.55,3130828.0
2025-05-01,48.16,48.23,47.42,47.71,3851994.0
2025-05-02,48.82,49.12,48.51,48.83,3316148.0
2025-05-05,49.035,49.08,48.4,48.62,1851214.0
2025-05-06,48.67,48.964,48.54,48.83,2184527.0
2025-05-07,48.61,48.81,48.22,48.37,2395476.0
2025-05-08,48.385,48.52,47.92,48.17,3583425.0
2025-05-09,48.675,48.81,48.46,48.67,2173951.0
2025-05-12,50.54,51.01,49.755,49.9,3144982.0
2025-05-13,50.24,50.96,50.11,50.81,2413820.0
2025-05-14,50.735,50.735,50.095,50.3,1793670.0
2025-05-15,50.22,50.55,49.99,50.53,1632729.0
2025-05-16,50.3,50.59,49.87,50.51,3266922.0
2025-05-19,49.55,50.365,49.54,50.35,2740385.0
2025-05-20,49.74,50.2,49.425,49.72,2643972.0
2025-05-21,49.68,49.935,49.29,49.34,1693977.0
2025-05-22,49.455,49.535,49.13,49.15,2003296.0
2025-05-23,49.15,49.955,49.02,49.89,1973065.0
2025-05-27,49.47,49.93,49.46,49.8,2984371.0
2025-05-28,49.335,49.39,48.89,49.2,2050385.0
2025-05-29,49.4,49.43,49.05,49.27,2046485.0
2025-05-30,49.05,49.12,48.4524,48.99,2280754.0
2025-06-02,48.9,49.445,48.79,49.43,2382487.0
2025-06-03,48.175,48.7,48.15,48.6,2987539.0
2025-06-04,49.24,49.5,49.1,49.1,2774278.0
2025-06-05,50.325,50.52,49.75,49.83,2427786.0
2025-06-06,49.71,49.79,49.37,49.58,1757662.0
2025-06-09,49.78,50.34,49.63,50.18,2240763.0
2025-06-10,50.29,50.89,50.2302,50.88,2556015.0
2025-06-11,50.92,51.05,50.485,50.61,2637713.0
2025-06-12,49.625,49.885,49.54,49.81,2555967.0
2025-06-13,48.67,48.8447,48.36,48.55,2710972.0
2025-06-16,49.05,49.525,48.855,48.9,2908263.0
2025-06-17,48.63,48.71,47.715,47.78,3816759.0
2025-06-18,47.65,48.08,47.555,47.62,2206876.0
2025-06-20,47.31,47.33,45.98,46.14,5841997.0
2025-06-23,45.78,46.88,45.74,46.83,3848827.0
2025-06-24,47.12,47.5,47.1001,47.29,3067163.0
2025-06-25,46.725,46.93,46.425,46.74,2407812.0
2025-06-26,47.57,48.565,47.49,48.34,4231946.0
2025-06-27,48.37,48.78,48.26,48.62,3050785.0
2025-06-30,47.925,48.11,47.73,48.09,2644719.0
2025-07-01,48.13,48.88,48.05,48.67,2492356.0
2025-07-02,49.14,50.74,49.07,50.73,6941233.0
2025-07-03,50.92,51.19,50.245,50.52,4181019.0
2025-07-07,50.04,50.13,49.24,49.39,3537099.0
2025-07-08,49.78,50.73,49.23,49.36,5596043.0
2025-07-09,50.14,50.221,49.3,49.61,3732848.0
2025-07-10,51.24,52.17,51.09,51.51,5678648.0
2025-07-11,51.44,52.13,51.29,52.08,3350987.0
2025-07-14,51.85,52.1,51.53,51.92,3212655.0
2025-07-15,51.44,51.52,50.16,50.37,3863880.0
2025-07-16,50.755,51.17,50.44,51.17,3145068.0
2025-07-17,50.92,51.8,50.78,51.69,2924557.0
2025-07-18,52.01,52.2,51.49,51.84,3275311.0
2025-07-21,52.95,53.875,52.905,53.18,3784314.0
2025-07-22,54.26,55.11,54.19,55.06,3340552.0
2025-07-23,54.9,55.38,54.9,55.31,3301942.0
2025-07-24,54.47,54.765,53.98,54.08,3123860.0
2025-07-25,53.24,53.29,52.85,53.15,3187149.0
2025-07-28,52.32,52.41,51.82,52.28,3119287.0
2025-07-29,52.36,52.7975,52.199,52.71,2708881.0
2025-07-30,51.94,52.12,50.28,50.65,5463483.0
2025-07-31,49.83,50.77,49.68,50.67,3557654.0
2025-08-01,50.82,51.045,50.41,50.73,2596688.0
2025-08-04,51.25,51.7567,51.215,51.63,2971974.0
2025-08-05,51.795,51.895,51.13,51.13,2306108.0
2025-08-06,51.86,51.92,51.45,51.54,1839071.0
2025-08-07,52.47,52.55,51.72,52.11,2847978.0
2025-08-08,52.41,53.125,52.31,52.86,2176592.0
2025-08-11,52.9,53.375,52.655,53.31,2439119.0
2025-08-12,53.71,54.085,53.69,54.04,2105456.0
2025-08-13,54.35,54.745,54.315,54.73,2943594.0
2025-08-14,53.9,53.93,53.505,53.82,1954647.0
2025-08-15,54.69,54.73,54.04,54.15,2541325.0
2025-08-18,53.78,54.1,53.325,53.43,3358142.0
2025-08-19,54.59,54.82,53.535,53.7,4411377.0
2025-08-20,53.5,53.73,53.185,53.59,3126907.0
2025-08-21,53.69,54.5,53.62,54.5,2761081.0
2025-08-22,54.44,56.15,54.4,55.95,3995319.0
2025-08-25,55.99,56.255,55.6315,55.77,2506998.0
2025-08-26,55.265,55.65,55.08,55.65,1742004.0
2025-08-27,55.56,55.935,55.39,55.87,2194806.0
2025-08-28,56.04,56.2299,55.8,56.12,2892184.0
2025-08-29,55.85,56.29,55.77,55.77,2367759.0
2025-09-02,55.0,55.76,54.83,55.67,2753672.0
2025-09-03,55.85,56.02,55.69,55.89,2395656.0
2025-09-04,55.69,55.78,55.15,55.55,2356313.0
2025-09-05,54.68,55.15,54.09,54.39,3270417.0
2025-09-08,54.35,54.38,53.89,54.2,2926465.0
2025-09-09,54.07,54.3825,53.15,53.15,3709346.0
2025-09-10,53.1,53.47,52.925,53.25,2586589.0
2025-09-11,53.26,54.33,53.1,54.21,2604279.0
2025-09-12,54.32,54.47,53.975,54.07,2762306.0
2025-09-15,53.94,54.82,53.745,54.8,3009240.0
2025-09-16,54.41,54.59,53.83,54.11,3043114.0
2025-09-17,53.32,53.76,52.75,53.17,2908632.0
2025-09-18,52.88,52.99,52.14,52.18,3626355.0
2025-09-19,52.14,52.4,51.83,52.14,3586690.0
2025-09-22,52.93,53.445,52.72,53.15,3037728.0
2025-09-23,53.42,53.6,53.1,53.29,1959372.0
2025-09-24,53.41,53.77,53.275,53.5,2896474.0
2025-09-25,54.9,55.73,54.77,55.69,4887006.0
2025-09-26,54.99,55.09,54.625,54.74,3039148.0
2025-09-29,55.55,56.495,55.4,56.22,4044166.0
2025-09-30,55.73,55.91,55.015,55.75,4138180.0
2025-10-01,55.75,56.57,55.67,55.75,3721731.0
2025-10-02,55.71,55.94,54.41,55.5,2871451.0
2025-10-03,55.85,56.285,55.31,55.47,3100565.0
2025-10-06,55.655,56.31,55.655,55.97,3436631.0
2025-10-07,55.84,56.07,55.18,55.2,3336193.0
2025-10-08,56.1,56.47,55.9,56.06,4277624.0
2025-10-09,57.09,57.58,55.695,56.04,5382646.0
2025-10-10,55.95,56.035,53.471,53.62,5832508.0
2025-10-13,55.9,56.13,55.27,55.71,5260911.0
2025-10-14,55.04,57.13,54.84,56.42,4448669.0
2025-10-15,56.75,56.9773,56.295,56.69,3670593.0
2025-10-16,57.35,57.39,55.74,56.28,3180125.0
2025-10-17,56.18,56.2,55.33,55.59,3340221.0
2025-10-20,56.13,57.13,55.97,56.8,3957376.0
2025-10-21,56.41,56.49,55.6901,55.97,3048019.0
2025-10-22,55.75,55.87,55.09,55.79,2864935.0
2025-10-23,56.02,56.1225,55.27,55.29,3241764.0
2025-10-24,55.88,55.985,55.38,55.62,2570013.0
2025-10-27,56.52,56.615,56.14,56.38,2796340.0
2025-10-28,56.6,57.61,56.42,57.13,2812275.0
2025-10-29,58.31,58.92,57.69,57.96,3730861.0
2025-10-30,56.87,57.42,56.39,57.24,3539572.0
2025-10-31,56.98,57.31,56.76,57.05,2611404.0
2025-11-03,56.175,56.2,55.54,56.15,3292623.0
2025-11-04,54.42,54.83,54.26,54.44,3872680.0
2025-11-05,55.145,55.75,55.1,55.51,2597178.0
2025-11-06,55.63,55.93,55.17,55.61,2105622.0
2025-11-07,54.31,55.305,54.15,55.16,3966220.0
2025-11-10,55.77,55.975,55.22,55.86,2135020.0
2025-11-11,55.7,56.0619,55.51,55.77,2077823.0
2025-11-12,56.26,56.61,56.09,56.32,2188226.0
2025-11-13,56.63,56.76,55.71,55.95,2045476.0
2025-11-14,54.25,55.29,54.205,55.23,2890850.0
2025-11-17,54.89,55.34,54.39,54.59,2178285.0
2025-11-18,53.49,54.16,53.3301,53.71,3686790.0
2025-11-19,53.59,53.915,53.22,53.47,2028870.0
2025-11-20,53.53,53.86,52.31,52.58,2942372.0
2025-11-21,52.22,53.21,52.18,53.08,2574978.0
2025-11-24,52.65,53.1,52.603,52.93,3821022.0
2025-11-25,53.54,53.96,53.31,53.68,3221523.0
2025-11-26,54.35,54.94,54.33,54.88,2280466.0
2025-11-28,54.25,54.92,54.19,54.73,1500051.0
2025-12-01,55.25,55.59,54.975,55.17,2354900.0
2025-12-02,55.7,56.37,55.58,56.27,3634840.0
2025-12-03,57.04,58.015,57.04,57.92,3792267.0
2025-12-04,57.99,58.97,57.87,58.97,3522793.0
2025-12-05,59.44,59.86,58.81,58.85,3652245.0
2025-12-08,58.84,58.96,58.205,58.34,2759227.0
2025-12-09,57.92,59.29,57.8,59.01,3203025.0
2025-12-10,60.04,60.66,59.77,60.53,3309549.0
2025-12-11,60.49,61.27,60.48,60.92,3851535.0
2025-12-12,60.66,60.99,59.225,59.64,2939818.0
2025-12-15,59.38,59.38,58.6,59.19,2206558.0
2025-12-16,59.05,59.12,58.48,58.62,2314127.0
2025-12-17,59.23,59.365,58.945,59.05,2023095.0
2025-12-18,59.38,59.635,59.06,59.27,1875239.0
2025-12-19,59.08,59.615,58.84,59.32,2851545.0
2025-12-22,60.35,61.06,60.34,60.77,5719071.0
2025-12-23,61.15,61.23,60.76,61.08,3729682.0
2025-12-24,61.09,61.23,60.57,60.87,854986.0
2025-12-26,61.46,62.005,61.33,61.89,1436228.0
2025-12-29,60.97,61.1628,60.38,60.39,2539524.0
2025-12-30,61.75,61.82,60.825,60.92,2178951.0
2025-12-31,60.81,60.92,60.27,60.37,3443833.0
2026-01-02,61.57,61.79,61.14,61.76,2058924.0
