anchor_date,close_0,close_1,close_20,close_5,date_1,date_20,date_5,dte,event_date,method,oi_diff,option_mid_0,option_symbol,ret_1,ret_20,ret_5,score,session_id,strike,underlying_symbol
2025-11-24,50.57,49.56,49.65,51.67,2025-11-25,2025-12-23,2025-12-02,25,2025-11-24,Z-Score,113801.0,1.34,IBIT251219P00043000,-0.019972315602135637,-0.01819260431085623,0.021752026893415044,144.77142725927408,a8480839-30d7-4b06-9369-c6a86070d3cc,43.0,IBIT
2025-11-24,50.57,49.56,49.65,51.67,2025-11-25,2025-12-23,2025-12-02,25,2025-11-24,Z-Score,110779.0,1.5750000000000002,IBIT251219C00052000,-0.019972315602135637,-0.01819260431085623,0.021752026893415044,140.92492912925653,a8480839-30d7-4b06-9369-c6a86070d3cc,52.0,IBIT
2025-11-24,182.55,177.82,189.21,181.46,2025-11-25,2025-12-23,2025-12-02,4,2025-11-24,Z-Score,104195.0,1.2349999999999999,NVDA251128P00165000,-0.025910709394686537,0.03648315529991786,-0.005970966858394933,132.54460362031034,a8480839-30d7-4b06-9369-c6a86070d3cc,165.0,NVDA
2025-11-24,80.59,80.87,80.49,80.62,2025-11-25,2025-12-23,2025-12-02,116,2025-11-24,Z-Score,77422.0,0.405,HYG260320P00076000,0.003474376473507901,-0.001240848740538647,0.0003722546221616163,98.4670740256845,a8480839-30d7-4b06-9369-c6a86070d3cc,76.0,HYG
2025-11-24,239.9,245.13,252.08,245.17,2025-11-25,2025-12-23,2025-12-02,25,2025-11-24,Z-Score,59498.0,1.005,IWM251219P00210000,0.02180075031263029,0.05077115464776982,0.021967486452688645,75.65283428960436,a8480839-30d7-4b06-9369-c6a86070d3cc,210.0,IWM
2025-11-24,239.9,245.13,252.08,245.17,2025-11-25,2025-12-23,2025-12-02,25,2025-11-24,Z-Score,46679.0,2.94,IWM251219P00224000,0.02180075031263029,0.05077115464776982,0.021967486452688645,59.336401619619345,a8480839-30d7-4b06-9369-c6a86070d3cc,224.0,IWM
2025-11-24,11.12,11.32,11.92,11.44,2025-11-25,2025-12-23,2025-12-02,53,2025-11-24,Z-Score,43562.0,0.125,VLY260116C00012000,0.017985611510791477,0.07194244604316546,0.02877697841726623,55.36898445507116,a8480839-30d7-4b06-9369-c6a86070d3cc,12.0,VLY
2025-11-24,417.78,419.4,485.56,429.24,2025-11-25,2025-12-23,2025-12-02,4,2025-11-24,Z-Score,41251.0,0.005,TSLA251128P00100000,0.0038776389487289453,0.16223849873138985,0.027430705155823798,52.42746983611996,a8480839-30d7-4b06-9369-c6a86070d3cc,100.0,TSLA
2025-11-24,0.8625,0.8571,1.01,1.29,2025-11-25,2025-12-23,2025-12-02,53,2025-11-24,Z-Score,40267.0,0.03,BYND260116P00000500,-0.006260869565217431,0.17101449275362324,0.4956521739130435,51.175003204770775,a8480839-30d7-4b06-9369-c6a86070d3cc,0.5,BYND
2025-11-24,33.32,32.48,30.76,32.92,2025-11-25,2025-12-23,2025-12-02,4,2025-11-24,Z-Score,34902.0,0.62,SMCI251128C00034000,-0.025210084033613578,-0.07683073229291715,-0.012004801920768249,44.34625983364435,a8480839-30d7-4b06-9369-c6a86070d3cc,34.0,SMCI
2025-11-24,50.57,49.56,49.65,51.67,2025-11-25,2025-12-23,2025-12-02,25,2025-11-24,IQR,113801.0,1.34,IBIT251219P00043000,-0.019972315602135637,-0.01819260431085623,0.021752026893415044,6691.735294117647,a8480839-30d7-4b06-9369-c6a86070d3cc,43.0,IBIT
2025-11-24,50.57,49.56,49.65,51.67,2025-11-25,2025-12-23,2025-12-02,25,2025-11-24,IQR,110779.0,1.5750000000000002,IBIT251219C00052000,-0.019972315602135637,-0.01819260431085623,0.021752026893415044,6513.970588235294,a8480839-30d7-4b06-9369-c6a86070d3cc,52.0,IBIT
2025-11-24,182.55,177.82,189.21,181.46,2025-11-25,2025-12-23,2025-12-02,4,2025-11-24,IQR,104195.0,1.2349999999999999,NVDA251128P00165000,-0.025910709394686537,0.03648315529991786,-0.005970966858394933,6126.676470588235,a8480839-30d7-4b06-9369-c6a86070d3cc,165.0,NVDA
2025-11-24,80.59,80.87,80.49,80.62,2025-11-25,2025-12-23,2025-12-02,116,2025-11-24,IQR,77422.0,0.405,HYG260320P00076000,0.003474376473507901,-0.001240848740538647,0.0003722546221616163,4551.794117647059,a8480839-30d7-4b06-9369-c6a86070d3cc,76.0,HYG
2025-11-24,239.9,245.13,252.08,245.17,2025-11-25,2025-12-23,2025-12-02,25,2025-11-24,IQR,59498.0,1.005,IWM251219P00210000,0.02180075031263029,0.05077115464776982,0.021967486452688645,3497.4411764705883,a8480839-30d7-4b06-9369-c6a86070d3cc,210.0,IWM
2025-11-24,239.9,245.13,252.08,245.17,2025-11-25,2025-12-23,2025-12-02,25,2025-11-24,IQR,46679.0,2.94,IWM251219P00224000,0.02180075031263029,0.05077115464776982,0.021967486452688645,2743.3823529411766,a8480839-30d7-4b06-9369-c6a86070d3cc,224.0,IWM
2025-11-24,11.12,11.32,11.92,11.44,2025-11-25,2025-12-23,2025-12-02,53,2025-11-24,IQR,43562.0,0.125,VLY260116C00012000,0.017985611510791477,0.07194244604316546,0.02877697841726623,2560.029411764706,a8480839-30d7-4b06-9369-c6a86070d3cc,12.0,VLY
2025-11-24,417.78,419.4,485.56,429.24,2025-11-25,2025-12-23,2025-12-02,4,2025-11-24,IQR,41251.0,0.005,TSLA251128P00100000,0.0038776389487289453,0.16223849873138985,0.027430705155823798,2424.0882352941176,a8480839-30d7-4b06-9369-c6a86070d3cc,100.0,TSLA
2025-11-24,0.8625,0.8571,1.01,1.29,2025-11-25,2025-12-23,2025-12-02,53,2025-11-24,IQR,40267.0,0.03,BYND260116P00000500,-0.006260869565217431,0.17101449275362324,0.4956521739130435,2366.205882352941,a8480839-30d7-4b06-9369-c6a86070d3cc,0.5,BYND
2025-11-24,33.32,32.48,30.76,32.92,2025-11-25,2025-12-23,2025-12-02,4,2025-11-24,IQR,34902.0,0.62,SMCI251128C00034000,-0.025210084033613578,-0.07683073229291715,-0.012004801920768249,2050.6176470588234,a8480839-30d7-4b06-9369-c6a86070d3cc,34.0,SMCI
2025-11-24,14.15,13.43,13.44,13.82,2025-11-25,2025-12-23,2025-12-02,417,2025-11-24,Pre-Event,25022.0,6.050000000000001,EH270115C00010000,-0.05088339222614846,-0.05017667844522977,-0.023321554770318054,7818.954490454423,a8480839-30d7-4b06-9369-c6a86070d3cc,10.0,EH
2025-11-24,18.12,18.32,16.69,18.1,2025-11-25,2025-12-23,2025-12-02,4,2025-11-24,Pre-Event,10278.0,0.20500000000000002,LI251128C00020000,0.011037527593819041,-0.07891832229580575,-0.001103752759381904,2247.7508235389805,a8480839-30d7-4b06-9369-c6a86070d3cc,20.0,LI
2025-11-24,62.22,68.31,77.24,78.36,2025-11-25,2025-12-23,2025-12-02,4,2025-11-24,Pre-Event,2630.0,2.8,URBN251128P00062000,0.0978784956605594,0.24140147862423644,0.2594021215043394,1772.289493767489,a8480839-30d7-4b06-9369-c6a86070d3cc,62.0,URBN
2025-11-24,6.42,6.63,4.87,7.02,2025-11-25,2025-12-23,2025-12-02,53,2025-11-24,Pre-Event,4230.0,0.65,CODI260116C00007500,0.032710280373831724,-0.24143302180685355,0.09345794392523366,1420.3070175438597,a8480839-30d7-4b06-9369-c6a86070d3cc,7.5,CODI
2025-11-24,14.86,15.18,12.83,11.73,2025-11-25,2025-12-23,2025-12-02,25,2025-11-24,Pre-Event,1725.0,0.325,PD251219P00012500,0.021534320323014722,-0.13660834454912518,-0.21063257065948848,996.6175056107726,a8480839-30d7-4b06-9369-c6a86070d3cc,12.5,PD
2025-11-24,13.52,14.18,14.02,14.37,2025-11-25,2025-12-23,2025-12-02,4,2025-11-24,Pre-Event,20173.0,0.55,AI251128C00013500,0.04881656804733736,0.03698224852071008,0.06286982248520712,679.8223481317962,a8480839-30d7-4b06-9369-c6a86070d3cc,13.5,AI
2025-11-24,13.52,14.18,14.02,14.37,2025-11-25,2025-12-23,2025-12-02,4,2025-11-24,Pre-Event,19591.0,0.105,AI251128C00015000,0.04881656804733736,0.03698224852071008,0.06286982248520712,634.0365824544189,a8480839-30d7-4b06-9369-c6a86070d3cc,15.0,AI
2025-11-24,2.92,2.75,2.72,2.79,2025-11-25,2025-12-23,2025-12-02,25,2025-11-24,Pre-Event,512.0,0.075,BZUN251219C00005000,-0.05821917808219179,-0.06849315068493145,-0.044520547945205435,376.6436781609195,a8480839-30d7-4b06-9369-c6a86070d3cc,5.0,BZUN
2025-11-24,4.25,4.4,4.47,4.64,2025-11-25,2025-12-23,2025-12-02,25,2025-11-24,Pre-Event,908.0,0.575,NKLR251219C00005000,0.03529411764705892,0.051764705882352935,0.09176470588235297,363.75429225486454,a8480839-30d7-4b06-9369-c6a86070d3cc,5.0,NKLR
2025-11-24,15.65,16.23,14.75,16.61,2025-11-25,2025-12-23,2025-12-02,25,2025-11-24,Pre-Event,6587.0,1.1,S251219C00016000,0.03706070287539931,-0.057507987220447254,0.06134185303514372,314.053937262221,a8480839-30d7-4b06-9369-c6a86070d3cc,16.0,S
2025-11-25,80.87,80.95,80.64,80.69,2025-11-26,2025-12-24,2025-12-03,87,2025-11-25,Z-Score,78960.0,0.1,HYG260220C00082000,0.0009892419933226204,-0.002844070730802617,-0.0022257944849759514,122.52971879343448,1175af91-0974-423f-96dc-424264d92ff1,82.0,HYG
2025-11-25,80.87,80.95,80.64,80.69,2025-11-26,2025-12-24,2025-12-03,52,2025-11-25,Z-Score,66716.0,0.165,HYG260116C00081000,0.0009892419933226204,-0.002844070730802617,-0.0022257944849759514,103.51579269086409,1175af91-0974-423f-96dc-424264d92ff1,81.0,HYG
2025-11-25,80.87,80.95,80.64,80.69,2025-11-26,2025-12-24,2025-12-03,87,2025-11-25,Z-Score,62486.0,0.52,HYG260220P00078000,0.0009892419933226204,-0.002844070730802617,-0.0022257944849759514,96.94695020361542,1175af91-0974-423f-96dc-424264d92ff1,78.0,HYG
2025-11-25,245.13,247.3,252.71,249.63,2025-11-26,2025-12-24,2025-12-03,24,2025-11-25,Z-Score,60184.0,2.385,IWM251219P00228000,0.008852445641088558,0.030922367723248856,0.018357606168155627,93.37213332284793,1175af91-0974-423f-96dc-424264d92ff1,228.0,IWM
2025-11-25,380.08,383.12,411.93,386.88,2025-11-26,2025-12-24,2025-12-03,24,2025-11-25,Z-Score,56135.0,3.75,GLD251219C00395000,0.007998316143969841,0.08379814775836669,0.01789097032203757,87.08436896566829,1175af91-0974-423f-96dc-424264d92ff1,395.0,GLD
2025-11-25,380.08,383.12,411.93,386.88,2025-11-26,2025-12-24,2025-12-03,24,2025-11-25,Z-Score,54244.0,1.355,GLD251219C00410000,0.007998316143969841,0.08379814775836669,0.01789097032203757,84.14780131947745,1175af91-0974-423f-96dc-424264d92ff1,410.0,GLD
2025-11-25,121.37,122.85,126.3,121.83,2025-11-26,2025-12-24,2025-12-03,115,2025-11-25,Z-Score,50726.0,2.145,XBI260320P00100000,0.012194117162395823,0.04061959298014339,0.0037900634423662094,78.6846363383567,1175af91-0974-423f-96dc-424264d92ff1,100.0,XBI
2025-11-25,105.66,104.63,106.45,102.27,2025-11-26,2025-12-24,2025-12-03,115,2025-11-25,Z-Score,42759.0,2.8200000000000003,MRK260320C00110000,-0.009748249100889672,0.00747681241718734,-0.03208404315729696,66.3125398617822,1175af91-0974-423f-96dc-424264d92ff1,110.0,MRK
2025-11-25,25.72,25.71,25.03,25.57,2025-11-26,2025-12-24,2025-12-03,24,2025-11-25,Z-Score,40933.0,0.61,PFE251219C00025500,-0.00038880248833583764,-0.026827371695178792,-0.005832037325038786,63.4769118755609,1175af91-0974-423f-96dc-424264d92ff1,25.5,PFE
2025-11-25,284.68,289.96,298.8,295.45,2025-11-26,2025-12-24,2025-12-03,87,2025-11-25,Z-Score,38941.0,44.7,TSM260220C00250000,0.01854714064914975,0.04959955037234787,0.0378319516650274,60.38349952695585,1175af91-0974-423f-96dc-424264d92ff1,250.0,TSM
2025-11-25,80.87,80.95,80.64,80.69,2025-11-26,2025-12-24,2025-12-03,87,2025-11-25,IQR,78960.0,0.1,HYG260220C00082000,0.0009892419933226204,-0.002844070730802617,-0.0022257944849759514,4932.4375,1175af91-0974-423f-96dc-424264d92ff1,82.0,HYG
2025-11-25,80.87,80.95,80.64,80.69,2025-11-26,2025-12-24,2025-12-03,52,2025-11-25,IQR,66716.0,0.165,HYG260116C00081000,0.0009892419933226204,-0.002844070730802617,-0.0022257944849759514,4167.1875,1175af91-0974-423f-96dc-424264d92ff1,81.0,HYG
2025-11-25,80.87,80.95,80.64,80.69,2025-11-26,2025-12-24,2025-12-03,87,2025-11-25,IQR,62486.0,0.52,HYG260220P00078000,0.0009892419933226204,-0.002844070730802617,-0.0022257944849759514,3902.8125,1175af91-0974-423f-96dc-424264d92ff1,78.0,HYG
2025-11-25,245.13,247.3,252.71,249.63,2025-11-26,2025-12-24,2025-12-03,24,2025-11-25,IQR,60184.0,2.385,IWM251219P00228000,0.008852445641088558,0.030922367723248856,0.018357606168155627,3758.9375,1175af91-0974-423f-96dc-424264d92ff1,228.0,IWM
2025-11-25,380.08,383.12,411.93,386.88,2025-11-26,2025-12-24,2025-12-03,24,2025-11-25,IQR,56135.0,3.75,GLD251219C00395000,0.007998316143969841,0.08379814775836669,0.01789097032203757,3505.875,1175af91-0974-423f-96dc-424264d92ff1,395.0,GLD
2025-11-25,380.08,383.12,411.93,386.88,2025-11-26,2025-12-24,2025-12-03,24,2025-11-25,IQR,54244.0,1.355,GLD251219C00410000,0.007998316143969841,0.08379814775836669,0.01789097032203757,3387.6875,1175af91-0974-423f-96dc-424264d92ff1,410.0,GLD
2025-11-25,121.37,122.85,126.3,121.83,2025-11-26,2025-12-24,2025-12-03,115,2025-11-25,IQR,50726.0,2.145,XBI260320P00100000,0.012194117162395823,0.04061959298014339,0.0037900634423662094,3167.8125,1175af91-0974-423f-96dc-424264d92ff1,100.0,XBI
2025-11-25,105.66,104.63,106.45,102.27,2025-11-26,2025-12-24,2025-12-03,115,2025-11-25,IQR,42759.0,2.8200000000000003,MRK260320C00110000,-0.009748249100889672,0.00747681241718734,-0.03208404315729696,2669.875,1175af91-0974-423f-96dc-424264d92ff1,110.0,MRK
2025-11-25,25.72,25.71,25.03,25.57,2025-11-26,2025-12-24,2025-12-03,24,2025-11-25,IQR,40933.0,0.61,PFE251219C00025500,-0.00038880248833583764,-0.026827371695178792,-0.005832037325038786,2555.75,1175af91-0974-423f-96dc-424264d92ff1,25.5,PFE
2025-11-25,284.68,289.96,298.8,295.45,2025-11-26,2025-12-24,2025-12-03,87,2025-11-25,IQR,38941.0,44.7,TSM260220C00250000,0.01854714064914975,0.04959955037234787,0.0378319516650274,2431.25,1175af91-0974-423f-96dc-424264d92ff1,250.0,TSM
2025-11-25,14.53,14.72,14.55,14.76,2025-11-26,2025-12-24,2025-12-03,115,2025-11-25,Pre-Event,16916.0,0.725,JBS260320C00015000,0.013076393668272734,0.0013764624913972234,0.015829318651066737,14689.39670932358,1175af91-0974-423f-96dc-424264d92ff1,15.0,JBS
2025-11-25,13.43,13.63,13.41,13.71,2025-11-26,2025-12-24,2025-12-03,143,2025-11-25,Pre-Event,16311.0,0.47500000000000003,EH260417C00022000,0.014892032762472196,-0.0014892032762471308,0.02084884586746094,11474.601751959428,1175af91-0974-423f-96dc-424264d92ff1,22.0,EH
2025-11-25,9.62,9.87,9.6,10.13,2025-11-26,2025-12-24,2025-12-03,87,2025-11-25,Pre-Event,7002.0,0.425,EC260220P00009000,0.02598752598752596,-0.0020790020790020236,0.053014553014553156,6279.201331967212,1175af91-0974-423f-96dc-424264d92ff1,9.0,EC
2025-11-25,13.43,13.63,13.41,13.71,2025-11-26,2025-12-24,2025-12-03,52,2025-11-25,Pre-Event,7248.0,0.125,EH260116C00020000,0.014892032762472196,-0.0014892032762471308,0.02084884586746094,1761.4856615952044,1175af91-0974-423f-96dc-424264d92ff1,20.0,EH
2025-11-25,6.63,6.91,4.95,7.3,2025-11-26,2025-12-24,2025-12-03,52,2025-11-25,Pre-Event,2209.0,0.65,CODI260116C00007500,0.042232277526395245,-0.25339366515837103,0.10105580693815996,1233.326286993285,1175af91-0974-423f-96dc-424264d92ff1,7.5,CODI
2025-11-25,12.42,12.47,13.71,14.43,2025-11-26,2025-12-24,2025-12-03,10,2025-11-25,Pre-Event,9173.0,0.1,ASAN251205P00009500,0.004025764895330131,0.10386473429951693,0.16183574879227058,1134.0152156334232,1175af91-0974-423f-96dc-424264d92ff1,9.5,ASAN
2025-11-25,18.32,18.43,16.78,17.44,2025-11-26,2025-12-24,2025-12-03,115,2025-11-25,Pre-Event,2431.0,0.665,LI260320P00015000,0.006004366812226936,-0.08406113537117899,-0.048034934497816484,748.8793103448274,1175af91-0974-423f-96dc-424264d92ff1,15.0,LI
2025-11-25,10.54,10.32,11.03,11.46,2025-11-26,2025-12-24,2025-12-03,17,2025-11-25,Pre-Event,1420.0,0.25,STLA251212C00010500,-0.020872865275142205,0.04648956356736256,0.0872865275142316,395.5516569200779,1175af91-0974-423f-96dc-424264d92ff1,10.5,STLA
2025-11-25,2.09,2.16,2.72,2.49,2025-11-26,2025-12-24,2025-12-03,143,2025-11-25,Pre-Event,507.0,0.575,PLG260417C00002000,0.03349282296650724,0.3014354066985647,0.19138755980861255,280.3987138263666,1175af91-0974-423f-96dc-424264d92ff1,2.0,PLG
2025-11-25,46.89,46.23,49.61,47.57,2025-11-26,2025-12-24,2025-12-03,52,2025-11-25,Pre-Event,363.0,1.75,SOLS260116C00050000,-0.014075495841330832,0.0580081040733631,0.01450202601834083,163.17548076923075,1175af91-0974-423f-96dc-424264d92ff1,50.0,SOLS
2025-11-26,247.3,248.75,251.42,251.82,2025-11-28,2025-12-26,2025-12-04,23,2025-11-26,Z-Score,73613.0,1.0150000000000001,IWM251219P00225000,0.005863323898099404,0.016659927213910075,0.01827739587545474,91.18098337605173,b86cad11-7393-451d-a0bd-20b401d7b5dd,225.0,IWM
2025-11-26,80.95,80.99,80.6,80.75,2025-11-28,2025-12-26,2025-12-04,23,2025-11-26,Z-Score,65582.0,0.025,HYG251219C00082000,0.0004941321803582088,-0.004323656578134716,-0.002470660901791266,81.22745166030394,b86cad11-7393-451d-a0bd-20b401d7b5dd,82.0,HYG
2025-11-26,614.27,619.25,623.89,622.94,2025-11-28,2025-12-26,2025-12-04,204,2025-11-26,Z-Score,61070.0,28.735,QQQ260618P00590000,0.00810718413726863,0.015660865743077235,0.014114314552232887,75.63532924697387,b86cad11-7393-451d-a0bd-20b401d7b5dd,590.0,QQQ
2025-11-26,22.24,22.34,24.51,22.83,2025-11-28,2025-12-26,2025-12-04,86,2025-11-26,Z-Score,59542.0,0.8500000000000001,FHN260220C00024000,0.004496402877697925,0.1020683453237412,0.026528776978417268,73.7415431105447,b86cad11-7393-451d-a0bd-20b401d7b5dd,24.0,FHN
2025-11-26,80.95,80.99,80.6,80.75,2025-11-28,2025-12-26,2025-12-04,23,2025-11-26,Z-Score,54988.0,0.07,HYG251219P00075000,0.0004941321803582088,-0.004323656578134716,-0.002470660901791266,68.09736636623947,b86cad11-7393-451d-a0bd-20b401d7b5dd,75.0,HYG
2025-11-26,17.25,17.39,16.76,17.65,2025-11-28,2025-12-26,2025-12-04,23,2025-11-26,Z-Score,53610.0,0.085,NU251219C00018500,0.008115942028985579,-0.028405797101449193,0.023188405797101463,66.38948855472154,b86cad11-7393-451d-a0bd-20b401d7b5dd,18.5,NU
2025-11-26,68.25,68.16,66.2,66.4,2025-11-28,2025-12-26,2025-12-04,114,2025-11-26,Z-Score,52690.0,14.25,LVS260320C00055000,-0.0013186813186814028,-0.03003663003663004,-0.02710622710622701,65.24925082859927,b86cad11-7393-451d-a0bd-20b401d7b5dd,55.0,LVS
2025-11-26,247.3,248.75,251.42,251.82,2025-11-28,2025-12-26,2025-12-04,23,2025-11-26,Z-Score,50231.0,2.675,IWM251219P00236000,0.005863323898099404,0.016659927213910075,0.01827739587545474,62.201593688887684,b86cad11-7393-451d-a0bd-20b401d7b5dd,236.0,IWM
2025-11-26,247.3,248.75,251.42,251.82,2025-11-28,2025-12-26,2025-12-04,23,2025-11-26,Z-Score,50138.0,2.065,IWM251219P00233000,0.005863323898099404,0.016659927213910075,0.01827739587545474,62.08633052744271,b86cad11-7393-451d-a0bd-20b401d7b5dd,233.0,IWM
2025-11-26,14.96,16.13,13.44,15.59,2025-11-28,2025-12-26,2025-12-04,51,2025-11-26,Z-Score,48713.0,1.44,RIOT260116C00016000,0.07820855614973254,-0.10160427807486638,0.04211229946524053,60.32020144078594,b86cad11-7393-451d-a0bd-20b401d7b5dd,16.0,RIOT
2025-11-26,247.3,248.75,251.42,251.82,2025-11-28,2025-12-26,2025-12-04,23,2025-11-26,IQR,73613.0,1.0150000000000001,IWM251219P00225000,0.005863323898099404,0.016659927213910075,0.01827739587545474,4905.1,b86cad11-7393-451d-a0bd-20b401d7b5dd,225.0,IWM
2025-11-26,80.95,80.99,80.6,80.75,2025-11-28,2025-12-26,2025-12-04,23,2025-11-26,IQR,65582.0,0.025,HYG251219C00082000,0.0004941321803582088,-0.004323656578134716,-0.002470660901791266,4369.7,b86cad11-7393-451d-a0bd-20b401d7b5dd,82.0,HYG
2025-11-26,614.27,619.25,623.89,622.94,2025-11-28,2025-12-26,2025-12-04,204,2025-11-26,IQR,61070.0,28.735,QQQ260618P00590000,0.00810718413726863,0.015660865743077235,0.014114314552232887,4068.9,b86cad11-7393-451d-a0bd-20b401d7b5dd,590.0,QQQ
2025-11-26,22.24,22.34,24.51,22.83,2025-11-28,2025-12-26,2025-12-04,86,2025-11-26,IQR,59542.0,0.8500000000000001,FHN260220C00024000,0.004496402877697925,0.1020683453237412,0.026528776978417268,3967.0333333333333,b86cad11-7393-451d-a0bd-20b401d7b5dd,24.0,FHN
2025-11-26,80.95,80.99,80.6,80.75,2025-11-28,2025-12-26,2025-12-04,23,2025-11-26,IQR,54988.0,0.07,HYG251219P00075000,0.0004941321803582088,-0.004323656578134716,-0.002470660901791266,3663.4333333333334,b86cad11-7393-451d-a0bd-20b401d7b5dd,75.0,HYG
2025-11-26,17.25,17.39,16.76,17.65,2025-11-28,2025-12-26,2025-12-04,23,2025-11-26,IQR,53610.0,0.085,NU251219C00018500,0.008115942028985579,-0.028405797101449193,0.023188405797101463,3571.5666666666666,b86cad11-7393-451d-a0bd-20b401d7b5dd,18.5,NU
2025-11-26,68.25,68.16,66.2,66.4,2025-11-28,2025-12-26,2025-12-04,114,2025-11-26,IQR,52690.0,14.25,LVS260320C00055000,-0.0013186813186814028,-0.03003663003663004,-0.02710622710622701,3510.233333333333,b86cad11-7393-451d-a0bd-20b401d7b5dd,55.0,LVS
2025-11-26,247.3,248.75,251.42,251.82,2025-11-28,2025-12-26,2025-12-04,23,2025-11-26,IQR,50231.0,2.675,IWM251219P00236000,0.005863323898099404,0.016659927213910075,0.01827739587545474,3346.3,b86cad11-7393-451d-a0bd-20b401d7b5dd,236.0,IWM
2025-11-26,247.3,248.75,251.42,251.82,2025-11-28,2025-12-26,2025-12-04,23,2025-11-26,IQR,50138.0,2.065,IWM251219P00233000,0.005863323898099404,0.016659927213910075,0.01827739587545474,3340.1,b86cad11-7393-451d-a0bd-20b401d7b5dd,233.0,IWM
2025-11-26,14.96,16.13,13.44,15.59,2025-11-28,2025-12-26,2025-12-04,51,2025-11-26,IQR,48713.0,1.44,RIOT260116C00016000,0.07820855614973254,-0.10160427807486638,0.04211229946524053,3245.1,b86cad11-7393-451d-a0bd-20b401d7b5dd,16.0,RIOT
2025-11-26,11.37,11.44,8.94,11.57,2025-11-28,2025-12-26,2025-12-04,23,2025-11-26,Pre-Event,14475.0,0.65,DOMO251219P00010000,0.006156552330694787,-0.2137203166226913,0.017590149516270914,1793.520932779703,b86cad11-7393-451d-a0bd-20b401d7b5dd,10.0,DOMO
2025-11-26,15.79,16.02,13.59,14.82,2025-11-28,2025-12-26,2025-12-04,23,2025-11-26,Pre-Event,4342.0,0.535,PSKY251219C00016500,0.014566181127295685,-0.13932868904369855,-0.061431285623812504,1236.314011475146,b86cad11-7393-451d-a0bd-20b401d7b5dd,16.5,PSKY
2025-11-26,14.16,14.45,13.99,15.32,2025-11-28,2025-12-26,2025-12-04,9,2025-11-26,Pre-Event,23282.0,0.66,AI251205C00015000,0.020480225988700473,-0.012005649717514166,0.08192090395480234,687.6990675580577,b86cad11-7393-451d-a0bd-20b401d7b5dd,15.0,AI
2025-11-26,2.1,2.0,1.47,1.73,2025-11-28,2025-12-26,2025-12-04,142,2025-11-26,Pre-Event,994.0,0.25,CMBM260417C00010000,-0.04761904761904767,-0.30000000000000004,-0.17619047619047623,589.2116182572614,b86cad11-7393-451d-a0bd-20b401d7b5dd,10.0,CMBM
2025-11-26,21.53,21.87,24.49,22.9,2025-11-28,2025-12-26,2025-12-04,2,2025-11-26,Pre-Event,10932.0,0.36,HPE251128C00021500,0.015791918253599713,0.13748258244310252,0.06363214119832783,420.5276575872519,b86cad11-7393-451d-a0bd-20b401d7b5dd,21.5,HPE
2025-11-26,13.78,14.16,15.08,13.94,2025-11-28,2025-12-26,2025-12-04,23,2025-11-26,Pre-Event,295.0,0.175,MAGN251219C00017500,0.027576197387518153,0.09433962264150941,0.011611030478954953,268.67692307692306,b86cad11-7393-451d-a0bd-20b401d7b5dd,17.5,MAGN
2025-11-26,9.79,9.71,9.18,9.58,2025-11-28,2025-12-26,2025-12-04,51,2025-11-26,Pre-Event,504.0,0.1,TK260116C00012500,-0.008171603677221473,-0.06230847803881512,-0.021450459652706755,233.07692307692307,b86cad11-7393-451d-a0bd-20b401d7b5dd,12.5,TK
2025-11-26,15.62,15.9,15.86,15.7,2025-11-28,2025-12-26,2025-12-04,23,2025-11-26,Pre-Event,259.0,0.15,MANU251219C00017000,0.01792573623559557,0.015364916773367598,0.00512163892445594,162.39359267734554,b86cad11-7393-451d-a0bd-20b401d7b5dd,17.0,MANU
2025-11-26,9.79,9.71,9.18,9.58,2025-11-28,2025-12-26,2025-12-04,51,2025-11-26,Pre-Event,293.0,0.175,TK260116C00011500,-0.008171603677221473,-0.06230847803881512,-0.021450459652706755,134.15750915750914,b86cad11-7393-451d-a0bd-20b401d7b5dd,11.5,TK
2025-11-26,15.94,16.21,15.01,16.97,2025-11-28,2025-12-26,2025-12-04,51,2025-11-26,Pre-Event,3674.0,0.4,S260116C00020000,0.0169385194479299,-0.05834378920953576,0.06461731493099121,115.47570506286101,b86cad11-7393-451d-a0bd-20b401d7b5dd,20.0,S
2025-11-28,51.55,48.5,49.38,50.69,2025-12-01,2025-12-29,2025-12-05,49,2025-11-28,Z-Score,76273.0,2.335,IBIT260116C00055000,-0.05916585838991262,-0.04209505334626562,-0.016682832201745823,111.70128220444055,f5894e2c-1c8d-49fd-88c4-f5b50d03e2ce,55.0,IBIT
2025-11-28,248.75,245.62,249.88,250.77,2025-12-01,2025-12-29,2025-12-05,21,2025-11-28,Z-Score,67149.0,1.7650000000000001,IWM251219P00235000,-0.012582914572864312,0.004542713567839085,0.008120603015075334,98.3316452570011,f5894e2c-1c8d-49fd-88c4-f5b50d03e2ce,235.0,IWM
2025-11-28,90.21,88.77,88.07,88.17,2025-12-01,2025-12-29,2025-12-05,0,2025-11-28,Z-Score,59787.0,0.005,TLT251128P00085000,-0.01596275357499166,-0.02372242545172376,-0.022613900897904826,87.54391320888084,f5894e2c-1c8d-49fd-88c4-f5b50d03e2ce,85.0,TLT
2025-11-28,17.39,17.48,16.66,16.7,2025-12-01,2025-12-29,2025-12-05,28,2025-11-28,Z-Score,50980.0,0.385,NU251226C00018000,0.005175388154111449,-0.04197814836112712,-0.03967797584818866,74.6387846911146,f5894e2c-1c8d-49fd-88c4-f5b50d03e2ce,18.0,NU
2025-11-28,51.55,48.5,49.38,50.69,2025-12-01,2025-12-29,2025-12-05,7,2025-11-28,Z-Score,50203.0,0.35,IBIT251205P00047000,-0.05916585838991262,-0.04209505334626562,-0.016682832201745823,73.50022617421845,f5894e2c-1c8d-49fd-88c4-f5b50d03e2ce,47.0,IBIT
2025-11-28,80.99,80.47,80.63,80.75,2025-12-01,2025-12-29,2025-12-05,49,2025-11-28,Z-Score,47717.0,0.475,HYG260116P00080000,-0.006420545746388395,-0.004444993209038128,-0.002963328806025345,69.8574250506614,f5894e2c-1c8d-49fd-88c4-f5b50d03e2ce,80.0,HYG
2025-11-28,33.85,33.41,30.08,34.69,2025-12-01,2025-12-29,2025-12-05,7,2025-11-28,Z-Score,40814.0,0.7949999999999999,SMCI251205C00034000,-0.012998522895125708,-0.11137370753323494,0.02481536189069411,59.74227776348752,f5894e2c-1c8d-49fd-88c4-f5b50d03e2ce,34.0,SMCI
2025-11-28,33.85,33.41,30.08,34.69,2025-12-01,2025-12-29,2025-12-05,7,2025-11-28,Z-Score,40403.0,0.25,SMCI251205C00036500,-0.012998522895125708,-0.11137370753323494,0.02481536189069411,59.14002866381659,f5894e2c-1c8d-49fd-88c4-f5b50d03e2ce,36.5,SMCI
2025-11-28,51.55,48.5,49.38,50.69,2025-12-01,2025-12-29,2025-12-05,49,2025-11-28,IQR,76273.0,2.335,IBIT260116C00055000,-0.05916585838991262,-0.04209505334626562,-0.016682832201745823,5445.642857142857,f5894e2c-1c8d-49fd-88c4-f5b50d03e2ce,55.0,IBIT
2025-11-28,248.75,245.62,249.88,250.77,2025-12-01,2025-12-29,2025-12-05,21,2025-11-28,IQR,67149.0,1.7650000000000001,IWM251219P00235000,-0.012582914572864312,0.004542713567839085,0.008120603015075334,4793.928571428572,f5894e2c-1c8d-49fd-88c4-f5b50d03e2ce,235.0,IWM
2025-11-28,90.21,88.77,88.07,88.17,2025-12-01,2025-12-29,2025-12-05,0,2025-11-28,IQR,59787.0,0.005,TLT251128P00085000,-0.01596275357499166,-0.02372242545172376,-0.022613900897904826,4268.071428571428,f5894e2c-1c8d-49fd-88c4-f5b50d03e2ce,85.0,TLT
2025-11-28,17.39,17.48,16.66,16.7,2025-12-01,2025-12-29,2025-12-05,28,2025-11-28,IQR,50980.0,0.385,NU251226C00018000,0.005175388154111449,-0.04197814836112712,-0.03967797584818866,3639.0,f5894e2c-1c8d-49fd-88c4-f5b50d03e2ce,18.0,NU
2025-11-28,51.55,48.5,49.38,50.69,2025-12-01,2025-12-29,2025-12-05,7,2025-11-28,IQR,50203.0,0.35,IBIT251205P00047000,-0.05916585838991262,-0.04209505334626562,-0.016682832201745823,3583.5,f5894e2c-1c8d-49fd-88c4-f5b50d03e2ce,47.0,IBIT
2025-11-28,80.99,80.47,80.63,80.75,2025-12-01,2025-12-29,2025-12-05,49,2025-11-28,IQR,47717.0,0.475,HYG260116P00080000,-0.006420545746388395,-0.004444993209038128,-0.002963328806025345,3405.9285714285716,f5894e2c-1c8d-49fd-88c4-f5b50d03e2ce,80.0,HYG
2025-11-28,33.85,33.41,30.08,34.69,2025-12-01,2025-12-29,2025-12-05,7,2025-11-28,IQR,40814.0,0.7949999999999999,SMCI251205C00034000,-0.012998522895125708,-0.11137370753323494,0.02481536189069411,2912.8571428571427,f5894e2c-1c8d-49fd-88c4-f5b50d03e2ce,34.0,SMCI
2025-11-28,33.85,33.41,30.08,34.69,2025-12-01,2025-12-29,2025-12-05,7,2025-11-28,IQR,40403.0,0.25,SMCI251205C00036500,-0.012998522895125708,-0.11137370753323494,0.02481536189069411,2883.5,f5894e2c-1c8d-49fd-88c4-f5b50d03e2ce,36.5,SMCI
2025-11-28,16.02,15.71,13.5,13.365,2025-12-01,2025-12-29,2025-12-05,21,2025-11-28,Pre-Event,10338.0,0.725,PSKY251219C00016000,-0.019350811485642883,-0.1573033707865168,-0.1657303370786517,5696.764269186271,f5894e2c-1c8d-49fd-88c4-f5b50d03e2ce,16.0,PSKY
2025-11-28,14.47,13.92,15.17,16.43,2025-12-01,2025-12-29,2025-12-05,21,2025-11-28,Pre-Event,10012.0,0.55,KALV251219P00012500,-0.038009675190048386,0.048375950241879684,0.13545266067726325,1656.920153347875,f5894e2c-1c8d-49fd-88c4-f5b50d03e2ce,12.5,KALV
2025-11-28,67.28,67.55,62.71,62.71,2025-12-01,2025-12-29,2025-12-05,7,2025-11-28,Pre-Event,8919.0,1.815,KR251205P00067000,0.004013079667062991,-0.0679250891795482,-0.0679250891795482,909.1159519257033,f5894e2c-1c8d-49fd-88c4-f5b50d03e2ce,67.0,KR
2025-11-28,4.66,4.24,4.12,5.9,2025-12-01,2025-12-29,2025-12-05,112,2025-11-28,Pre-Event,965.0,0.7749999999999999,NKLR260320C00007500,-0.0901287553648068,-0.11587982832618027,0.2660944206008584,654.6122724207687,f5894e2c-1c8d-49fd-88c4-f5b50d03e2ce,7.5,NKLR
2025-11-28,1.22,1.31,1.16,1.57,2025-12-01,2025-12-29,2025-12-05,413,2025-11-28,Pre-Event,2504.0,0.35,NFE270115P00000500,0.07377049180327866,-0.049180327868852514,0.28688524590163933,535.7197278911565,f5894e2c-1c8d-49fd-88c4-f5b50d03e2ce,0.5,NFE
2025-11-28,20.4,21.25,26.93,23.09,2025-12-01,2025-12-29,2025-12-05,49,2025-11-28,Pre-Event,5001.0,1.475,AEO260116P00019000,0.04166666666666674,0.32009803921568625,0.1318627450980392,283.5192072341583,f5894e2c-1c8d-49fd-88c4-f5b50d03e2ce,19.0,AEO
2025-11-28,30.48,30.59,28.15,29.6,2025-12-01,2025-12-29,2025-12-05,21,2025-11-28,Pre-Event,6646.0,0.675,CPB251219P00029000,0.0036089238845145033,-0.07644356955380582,-0.02887139107611547,235.3967805068989,f5894e2c-1c8d-49fd-88c4-f5b50d03e2ce,29.0,CPB
2025-11-28,9.82,9.95,9.84,9.89,2025-12-01,2025-12-29,2025-12-05,21,2025-11-28,Pre-Event,319.0,0.175,EC251219C00010000,0.01323828920570258,0.0020366598778003286,0.007128309572301372,197.84668989547035,f5894e2c-1c8d-49fd-88c4-f5b50d03e2ce,10.0,EC
2025-11-28,100.16,95.7,84.55,83.0,2025-12-01,2025-12-29,2025-12-05,7,2025-11-28,Pre-Event,1484.0,9.65,SIG251205C00098000,-0.044528753993610115,-0.15585063897763574,-0.1713258785942492,150.09692349577998,f5894e2c-1c8d-49fd-88c4-f5b50d03e2ce,98.0,SIG
2025-11-28,15.9,15.79,15.94,15.67,2025-12-01,2025-12-29,2025-12-05,21,2025-11-28,Pre-Event,429.0,0.025,MANU251219C00030000,-0.006918238993710801,0.002515723270440251,-0.014465408805031443,138.6895252449133,f5894e2c-1c8d-49fd-88c4-f5b50d03e2ce,30.0,MANU
2025-12-01,245.62,245.17,248.03,250.87,2025-12-02,2025-12-30,2025-12-08,18,2025-12-01,Z-Score,77936.0,1.72,IWM251219P00237000,-0.0018320983633255405,0.009811904568031826,0.021374480905463678,132.404841472492,d53d52be-7447-49b2-9b1a-8da6ac54b288,237.0,IWM
2025-12-01,171.42,181.33,155.61,183.69,2025-12-02,2025-12-30,2025-12-08,4,2025-12-01,Z-Score,57904.0,0.025,MSTR251205C00560000,0.05781122389452831,-0.09222961148057385,0.07157857892894648,98.35315402736313,d53d52be-7447-49b2-9b1a-8da6ac54b288,560.0,MSTR
2025-12-01,6812.63,6829.37,6896.24,6846.51,2025-12-02,2025-12-30,2025-12-08,0,2025-12-01,Z-Score,41798.0,0.0,SPXW251201C06875000,0.002457200816718297,0.012272793326512543,0.0049731161093440335,70.97513495831133,d53d52be-7447-49b2-9b1a-8da6ac54b288,6875.0,SPXW
2025-12-01,6812.63,6829.37,6896.24,6846.51,2025-12-02,2025-12-30,2025-12-08,0,2025-12-01,Z-Score,40966.0,0.0,SPXW251201P06810000,0.002457200816718297,0.012272793326512543,0.0049731161093440335,69.56084762033474,d53d52be-7447-49b2-9b1a-8da6ac54b288,6810.0,SPXW
2025-12-01,15.48,15.22,12.7,14.96,2025-12-02,2025-12-30,2025-12-08,46,2025-12-01,Z-Score,40231.0,0.9450000000000001,RIOT260116C00020000,-0.01679586563307489,-0.17958656330749356,-0.03359173126614989,68.31144714748281,d53d52be-7447-49b2-9b1a-8da6ac54b288,20.0,RIOT
2025-12-01,6812.63,6829.37,6896.24,6846.51,2025-12-02,2025-12-30,2025-12-08,0,2025-12-01,Z-Score,38313.0,0.0,SPXW251201C06880000,0.002457200816718297,0.012272793326512543,0.0049731161093440335,65.05110686594541,d53d52be-7447-49b2-9b1a-8da6ac54b288,6880.0,SPXW
2025-12-01,6812.63,6829.37,6896.24,6846.51,2025-12-02,2025-12-30,2025-12-08,0,2025-12-01,Z-Score,37612.0,0.0,SPXW251201P06805000,0.002457200816718297,0.012272793326512543,0.0049731161093440335,63.85950178911658,d53d52be-7447-49b2-9b1a-8da6ac54b288,6805.0,SPXW
2025-12-01,430.14,429.24,454.43,439.58,2025-12-02,2025-12-30,2025-12-08,4,2025-12-01,Z-Score,36580.0,0.005,TSLA251205P00140000,-0.0020923420281768745,0.05646998651601809,0.02194634305109955,62.105241533357145,d53d52be-7447-49b2-9b1a-8da6ac54b288,140.0,TSLA
2025-12-01,283.1,286.19,273.08,277.89,2025-12-02,2025-12-30,2025-12-08,81,2025-12-01,Z-Score,35363.0,3.25,AAPL260220C00310000,0.010914871070293097,-0.03539385376192172,-0.018403391027905447,60.036506328648585,d53d52be-7447-49b2-9b1a-8da6ac54b288,310.0,AAPL
2025-12-01,245.62,245.17,248.03,250.87,2025-12-02,2025-12-30,2025-12-08,18,2025-12-01,IQR,77936.0,1.72,IWM251219P00237000,-0.0018320983633255405,0.009811904568031826,0.021374480905463678,5564.428571428572,d53d52be-7447-49b2-9b1a-8da6ac54b288,237.0,IWM
2025-12-01,171.42,181.33,155.61,183.69,2025-12-02,2025-12-30,2025-12-08,4,2025-12-01,IQR,57904.0,0.025,MSTR251205C00560000,0.05781122389452831,-0.09222961148057385,0.07157857892894648,4133.571428571428,d53d52be-7447-49b2-9b1a-8da6ac54b288,560.0,MSTR
2025-12-01,6812.63,6829.37,6896.24,6846.51,2025-12-02,2025-12-30,2025-12-08,0,2025-12-01,IQR,41798.0,0.0,SPXW251201C06875000,0.002457200816718297,0.012272793326512543,0.0049731161093440335,2983.1428571428573,d53d52be-7447-49b2-9b1a-8da6ac54b288,6875.0,SPXW
2025-12-01,6812.63,6829.37,6896.24,6846.51,2025-12-02,2025-12-30,2025-12-08,0,2025-12-01,IQR,40966.0,0.0,SPXW251201P06810000,0.002457200816718297,0.012272793326512543,0.0049731161093440335,2923.714285714286,d53d52be-7447-49b2-9b1a-8da6ac54b288,6810.0,SPXW
2025-12-01,15.48,15.22,12.7,14.96,2025-12-02,2025-12-30,2025-12-08,46,2025-12-01,IQR,40231.0,0.9450000000000001,RIOT260116C00020000,-0.01679586563307489,-0.17958656330749356,-0.03359173126614989,2871.214285714286,d53d52be-7447-49b2-9b1a-8da6ac54b288,20.0,RIOT
2025-12-01,6812.63,6829.37,6896.24,6846.51,2025-12-02,2025-12-30,2025-12-08,0,2025-12-01,IQR,38313.0,0.0,SPXW251201C06880000,0.002457200816718297,0.012272793326512543,0.0049731161093440335,2734.214285714286,d53d52be-7447-49b2-9b1a-8da6ac54b288,6880.0,SPXW
2025-12-01,6812.63,6829.37,6896.24,6846.51,2025-12-02,2025-12-30,2025-12-08,0,2025-12-01,IQR,37612.0,0.0,SPXW251201P06805000,0.002457200816718297,0.012272793326512543,0.0049731161093440335,2684.1428571428573,d53d52be-7447-49b2-9b1a-8da6ac54b288,6805.0,SPXW
2025-12-01,430.14,429.24,454.43,439.58,2025-12-02,2025-12-30,2025-12-08,4,2025-12-01,IQR,36580.0,0.005,TSLA251205P00140000,-0.0020923420281768745,0.05646998651601809,0.02194634305109955,2610.4285714285716,d53d52be-7447-49b2-9b1a-8da6ac54b288,140.0,TSLA
2025-12-01,283.1,286.19,273.08,277.89,2025-12-02,2025-12-30,2025-12-08,81,2025-12-01,IQR,35363.0,3.25,AAPL260220C00310000,0.010914871070293097,-0.03539385376192172,-0.018403391027905447,2523.5,d53d52be-7447-49b2-9b1a-8da6ac54b288,310.0,AAPL
2025-12-01,10.65,10.95,11.04,11.94,2025-12-02,2025-12-30,2025-12-08,18,2025-12-01,Pre-Event,2027.0,0.275,STLA251219C00011000,0.028169014084507005,0.036619718309859106,0.12112676056338012,781.6510879848628,d53d52be-7447-49b2-9b1a-8da6ac54b288,11.0,STLA
2025-12-01,7.04,7.02,4.86,6.1,2025-12-02,2025-12-30,2025-12-08,18,2025-12-01,Pre-Event,2485.0,0.975,CODI251219C00007500,-0.0028409090909091717,-0.30965909090909083,-0.1335227272727273,612.816742081448,d53d52be-7447-49b2-9b1a-8da6ac54b288,7.5,CODI
2025-12-01,14.12,14.3,16.67,19.29,2025-12-02,2025-12-30,2025-12-08,46,2025-12-01,Pre-Event,4128.0,1.53,PATH260116C00014000,0.012747875354107707,0.18059490084985863,0.36614730878186963,528.5220671444736,d53d52be-7447-49b2-9b1a-8da6ac54b288,14.0,PATH
2025-12-01,7.88,7.94,7.77,7.93,2025-12-02,2025-12-30,2025-12-08,137,2025-12-01,Pre-Event,491.0,0.075,AEG260417C00010000,0.0076142131979695105,-0.013959390862944177,0.006345177664974555,397.89303079416527,d53d52be-7447-49b2-9b1a-8da6ac54b288,10.0,AEG
2025-12-01,5.09,5.08,5.64,4.99,2025-12-02,2025-12-30,2025-12-08,18,2025-12-01,Pre-Event,5070.0,0.375,VZLA251219C00005000,-0.0019646365422396617,0.10805500982318272,-0.01964636542239684,344.63187567226737,d53d52be-7447-49b2-9b1a-8da6ac54b288,5.0,VZLA
2025-12-01,16.08,16.61,15.27,14.88,2025-12-02,2025-12-30,2025-12-08,4,2025-12-01,Pre-Event,2232.0,0.225,S251205C00018500,0.032960199004975266,-0.050373134328358105,-0.07462686567164167,310.91919940696806,d53d52be-7447-49b2-9b1a-8da6ac54b288,18.5,S
2025-12-01,15.79,15.53,16.07,15.56,2025-12-02,2025-12-30,2025-12-08,18,2025-12-01,Pre-Event,514.0,1.0999999999999999,MANU251219C00030000,-0.01646611779607343,0.017732742241925337,-0.014566181127295685,285.0010787486515,d53d52be-7447-49b2-9b1a-8da6ac54b288,30.0,MANU
2025-12-01,14.87,14.74,14.49,13.98,2025-12-02,2025-12-30,2025-12-08,46,2025-12-01,Pre-Event,201.0,0.525,JBS260116C00015000,-0.008742434431741719,-0.025554808338937418,-0.059852051109616555,82.44827586206897,d53d52be-7447-49b2-9b1a-8da6ac54b288,15.0,JBS
2025-12-01,34.36,35.95,33.51,34.67,2025-12-02,2025-12-30,2025-12-08,18,2025-12-01,Pre-Event,200.0,1.725,UNFI251219C00040000,0.04627473806752058,-0.024738067520372553,0.009022118742724183,76.15658362989322,d53d52be-7447-49b2-9b1a-8da6ac54b288,40.0,UNFI
2025-12-01,34.36,35.95,33.51,34.67,2025-12-02,2025-12-30,2025-12-08,18,2025-12-01,Pre-Event,180.0,2.975,UNFI251219C00037000,0.04627473806752058,-0.024738067520372553,0.009022118742724183,69.18149466192169,d53d52be-7447-49b2-9b1a-8da6ac54b288,37.0,UNFI
2025-12-02,245.17,249.63,246.16,251.39,2025-12-03,2025-12-31,2025-12-09,17,2025-12-02,Z-Score,76282.0,1.61,IWM251219P00234000,0.018191458987641296,0.00403801443896068,0.025370151323571344,138.77526007714508,7cbbca91-410e-4236-bebf-bec117d8e53b,234.0,IWM
2025-12-02,15.82,16.55,14.56,17.49,2025-12-03,2025-12-31,2025-12-09,80,2025-12-02,Z-Score,58045.0,2.24,CORZ260220C00018000,0.04614412136536039,-0.07964601769911506,0.10556257901390631,105.57672129142557,7cbbca91-410e-4236-bebf-bec117d8e53b,18.0,CORZ
2025-12-02,15.82,16.55,14.56,17.49,2025-12-03,2025-12-31,2025-12-09,80,2025-12-02,Z-Score,55079.0,0.72,CORZ260220C00025000,0.04614412136536039,-0.07964601769911506,0.10556257901390631,100.17743050684236,7cbbca91-410e-4236-bebf-bec117d8e53b,25.0,CORZ
2025-12-02,1.29,1.25,0.82,1.26,2025-12-03,2025-12-31,2025-12-09,3,2025-12-02,Z-Score,45330.0,0.165,BYND251205C00001500,-0.03100775193798455,-0.3643410852713179,-0.023255813953488413,82.43040223344326,7cbbca91-410e-4236-bebf-bec117d8e53b,1.5,BYND
2025-12-02,181.46,179.59,186.5,184.97,2025-12-03,2025-12-31,2025-12-09,3,2025-12-02,Z-Score,41817.0,0.245,NVDA251205P00165000,-0.01030530144384445,0.02777471619089611,0.01934310591865973,76.03535552870933,7cbbca91-410e-4236-bebf-bec117d8e53b,165.0,NVDA
2025-12-02,34.03,34.2,31.77,32.74,2025-12-03,2025-12-31,2025-12-09,45,2025-12-02,Z-Score,31803.0,0.95,EWZ260116P00032000,0.004995592124596104,-0.06641198942109905,-0.03790772847487511,57.805922650484,7cbbca91-410e-4236-bebf-bec117d8e53b,32.0,EWZ
2025-12-02,1.29,1.25,0.82,1.26,2025-12-03,2025-12-31,2025-12-09,3,2025-12-02,Z-Score,27598.0,0.08499999999999999,BYND251205C00002000,-0.03100775193798455,-0.3643410852713179,-0.023255813953488413,50.15116278899634,7cbbca91-410e-4236-bebf-bec117d8e53b,2.0,BYND
2025-12-02,286.19,284.15,271.86,277.18,2025-12-03,2025-12-31,2025-12-09,3,2025-12-02,Z-Score,26901.0,1.83,AAPL251205C00285000,-0.007128131660784853,-0.050071630734826456,-0.0314825815017995,48.88234765856663,7cbbca91-410e-4236-bebf-bec117d8e53b,285.0,AAPL
2025-12-02,681.53,683.89,681.92,683.04,2025-12-03,2025-12-31,2025-12-09,17,2025-12-02,Z-Score,25218.0,2.24,SPY251219P00648000,0.0034627969421743288,0.0005722418675626617,0.0022156031282556388,45.81862331923637,7cbbca91-410e-4236-bebf-bec117d8e53b,648.0,SPY
2025-12-02,245.17,249.63,246.16,251.39,2025-12-03,2025-12-31,2025-12-09,17,2025-12-02,IQR,76282.0,1.61,IWM251219P00234000,0.018191458987641296,0.00403801443896068,0.025370151323571344,5446.142857142857,7cbbca91-410e-4236-bebf-bec117d8e53b,234.0,IWM
2025-12-02,15.82,16.55,14.56,17.49,2025-12-03,2025-12-31,2025-12-09,80,2025-12-02,IQR,58045.0,2.24,CORZ260220C00018000,0.04614412136536039,-0.07964601769911506,0.10556257901390631,4143.5,7cbbca91-410e-4236-bebf-bec117d8e53b,18.0,CORZ
2025-12-02,15.82,16.55,14.56,17.49,2025-12-03,2025-12-31,2025-12-09,80,2025-12-02,IQR,55079.0,0.72,CORZ260220C00025000,0.04614412136536039,-0.07964601769911506,0.10556257901390631,3931.6428571428573,7cbbca91-410e-4236-bebf-bec117d8e53b,25.0,CORZ
2025-12-02,1.29,1.25,0.82,1.26,2025-12-03,2025-12-31,2025-12-09,3,2025-12-02,IQR,45330.0,0.165,BYND251205C00001500,-0.03100775193798455,-0.3643410852713179,-0.023255813953488413,3235.285714285714,7cbbca91-410e-4236-bebf-bec117d8e53b,1.5,BYND
2025-12-02,181.46,179.59,186.5,184.97,2025-12-03,2025-12-31,2025-12-09,3,2025-12-02,IQR,41817.0,0.245,NVDA251205P00165000,-0.01030530144384445,0.02777471619089611,0.01934310591865973,2984.3571428571427,7cbbca91-410e-4236-bebf-bec117d8e53b,165.0,NVDA
2025-12-02,34.03,34.2,31.77,32.74,2025-12-03,2025-12-31,2025-12-09,45,2025-12-02,IQR,31803.0,0.95,EWZ260116P00032000,0.004995592124596104,-0.06641198942109905,-0.03790772847487511,2269.0714285714284,7cbbca91-410e-4236-bebf-bec117d8e53b,32.0,EWZ
2025-12-02,1.29,1.25,0.82,1.26,2025-12-03,2025-12-31,2025-12-09,3,2025-12-02,IQR,27598.0,0.08499999999999999,BYND251205C00002000,-0.03100775193798455,-0.3643410852713179,-0.023255813953488413,1968.7142857142858,7cbbca91-410e-4236-bebf-bec117d8e53b,2.0,BYND
2025-12-02,286.19,284.15,271.86,277.18,2025-12-03,2025-12-31,2025-12-09,3,2025-12-02,IQR,26901.0,1.83,AAPL251205C00285000,-0.007128131660784853,-0.050071630734826456,-0.0314825815017995,1918.9285714285713,7cbbca91-410e-4236-bebf-bec117d8e53b,285.0,AAPL
2025-12-02,681.53,683.89,681.92,683.04,2025-12-03,2025-12-31,2025-12-09,17,2025-12-02,IQR,25218.0,2.24,SPY251219P00648000,0.0034627969421743288,0.0005722418675626617,0.0022156031282556388,1798.7142857142858,7cbbca91-410e-4236-bebf-bec117d8e53b,648.0,SPY
2025-12-02,1.035,1.05,0.738,1.02,2025-12-03,2025-12-31,2025-12-09,318,2025-12-02,Pre-Event,19842.0,0.275,ASST261016C00001500,0.01449275362318847,-0.28695652173913044,-0.01449275362318836,2224.5917904208304,7cbbca91-410e-4236-bebf-bec117d8e53b,1.5,ASST
2025-12-02,37.98,39.01,35.45,43.79,2025-12-03,2025-12-31,2025-12-09,3,2025-12-02,Pre-Event,5343.0,2.15,IOT251205P00036000,0.027119536598209537,-0.06661400737230105,0.15297525013164837,1062.9932352164728,7cbbca91-410e-4236-bebf-bec117d8e53b,36.0,IOT
2025-12-02,8.3,8.69,6.64,6.82,2025-12-03,2025-12-31,2025-12-09,45,2025-12-02,Pre-Event,994.0,0.2,MEI260116C00010000,0.0469879518072287,-0.20000000000000007,-0.17831325301204826,963.1129943502825,7cbbca91-410e-4236-bebf-bec117d8e53b,10.0,MEI
2025-12-02,7.02,7.3,4.8,5.85,2025-12-03,2025-12-31,2025-12-09,17,2025-12-02,Pre-Event,1702.0,0.1,CODI251219P00005000,0.03988603988603989,-0.3162393162393162,-0.16666666666666663,676.4055610724924,7cbbca91-410e-4236-bebf-bec117d8e53b,5.0,CODI
2025-12-02,14.74,14.76,14.42,13.86,2025-12-03,2025-12-31,2025-12-09,136,2025-12-02,Pre-Event,1594.0,0.35,JBS260417C00017500,0.0013568521031206426,-0.02170963364993217,-0.059701492537313494,631.4692307692306,7cbbca91-410e-4236-bebf-bec117d8e53b,17.5,JBS
2025-12-02,69.4,71.41,76.48,91.31,2025-12-03,2025-12-31,2025-12-09,3,2025-12-02,Pre-Event,2697.0,3.25,RBRK251205P00064000,0.02896253602305454,0.10201729106628243,0.31570605187319867,441.32437699303165,7cbbca91-410e-4236-bebf-bec117d8e53b,64.0,RBRK
2025-12-02,2.3,2.41,1.46,1.65,2025-12-03,2025-12-31,2025-12-09,45,2025-12-02,Pre-Event,986.0,0.8500000000000001,SPWH260116C00001500,0.04782608695652191,-0.3652173913043478,-0.28260869565217395,411.7317073170731,7cbbca91-410e-4236-bebf-bec117d8e53b,1.5,SPWH
2025-12-02,1.73,1.76,3.2,1.61,2025-12-03,2025-12-31,2025-12-09,108,2025-12-02,Pre-Event,340.0,0.1,PETS260320C00005000,0.01734104046242768,0.8497109826589597,-0.06936416184971095,321.1111111111111,7cbbca91-410e-4236-bebf-bec117d8e53b,5.0,PETS
2025-12-02,11.77,12.01,19.72,12.84,2025-12-03,2025-12-31,2025-12-09,780,2025-12-02,Pre-Event,6000.0,1.225,PL280121P00005000,0.02039082412914195,0.6754460492778249,0.09090909090909083,309.44849401732904,7cbbca91-410e-4236-bebf-bec117d8e53b,5.0,PL
2025-12-02,7.02,7.3,4.8,5.85,2025-12-03,2025-12-31,2025-12-09,17,2025-12-02,Pre-Event,1210.0,0.825,CODI251219C00007500,0.03988603988603989,-0.3162393162393162,-0.16666666666666663,303.5213505461767,7cbbca91-410e-4236-bebf-bec117d8e53b,7.5,CODI
2025-12-03,6849.72,6857.12,6858.47,6886.68,2025-12-04,2026-01-02,2025-12-10,44,2025-12-03,Z-Score,41433.0,7.25,SPXW260116P05510000,0.0010803361305278258,0.001277424478664857,0.0053958409978802635,67.74909264024598,be6d6ef7-01b3-4fa9-9964-3cac4caa1553,5510.0,SPXW
2025-12-03,6849.72,6857.12,6858.47,6886.68,2025-12-04,2026-01-02,2025-12-10,44,2025-12-03,Z-Score,41402.0,8.2,SPXW260116P05610000,0.0010803361305278258,0.001277424478664857,0.0053958409978802635,67.69834804183235,be6d6ef7-01b3-4fa9-9964-3cac4caa1553,5610.0,SPXW
2025-12-03,154.21,155.01,157.98,156.06,2025-12-04,2026-01-02,2025-12-10,107,2025-12-03,Z-Score,40108.0,2.725,XLI260320P00135000,0.005187731016146779,0.024447182413591673,0.011996627974839358,65.5801702886958,be6d6ef7-01b3-4fa9-9964-3cac4caa1553,135.0,XLI
2025-12-03,284.15,280.7,271.01,278.78,2025-12-04,2026-01-02,2025-12-10,2,2025-12-03,Z-Score,36976.0,1.525,AAPL251205C00287500,-0.012141474573288735,-0.046243181418265,-0.01889846911842341,60.45332892639004,be6d6ef7-01b3-4fa9-9964-3cac4caa1553,287.5,AAPL
2025-12-03,80.69,80.75,80.67,80.73,2025-12-04,2026-01-02,2025-12-10,79,2025-12-03,Z-Score,35113.0,0.7050000000000001,HYG260220P00080000,0.0007435865658693697,-0.0002478621886230492,0.0004957243772463205,57.403742253984035,be6d6ef7-01b3-4fa9-9964-3cac4caa1553,80.0,HYG
2025-12-03,284.15,280.7,271.01,278.78,2025-12-04,2026-01-02,2025-12-10,9,2025-12-03,Z-Score,33860.0,2.255,AAPL251212C00290000,-0.012141474573288735,-0.046243181418265,-0.01889846911842341,55.35267832455584,be6d6ef7-01b3-4fa9-9964-3cac4caa1553,290.0,AAPL
2025-12-03,179.59,183.38,188.85,183.78,2025-12-04,2026-01-02,2025-12-10,2,2025-12-03,Z-Score,33785.0,0.315,NVDA251205C00190000,0.021103624923436648,0.05156189097388486,0.023330920429867952,55.22990913484545,be6d6ef7-01b3-4fa9-9964-3cac4caa1553,190.0,NVDA
2025-12-03,179.59,183.38,188.85,183.78,2025-12-04,2026-01-02,2025-12-10,2,2025-12-03,Z-Score,32306.0,1.255,NVDA251205C00185000,0.021103624923436648,0.05156189097388486,0.023330920429867952,52.808900713756614,be6d6ef7-01b3-4fa9-9964-3cac4caa1553,185.0,NVDA
2025-12-03,6849.72,6857.12,6858.47,6886.68,2025-12-04,2026-01-02,2025-12-10,44,2025-12-03,IQR,41433.0,7.25,SPXW260116P05510000,0.0010803361305278258,0.001277424478664857,0.0053958409978802635,2957.0714285714284,be6d6ef7-01b3-4fa9-9964-3cac4caa1553,5510.0,SPXW
2025-12-03,6849.72,6857.12,6858.47,6886.68,2025-12-04,2026-01-02,2025-12-10,44,2025-12-03,IQR,41402.0,8.2,SPXW260116P05610000,0.0010803361305278258,0.001277424478664857,0.0053958409978802635,2954.8571428571427,be6d6ef7-01b3-4fa9-9964-3cac4caa1553,5610.0,SPXW
2025-12-03,154.21,155.01,157.98,156.06,2025-12-04,2026-01-02,2025-12-10,107,2025-12-03,IQR,40108.0,2.725,XLI260320P00135000,0.005187731016146779,0.024447182413591673,0.011996627974839358,2862.4285714285716,be6d6ef7-01b3-4fa9-9964-3cac4caa1553,135.0,XLI
2025-12-03,284.15,280.7,271.01,278.78,2025-12-04,2026-01-02,2025-12-10,2,2025-12-03,IQR,36976.0,1.525,AAPL251205C00287500,-0.012141474573288735,-0.046243181418265,-0.01889846911842341,2638.714285714286,be6d6ef7-01b3-4fa9-9964-3cac4caa1553,287.5,AAPL
2025-12-03,80.69,80.75,80.67,80.73,2025-12-04,2026-01-02,2025-12-10,79,2025-12-03,IQR,35113.0,0.7050000000000001,HYG260220P00080000,0.0007435865658693697,-0.0002478621886230492,0.0004957243772463205,2505.6428571428573,be6d6ef7-01b3-4fa9-9964-3cac4caa1553,80.0,HYG
2025-12-03,284.15,280.7,271.01,278.78,2025-12-04,2026-01-02,2025-12-10,9,2025-12-03,IQR,33860.0,2.255,AAPL251212C00290000,-0.012141474573288735,-0.046243181418265,-0.01889846911842341,2416.1428571428573,be6d6ef7-01b3-4fa9-9964-3cac4caa1553,290.0,AAPL
2025-12-03,179.59,183.38,188.85,183.78,2025-12-04,2026-01-02,2025-12-10,2,2025-12-03,IQR,33785.0,0.315,NVDA251205C00190000,0.021103624923436648,0.05156189097388486,0.023330920429867952,2410.785714285714,be6d6ef7-01b3-4fa9-9964-3cac4caa1553,190.0,NVDA
2025-12-03,179.59,183.38,188.85,183.78,2025-12-04,2026-01-02,2025-12-10,2,2025-12-03,IQR,32306.0,1.255,NVDA251205C00185000,0.021103624923436648,0.05156189097388486,0.023330920429867952,2305.1428571428573,be6d6ef7-01b3-4fa9-9964-3cac4caa1553,185.0,NVDA
2025-12-03,14.67,14.82,13.18,14.72,2025-12-04,2026-01-02,2025-12-10,44,2025-12-03,Pre-Event,10000.0,0.785,PSKY260116P00015000,0.010224948875255713,-0.10156782549420584,0.0034083162917519783,3522.203049617917,be6d6ef7-01b3-4fa9-9964-3cac4caa1553,15.0,PSKY
2025-12-03,8.66,9.01,10.44,9.21,2025-12-04,2026-01-02,2025-12-10,44,2025-12-03,Pre-Event,3612.0,0.44499999999999995,TIGR260116C00010000,0.04041570438799069,0.20554272517321004,0.06351039260969982,1444.5606361829023,be6d6ef7-01b3-4fa9-9964-3cac4caa1553,10.0,TIGR
2025-12-03,14.67,14.82,13.18,14.72,2025-12-04,2026-01-02,2025-12-10,44,2025-12-03,Pre-Event,4268.0,0.465,PSKY260116P00014000,0.010224948875255713,-0.10156782549420584,0.0034083162917519783,1017.5145261823428,be6d6ef7-01b3-4fa9-9964-3cac4caa1553,14.0,PSKY
2025-12-03,57.4,48.48,61.0,52.85,2025-12-04,2026-01-02,2025-12-10,16,2025-12-03,Pre-Event,751.0,2.9000000000000004,BBW251219C00055000,-0.1554006968641115,0.06271777003484313,-0.07926829268292679,507.3972246313963,be6d6ef7-01b3-4fa9-9964-3cac4caa1553,55.0,BBW
2025-12-03,42.51,41.57,53.36,52.01,2025-12-04,2026-01-02,2025-12-10,16,2025-12-03,Pre-Event,2088.0,1.4249999999999998,VSCO251219P00038000,-0.02211244413079272,0.2552340625735121,0.2234768289814162,300.6197183098591,be6d6ef7-01b3-4fa9-9964-3cac4caa1553,38.0,VSCO
2025-12-03,1.07,1.13,0.9026,1.08,2025-12-04,2026-01-02,2025-12-10,107,2025-12-03,Pre-Event,407.0,0.05,DXLG260320C00002500,0.05607476635513997,-0.15644859813084122,0.009345794392523477,296.1346066393815,be6d6ef7-01b3-4fa9-9964-3cac4caa1553,2.5,DXLG
2025-12-03,4.56,4.69,5.12,5.42,2025-12-04,2026-01-02,2025-12-10,16,2025-12-03,Pre-Event,452.0,0.2,SFIX251219C00005000,0.028508771929824706,0.12280701754385981,0.1885964912280702,229.71303395399778,be6d6ef7-01b3-4fa9-9964-3cac4caa1553,5.0,SFIX
2025-12-03,1.447,1.6,1.25,1.28,2025-12-04,2026-01-02,2025-12-10,226,2025-12-03,Pre-Event,400.0,0.8,MNY260717C00002500,0.10573600552868001,-0.13614374568071874,-0.11541119557705604,200.0,be6d6ef7-01b3-4fa9-9964-3cac4caa1553,2.5,MNY
2025-12-03,11.46,11.84,11.42,12.12,2025-12-04,2026-01-02,2025-12-10,2,2025-12-03,Pre-Event,747.0,0.15000000000000002,STLA251205C00011000,0.03315881326352521,-0.003490401396160636,0.05759162303664911,175.38088935944944,be6d6ef7-01b3-4fa9-9964-3cac4caa1553,11.0,STLA
2025-12-03,9.59,9.58,8.82,9.19,2025-12-04,2026-01-02,2025-12-10,135,2025-12-03,Pre-Event,240.0,0.2,TK260417P00007500,-0.0010427528675703845,-0.08029197080291961,-0.04171011470281549,154.42359249329758,be6d6ef7-01b3-4fa9-9964-3cac4caa1553,7.5,TK
2025-12-04,80.75,80.75,,80.72,2025-12-05,,2025-12-11,43,2025-12-04,Z-Score,226872.0,0.065,HYG260116P00075000,0.0,,-0.00037151702786375473,261.615933135338,af7fd908-ecad-42de-aea4-045885ddac4c,75.0,HYG
2025-12-04,53.66,53.68,,54.87,2025-12-05,,2025-12-11,106,2025-12-04,Z-Score,99608.0,0.98,XLF260320C00056000,0.000372717107715248,,0.022549385016772394,114.83391648451403,af7fd908-ecad-42de-aea4-045885ddac4c,56.0,XLF
2025-12-04,80.75,80.75,,80.72,2025-12-05,,2025-12-11,15,2025-12-04,Z-Score,82842.0,0.015,HYG251219P00075000,0.0,,-0.00037151702786375473,95.49657606485322,af7fd908-ecad-42de-aea4-045885ddac4c,75.0,HYG
2025-12-04,155.01,154.58,,157.73,2025-12-05,,2025-12-11,43,2025-12-04,Z-Score,77968.0,0.7000000000000001,XLI260116P00130000,-0.002774014579704387,,0.01754725501580534,89.87506841810223,af7fd908-ecad-42de-aea4-045885ddac4c,130.0,XLI
2025-12-04,155.01,154.58,,157.73,2025-12-05,,2025-12-11,43,2025-12-04,Z-Score,62510.0,2.915,XLI260116P00147000,-0.002774014579704387,,0.01754725501580534,72.04633119949808,af7fd908-ecad-42de-aea4-045885ddac4c,147.0,XLI
2025-12-04,37.12,37.59,,37.01,2025-12-05,,2025-12-11,106,2025-12-04,Z-Score,61172.0,1.455,KWEB260320C00039000,0.012661637931034697,,-0.002963362068965525,70.50312700759147,af7fd908-ecad-42de-aea4-045885ddac4c,39.0,KWEB
2025-12-04,37.12,37.59,,37.01,2025-12-05,,2025-12-11,106,2025-12-04,Z-Score,60288.0,0.52,KWEB260320C00044000,0.012661637931034697,,-0.002963362068965525,69.48355114388039,af7fd908-ecad-42de-aea4-045885ddac4c,44.0,KWEB
2025-12-04,80.75,80.75,,80.72,2025-12-05,,2025-12-11,43,2025-12-04,Z-Score,52387.0,0.185,HYG260116P00079000,0.0,,-0.00037151702786375473,60.370803520372085,af7fd908-ecad-42de-aea4-045885ddac4c,79.0,HYG
2025-12-04,251.82,250.77,,257.8,2025-12-05,,2025-12-11,43,2025-12-04,Z-Score,48160.0,3.55,IWM260116P00240000,-0.004169644984512666,,0.023747120959415557,55.4955239096178,af7fd908-ecad-42de-aea4-045885ddac4c,240.0,IWM
2025-12-04,80.75,80.75,,80.72,2025-12-05,,2025-12-11,43,2025-12-04,IQR,226872.0,0.065,HYG260116P00075000,0.0,,-0.00037151702786375473,17449.26923076923,af7fd908-ecad-42de-aea4-045885ddac4c,75.0,HYG
2025-12-04,53.66,53.68,,54.87,2025-12-05,,2025-12-11,106,2025-12-04,IQR,99608.0,0.98,XLF260320C00056000,0.000372717107715248,,0.022549385016772394,7659.7307692307695,af7fd908-ecad-42de-aea4-045885ddac4c,56.0,XLF
2025-12-04,80.75,80.75,,80.72,2025-12-05,,2025-12-11,15,2025-12-04,IQR,82842.0,0.015,HYG251219P00075000,0.0,,-0.00037151702786375473,6370.038461538462,af7fd908-ecad-42de-aea4-045885ddac4c,75.0,HYG
2025-12-04,155.01,154.58,,157.73,2025-12-05,,2025-12-11,43,2025-12-04,IQR,77968.0,0.7000000000000001,XLI260116P00130000,-0.002774014579704387,,0.01754725501580534,5995.115384615385,af7fd908-ecad-42de-aea4-045885ddac4c,130.0,XLI
2025-12-04,155.01,154.58,,157.73,2025-12-05,,2025-12-11,43,2025-12-04,IQR,62510.0,2.915,XLI260116P00147000,-0.002774014579704387,,0.01754725501580534,4806.038461538462,af7fd908-ecad-42de-aea4-045885ddac4c,147.0,XLI
2025-12-04,37.12,37.59,,37.01,2025-12-05,,2025-12-11,106,2025-12-04,IQR,61172.0,1.455,KWEB260320C00039000,0.012661637931034697,,-0.002963362068965525,4703.115384615385,af7fd908-ecad-42de-aea4-045885ddac4c,39.0,KWEB
2025-12-04,37.12,37.59,,37.01,2025-12-05,,2025-12-11,106,2025-12-04,IQR,60288.0,0.52,KWEB260320C00044000,0.012661637931034697,,-0.002963362068965525,4635.115384615385,af7fd908-ecad-42de-aea4-045885ddac4c,44.0,KWEB
2025-12-04,80.75,80.75,,80.72,2025-12-05,,2025-12-11,43,2025-12-04,IQR,52387.0,0.185,HYG260116P00079000,0.0,,-0.00037151702786375473,4027.346153846154,af7fd908-ecad-42de-aea4-045885ddac4c,79.0,HYG
2025-12-04,251.82,250.77,,257.8,2025-12-05,,2025-12-11,43,2025-12-04,IQR,48160.0,3.55,IWM260116P00240000,-0.004169644984512666,,0.023747120959415557,3702.1923076923076,af7fd908-ecad-42de-aea4-045885ddac4c,240.0,IWM
2025-12-04,0.44,0.4154,,0.4499,2025-12-05,,2025-12-11,78,2025-12-04,Pre-Event,4230.0,0.07500000000000001,OPTT260220C00000500,-0.05590909090909091,,0.022499999999999964,323.90831152925455,af7fd908-ecad-42de-aea4-045885ddac4c,0.5,OPTT
2025-12-04,58.97,58.85,,60.92,2025-12-05,,2025-12-11,162,2025-12-04,Pre-Event,3014.0,1.525,BHP260515C00065000,-0.002034933016788143,,0.03306766152280827,256.68166752977726,af7fd908-ecad-42de-aea4-045885ddac4c,65.0,BHP
2025-12-04,218.72,220.06,,234.25,2025-12-05,,2025-12-11,15,2025-12-04,Pre-Event,6175.0,1.45,JBL251219P00180000,0.006126554498902648,,0.07100402340892464,212.92867927241355,af7fd908-ecad-42de-aea4-045885ddac4c,180.0,JBL
2025-12-04,6.16,5.9,,5.87,2025-12-05,,2025-12-11,43,2025-12-04,Pre-Event,584.0,0.625,NKLR260116C00007500,-0.04220779220779214,,-0.04707792207792205,189.753097751262,af7fd908-ecad-42de-aea4-045885ddac4c,7.5,NKLR
2025-12-04,2.29,2.35,,2.15,2025-12-05,,2025-12-11,15,2025-12-04,Pre-Event,700.0,0.275,GNSS251219C00002000,0.026200873362445476,,-0.06113537117903933,121.76178660049628,af7fd908-ecad-42de-aea4-045885ddac4c,2.0,GNSS
2025-12-04,29.87,30.3,,34.93,2025-12-05,,2025-12-11,15,2025-12-04,Pre-Event,575.0,2.2249999999999996,BRZE251219C00030000,0.014395714763977274,,0.16940073652494125,94.34754521963825,af7fd908-ecad-42de-aea4-045885ddac4c,30.0,BRZE
2025-12-04,29.36,29.6,,28.43,2025-12-05,,2025-12-11,196,2025-12-04,Pre-Event,1365.0,3.35,CPB260618P00031000,0.008174386920980936,,-0.03167574931880113,76.81624282198521,af7fd908-ecad-42de-aea4-045885ddac4c,31.0,CPB
2025-12-04,24.16,24.34,,23.71,2025-12-05,,2025-12-11,1,2025-12-04,Pre-Event,5766.0,0.3,HRL251205P00022500,0.007450331125827825,,-0.018625827814569562,69.94194608409906,af7fd908-ecad-42de-aea4-045885ddac4c,22.5,HRL
2025-12-04,41.57,49.05,,52.75,2025-12-05,,2025-12-11,15,2025-12-04,Pre-Event,263.0,2.4,VSCO251219P00042000,0.17993745489535717,,0.26894394996391635,68.41508465879937,af7fd908-ecad-42de-aea4-045885ddac4c,42.0,VSCO
2025-12-04,7.53,7.76,,7.47,2025-12-05,,2025-12-11,15,2025-12-04,Pre-Event,229.0,0.4,PLCE251219C00010000,0.030544488711819362,,-0.007968127490039945,56.62213359920239,af7fd908-ecad-42de-aea4-045885ddac4c,10.0,PLCE
2025-12-05,386.44,385.42,,395.44,2025-12-08,,2025-12-12,42,2025-12-05,Z-Score,108519.0,6.05,GLD260116C00400000,-0.0026394783148742107,,0.023289514543007872,120.82890653251485,0af3790b-885b-4803-99f9-2d7e3a2d4f50,400.0,GLD
2025-12-05,386.44,385.42,,395.44,2025-12-08,,2025-12-12,42,2025-12-05,Z-Score,107050.0,2.7199999999999998,GLD260116C00415000,-0.0026394783148742107,,0.023289514543007872,119.19265003243407,0af3790b-885b-4803-99f9-2d7e3a2d4f50,415.0,GLD
2025-12-05,7.91,8.03,,7.31,2025-12-08,,2025-12-12,105,2025-12-05,Z-Score,102426.0,0.41000000000000003,SNAP260320C00010000,0.015170670037926604,,-0.07585335018963346,114.04217347942281,0af3790b-885b-4803-99f9-2d7e3a2d4f50,10.0,SNAP
2025-12-05,12.9,12.81,,12.69,2025-12-08,,2025-12-12,105,2025-12-05,Z-Score,84817.0,1.5750000000000002,VALE260320C00012000,-0.006976744186046546,,-0.016279069767441978,94.42825876878804,0af3790b-885b-4803-99f9-2d7e3a2d4f50,12.0,VALE
2025-12-05,37.59,37.54,,36.89,2025-12-08,,2025-12-12,105,2025-12-05,Z-Score,75441.0,1.43,KWEB260320C00039000,-0.00133014099494555,,-0.01862197392923659,83.98473191735346,0af3790b-885b-4803-99f9-2d7e3a2d4f50,39.0,KWEB
2025-12-05,37.59,37.54,,36.89,2025-12-08,,2025-12-12,105,2025-12-05,Z-Score,74972.0,0.5,KWEB260320C00044000,-0.00133014099494555,,-0.01862197392923659,83.46233280330452,0af3790b-885b-4803-99f9-2d7e3a2d4f50,44.0,KWEB
2025-12-05,250.77,250.87,,253.85,2025-12-08,,2025-12-12,26,2025-12-05,Z-Score,73931.0,0.74,IWM251231P00230000,0.0003987717829085913,,0.012282170913586077,82.30280726444538,0af3790b-885b-4803-99f9-2d7e3a2d4f50,230.0,IWM
2025-12-05,5.06,5.09,,5.15,2025-12-08,,2025-12-12,42,2025-12-05,Z-Score,52509.0,3.65,HTZ260116P00009000,0.005928853754940677,,0.017786561264822254,58.441754340871164,0af3790b-885b-4803-99f9-2d7e3a2d4f50,9.0,HTZ
2025-12-05,5.06,5.09,,5.15,2025-12-08,,2025-12-12,42,2025-12-05,Z-Score,52310.0,0.07500000000000001,HTZ260116C00009000,0.005928853754940677,,0.017786561264822254,58.22009672105082,0af3790b-885b-4803-99f9-2d7e3a2d4f50,9.0,HTZ
2025-12-05,80.75,80.55,,80.57,2025-12-08,,2025-12-12,161,2025-12-05,Z-Score,50001.0,0.125,HYG260515P00060000,-0.002476780185758587,,-0.0022291021671827504,55.64820001670329,0af3790b-885b-4803-99f9-2d7e3a2d4f50,60.0,HYG
2025-12-05,386.44,385.42,,395.44,2025-12-08,,2025-12-12,42,2025-12-05,IQR,108519.0,6.05,GLD260116C00400000,-0.0026394783148742107,,0.023289514543007872,8345.192307692309,0af3790b-885b-4803-99f9-2d7e3a2d4f50,400.0,GLD
2025-12-05,386.44,385.42,,395.44,2025-12-08,,2025-12-12,42,2025-12-05,IQR,107050.0,2.7199999999999998,GLD260116C00415000,-0.0026394783148742107,,0.023289514543007872,8232.192307692309,0af3790b-885b-4803-99f9-2d7e3a2d4f50,415.0,GLD
2025-12-05,7.91,8.03,,7.31,2025-12-08,,2025-12-12,105,2025-12-05,IQR,102426.0,0.41000000000000003,SNAP260320C00010000,0.015170670037926604,,-0.07585335018963346,7876.5,0af3790b-885b-4803-99f9-2d7e3a2d4f50,10.0,SNAP
2025-12-05,12.9,12.81,,12.69,2025-12-08,,2025-12-12,105,2025-12-05,IQR,84817.0,1.5750000000000002,VALE260320C00012000,-0.006976744186046546,,-0.016279069767441978,6521.961538461538,0af3790b-885b-4803-99f9-2d7e3a2d4f50,12.0,VALE
2025-12-05,37.59,37.54,,36.89,2025-12-08,,2025-12-12,105,2025-12-05,IQR,75441.0,1.43,KWEB260320C00039000,-0.00133014099494555,,-0.01862197392923659,5800.7307692307695,0af3790b-885b-4803-99f9-2d7e3a2d4f50,39.0,KWEB
2025-12-05,37.59,37.54,,36.89,2025-12-08,,2025-12-12,105,2025-12-05,IQR,74972.0,0.5,KWEB260320C00044000,-0.00133014099494555,,-0.01862197392923659,5764.653846153846,0af3790b-885b-4803-99f9-2d7e3a2d4f50,44.0,KWEB
2025-12-05,250.77,250.87,,253.85,2025-12-08,,2025-12-12,26,2025-12-05,IQR,73931.0,0.74,IWM251231P00230000,0.0003987717829085913,,0.012282170913586077,5684.576923076923,0af3790b-885b-4803-99f9-2d7e3a2d4f50,230.0,IWM
2025-12-05,5.06,5.09,,5.15,2025-12-08,,2025-12-12,42,2025-12-05,IQR,52509.0,3.65,HTZ260116P00009000,0.005928853754940677,,0.017786561264822254,4036.730769230769,0af3790b-885b-4803-99f9-2d7e3a2d4f50,9.0,HTZ
2025-12-05,5.06,5.09,,5.15,2025-12-08,,2025-12-12,42,2025-12-05,IQR,52310.0,0.07500000000000001,HTZ260116C00009000,0.005928853754940677,,0.017786561264822254,4021.423076923077,0af3790b-885b-4803-99f9-2d7e3a2d4f50,9.0,HTZ
2025-12-05,80.75,80.55,,80.57,2025-12-08,,2025-12-12,161,2025-12-05,IQR,50001.0,0.125,HYG260515P00060000,-0.002476780185758587,,-0.0022291021671827504,3843.8076923076924,0af3790b-885b-4803-99f9-2d7e3a2d4f50,60.0,HYG
2025-12-05,13.365,14.57,,13.74,2025-12-08,,2025-12-12,14,2025-12-05,Pre-Event,11516.0,0.62,PSKY251219C00015000,0.09016086793864564,,0.02805836139169471,8112.014192428187,0af3790b-885b-4803-99f9-2d7e3a2d4f50,15.0,PSKY
2025-12-05,12.05,11.94,,11.78,2025-12-08,,2025-12-12,7,2025-12-05,Pre-Event,4829.0,0.3,STLA251212C00012000,-0.00912863070539427,,-0.02240663900414952,1514.3999056826221,0af3790b-885b-4803-99f9-2d7e3a2d4f50,12.0,STLA
2025-12-05,201.71,212.93,,218.44,2025-12-08,,2025-12-12,42,2025-12-05,Pre-Event,6934.0,1.65,CIEN260116P00120000,0.0556244112835258,,0.08294085568390264,613.2957096214672,0af3790b-885b-4803-99f9-2d7e3a2d4f50,120.0,CIEN
2025-12-05,1.57,1.41,,1.26,2025-12-08,,2025-12-12,777,2025-12-05,Pre-Event,10013.0,0.42500000000000004,NFE280121P00001000,-0.1019108280254778,,-0.19745222929936312,548.9870425289921,0af3790b-885b-4803-99f9-2d7e3a2d4f50,1.0,NFE
2025-12-05,12.77,12.95,,18.24,2025-12-08,,2025-12-12,42,2025-12-05,Pre-Event,6101.0,1.15,PL260116C00015000,0.014095536413468945,,0.4283476898981988,455.7970399476097,0af3790b-885b-4803-99f9-2d7e3a2d4f50,15.0,PL
2025-12-05,1.22,1.15,,1.02,2025-12-08,,2025-12-12,14,2025-12-05,Pre-Event,3733.0,0.1,PMCB251219C00002500,-0.05737704918032793,,-0.16393442622950816,348.20180887000106,0af3790b-885b-4803-99f9-2d7e3a2d4f50,2.5,PMCB
2025-12-05,2.35,2.36,,2.11,2025-12-08,,2025-12-12,14,2025-12-05,Pre-Event,891.0,0.275,GNSS251219C00002000,0.004255319148936065,,-0.10212765957446812,200.22235349716448,0af3790b-885b-4803-99f9-2d7e3a2d4f50,2.0,GNSS
2025-12-05,3.85,3.78,,3.77,2025-12-08,,2025-12-12,14,2025-12-05,Pre-Event,165.0,0.1,CULP251219C00005000,-0.0181818181818183,,-0.020779220779220786,165.0,0af3790b-885b-4803-99f9-2d7e3a2d4f50,5.0,CULP
2025-12-05,1.57,1.41,,1.26,2025-12-08,,2025-12-12,42,2025-12-05,Pre-Event,4543.0,0.375,NFE260116C00001500,-0.1019108280254778,,-0.19745222929936312,154.11827014041685,0af3790b-885b-4803-99f9-2d7e3a2d4f50,1.5,NFE
2025-12-05,1.14,1.125,,1.14,2025-12-08,,2025-12-12,42,2025-12-05,Pre-Event,2166.0,0.05,DXLG260116C00002500,-0.013157894736842035,,0.0,149.70514033427938,0af3790b-885b-4803-99f9-2d7e3a2d4f50,2.5,DXLG
2025-12-08,14.86,15.03,,15.33,2025-12-09,,2025-12-15,158,2025-12-08,Z-Score,85868.0,0.91,AAL260515P00013000,0.01144010767160153,,0.031628532974428136,108.23723958847884,2d272a22-5dc3-4572-b7f0-6120306fb1ac,13.0,AAL
2025-12-08,185.55,184.97,,176.29,2025-12-09,,2025-12-15,4,2025-12-08,Z-Score,75791.0,0.985,NVDA251212C00190000,-0.0031258420910806883,,-0.04990568579897614,95.52704755979066,2d272a22-5dc3-4572-b7f0-6120306fb1ac,190.0,NVDA
2025-12-08,185.55,184.97,,176.29,2025-12-09,,2025-12-15,4,2025-12-08,Z-Score,71421.0,2.495,NVDA251212C00185000,-0.0031258420910806883,,-0.04990568579897614,90.01513536713736,2d272a22-5dc3-4572-b7f0-6120306fb1ac,185.0,NVDA
2025-12-08,80.55,80.46,,80.61,2025-12-09,,2025-12-15,74,2025-12-08,Z-Score,65832.0,0.44999999999999996,HYG260220P00079000,-0.0011173184357542443,,0.0007448789571695702,82.9656897733755,2d272a22-5dc3-4572-b7f0-6120306fb1ac,79.0,HYG
2025-12-08,80.55,80.46,,80.61,2025-12-09,,2025-12-15,74,2025-12-08,Z-Score,62065.0,0.13,HYG260220P00075000,-0.0011173184357542443,,0.0007448789571695702,78.21434578488007,2d272a22-5dc3-4572-b7f0-6120306fb1ac,75.0,HYG
2025-12-08,80.55,80.46,,80.61,2025-12-09,,2025-12-15,39,2025-12-08,Z-Score,52521.0,0.29500000000000004,HYG260116P00080000,-0.0011173184357542443,,0.0007448789571695702,66.17643046069628,2d272a22-5dc3-4572-b7f0-6120306fb1ac,80.0,HYG
2025-12-08,183.69,188.99,,162.08,2025-12-09,,2025-12-15,4,2025-12-08,Z-Score,51239.0,0.015,MSTR251212C00540000,0.028852958789264527,,-0.11764385649735964,64.55943470989959,2d272a22-5dc3-4572-b7f0-6120306fb1ac,540.0,MSTR
2025-12-08,439.58,445.17,,475.31,2025-12-09,,2025-12-15,4,2025-12-08,Z-Score,42065.0,0.005,TSLA251212P00160000,0.012716684107557219,,0.08128213294508391,52.988203026741374,2d272a22-5dc3-4572-b7f0-6120306fb1ac,160.0,TSLA
2025-12-08,14.86,15.03,,15.33,2025-12-09,,2025-12-15,158,2025-12-08,IQR,85868.0,0.91,AAL260515P00013000,0.01144010767160153,,0.031628532974428136,5722.1,2d272a22-5dc3-4572-b7f0-6120306fb1ac,13.0,AAL
2025-12-08,185.55,184.97,,176.29,2025-12-09,,2025-12-15,4,2025-12-08,IQR,75791.0,0.985,NVDA251212C00190000,-0.0031258420910806883,,-0.04990568579897614,5050.3,2d272a22-5dc3-4572-b7f0-6120306fb1ac,190.0,NVDA
2025-12-08,185.55,184.97,,176.29,2025-12-09,,2025-12-15,4,2025-12-08,IQR,71421.0,2.495,NVDA251212C00185000,-0.0031258420910806883,,-0.04990568579897614,4758.966666666666,2d272a22-5dc3-4572-b7f0-6120306fb1ac,185.0,NVDA
2025-12-08,80.55,80.46,,80.61,2025-12-09,,2025-12-15,74,2025-12-08,IQR,65832.0,0.44999999999999996,HYG260220P00079000,-0.0011173184357542443,,0.0007448789571695702,4386.366666666667,2d272a22-5dc3-4572-b7f0-6120306fb1ac,79.0,HYG
2025-12-08,80.55,80.46,,80.61,2025-12-09,,2025-12-15,74,2025-12-08,IQR,62065.0,0.13,HYG260220P00075000,-0.0011173184357542443,,0.0007448789571695702,4135.233333333334,2d272a22-5dc3-4572-b7f0-6120306fb1ac,75.0,HYG
2025-12-08,80.55,80.46,,80.61,2025-12-09,,2025-12-15,39,2025-12-08,IQR,52521.0,0.29500000000000004,HYG260116P00080000,-0.0011173184357542443,,0.0007448789571695702,3498.9666666666667,2d272a22-5dc3-4572-b7f0-6120306fb1ac,80.0,HYG
2025-12-08,183.69,188.99,,162.08,2025-12-09,,2025-12-15,4,2025-12-08,IQR,51239.0,0.015,MSTR251212C00540000,0.028852958789264527,,-0.11764385649735964,3413.5,2d272a22-5dc3-4572-b7f0-6120306fb1ac,540.0,MSTR
2025-12-08,439.58,445.17,,475.31,2025-12-09,,2025-12-15,4,2025-12-08,IQR,42065.0,0.005,TSLA251212P00160000,0.012716684107557219,,0.08128213294508391,2801.9,2d272a22-5dc3-4572-b7f0-6120306fb1ac,160.0,TSLA
2025-12-08,30.03,30.65,,33.12,2025-12-09,,2025-12-15,11,2025-12-08,Pre-Event,8042.0,0.25,BRZE251219C00037500,0.020646020646020613,,0.10289710289710285,2497.7614195764163,2d272a22-5dc3-4572-b7f0-6120306fb1ac,37.5,BRZE
2025-12-08,50.52,51.56,,55.43,2025-12-09,,2025-12-15,11,2025-12-08,Pre-Event,2012.0,0.65,CNM251219P00045000,0.02058590657165471,,0.09718923198733176,1790.8132450331125,2d272a22-5dc3-4572-b7f0-6120306fb1ac,45.0,CNM
2025-12-08,30.03,30.65,,33.12,2025-12-09,,2025-12-15,11,2025-12-08,Pre-Event,6356.0,0.45,BRZE251219C00035000,0.020646020646020613,,0.10289710289710285,1583.6032818164472,2d272a22-5dc3-4572-b7f0-6120306fb1ac,35.0,BRZE
2025-12-08,1.41,1.39,,1.19,2025-12-09,,2025-12-15,11,2025-12-08,Pre-Event,17706.0,0.15,NFE251219P00001000,-0.014184397163120588,,-0.15602836879432624,1329.0815047400513,2d272a22-5dc3-4572-b7f0-6120306fb1ac,1.0,NFE
2025-12-08,1.15,1.11,,0.9419,2025-12-09,,2025-12-15,11,2025-12-08,Pre-Event,5741.0,0.07500000000000001,PMCB251219C00002500,-0.03478260869565197,,-0.18095652173913046,1141.9332140592444,2d272a22-5dc3-4572-b7f0-6120306fb1ac,2.5,PMCB
2025-12-08,17.77,17.97,,19.53,2025-12-09,,2025-12-15,11,2025-12-08,Pre-Event,772.0,1.025,PLAY251219C00019000,0.011254924029262758,,0.09904333145751276,427.06382978723406,2d272a22-5dc3-4572-b7f0-6120306fb1ac,19.0,PLAY
2025-12-08,39.26,39.03,,40.92,2025-12-09,,2025-12-15,130,2025-12-08,Pre-Event,3469.0,4.45,KMX260417P00037500,-0.00585838003056538,,0.042282221090168104,217.0834672379932,2d272a22-5dc3-4572-b7f0-6120306fb1ac,37.5,KMX
2025-12-08,5.64,5.68,,5.15,2025-12-09,,2025-12-15,39,2025-12-08,Pre-Event,553.0,0.725,NKLR260116C00007500,0.007092198581560183,,-0.08687943262411335,191.43629583592292,2d272a22-5dc3-4572-b7f0-6120306fb1ac,7.5,NKLR
2025-12-08,4.66,4.8,,4.11,2025-12-09,,2025-12-15,39,2025-12-08,Pre-Event,1257.0,0.1,IMPP260116C00006000,0.030042918454935563,,-0.11802575107296132,164.369156626506,2d272a22-5dc3-4572-b7f0-6120306fb1ac,6.0,IMPP
2025-12-08,9.96,10.0,,9.63,2025-12-09,,2025-12-15,11,2025-12-08,Pre-Event,289.0,0.3,EC251219P00010000,0.00401606425702794,,-0.033132530120481896,159.7946287519747,2d272a22-5dc3-4572-b7f0-6120306fb1ac,10.0,EC
2025-12-09,80.46,80.73,,80.66,2025-12-10,,2025-12-16,191,2025-12-09,Z-Score,70086.0,0.135,HYG260618P00060000,0.003355704697986628,,0.002485707183693897,118.21436391627691,f710b07e-0b6b-4057-b9ac-344a87693068,60.0,HYG
2025-12-09,80.46,80.73,,80.66,2025-12-10,,2025-12-16,10,2025-12-09,Z-Score,60600.0,0.125,HYG251219P00079500,0.003355704697986628,,0.002485707183693897,102.20365170523837,f710b07e-0b6b-4057-b9ac-344a87693068,79.5,HYG
2025-12-09,80.46,80.73,,80.66,2025-12-10,,2025-12-16,73,2025-12-09,Z-Score,55614.0,0.31,HYG260220C00081000,0.003355704697986628,,0.002485707183693897,93.78815401556537,f710b07e-0b6b-4057-b9ac-344a87693068,81.0,HYG
2025-12-09,80.46,80.73,,80.66,2025-12-10,,2025-12-16,73,2025-12-09,Z-Score,50123.0,0.12000000000000001,HYG260220P00075000,0.003355704697986628,,0.002485707183693897,84.52030447405023,f710b07e-0b6b-4057-b9ac-344a87693068,75.0,HYG
2025-12-09,80.46,80.73,,80.66,2025-12-10,,2025-12-16,73,2025-12-09,Z-Score,47635.0,0.425,HYG260220P00079000,0.003355704697986628,,0.002485707183693897,80.32099475645968,f710b07e-0b6b-4057-b9ac-344a87693068,79.0,HYG
2025-12-09,80.46,80.73,,80.66,2025-12-10,,2025-12-16,73,2025-12-09,Z-Score,45370.0,0.049999999999999996,HYG260220C00082000,0.003355704697986628,,0.002485707183693897,76.49807011403904,f710b07e-0b6b-4057-b9ac-344a87693068,82.0,HYG
2025-12-09,49.47,48.98,,44.57,2025-12-10,,2025-12-16,38,2025-12-09,Z-Score,41043.0,2.295,U260116C00055000,-0.00990499292500513,,-0.09904992925005052,69.19484939538378,f710b07e-0b6b-4057-b9ac-344a87693068,55.0,U
2025-12-09,184.97,183.78,,177.72,2025-12-10,,2025-12-16,17,2025-12-09,Z-Score,36823.0,0.51,NVDA251226P00160000,-0.006433475698761959,,-0.03919554522354973,62.07222599979211,f710b07e-0b6b-4057-b9ac-344a87693068,160.0,NVDA
2025-12-09,251.39,254.81,,249.87,2025-12-10,,2025-12-16,38,2025-12-09,Z-Score,35499.0,2.87,IWM260116P00239000,0.013604359759735951,,-0.006046382115438065,59.83754510506145,f710b07e-0b6b-4057-b9ac-344a87693068,239.0,IWM
2025-12-09,80.46,80.73,,80.66,2025-12-10,,2025-12-16,10,2025-12-09,Z-Score,34070.0,0.165,HYG251219P00080000,0.003355704697986628,,0.002485707183693897,57.4256425381656,f710b07e-0b6b-4057-b9ac-344a87693068,80.0,HYG
2025-12-09,80.46,80.73,,80.66,2025-12-10,,2025-12-16,191,2025-12-09,IQR,70086.0,0.135,HYG260618P00060000,0.003355704697986628,,0.002485707183693897,5003.714285714285,f710b07e-0b6b-4057-b9ac-344a87693068,60.0,HYG
2025-12-09,80.46,80.73,,80.66,2025-12-10,,2025-12-16,10,2025-12-09,IQR,60600.0,0.125,HYG251219P00079500,0.003355704697986628,,0.002485707183693897,4326.142857142857,f710b07e-0b6b-4057-b9ac-344a87693068,79.5,HYG
2025-12-09,80.46,80.73,,80.66,2025-12-10,,2025-12-16,73,2025-12-09,IQR,55614.0,0.31,HYG260220C00081000,0.003355704697986628,,0.002485707183693897,3970.0,f710b07e-0b6b-4057-b9ac-344a87693068,81.0,HYG
2025-12-09,80.46,80.73,,80.66,2025-12-10,,2025-12-16,73,2025-12-09,IQR,50123.0,0.12000000000000001,HYG260220P00075000,0.003355704697986628,,0.002485707183693897,3577.785714285714,f710b07e-0b6b-4057-b9ac-344a87693068,75.0,HYG
2025-12-09,80.46,80.73,,80.66,2025-12-10,,2025-12-16,73,2025-12-09,IQR,47635.0,0.425,HYG260220P00079000,0.003355704697986628,,0.002485707183693897,3400.0714285714284,f710b07e-0b6b-4057-b9ac-344a87693068,79.0,HYG
2025-12-09,80.46,80.73,,80.66,2025-12-10,,2025-12-16,73,2025-12-09,IQR,45370.0,0.049999999999999996,HYG260220C00082000,0.003355704697986628,,0.002485707183693897,3238.285714285714,f710b07e-0b6b-4057-b9ac-344a87693068,82.0,HYG
2025-12-09,49.47,48.98,,44.57,2025-12-10,,2025-12-16,38,2025-12-09,IQR,41043.0,2.295,U260116C00055000,-0.00990499292500513,,-0.09904992925005052,2929.214285714286,f710b07e-0b6b-4057-b9ac-344a87693068,55.0,U
2025-12-09,184.97,183.78,,177.72,2025-12-10,,2025-12-16,17,2025-12-09,IQR,36823.0,0.51,NVDA251226P00160000,-0.006433475698761959,,-0.03919554522354973,2627.785714285714,f710b07e-0b6b-4057-b9ac-344a87693068,160.0,NVDA
2025-12-09,251.39,254.81,,249.87,2025-12-10,,2025-12-16,38,2025-12-09,IQR,35499.0,2.87,IWM260116P00239000,0.013604359759735951,,-0.006046382115438065,2533.214285714286,f710b07e-0b6b-4057-b9ac-344a87693068,239.0,IWM
2025-12-09,80.46,80.73,,80.66,2025-12-10,,2025-12-16,10,2025-12-09,IQR,34070.0,0.165,HYG251219P00080000,0.003355704697986628,,0.002485707183693897,2431.1428571428573,f710b07e-0b6b-4057-b9ac-344a87693068,80.0,HYG
2025-12-09,25.69,37.35,,34.36,2025-12-10,,2025-12-16,38,2025-12-09,Pre-Event,4820.0,2.5250000000000004,PLAB260116C00025000,0.45387310237446465,,0.3374854028804981,2950.2026395095077,f710b07e-0b6b-4057-b9ac-344a87693068,25.0,PLAB
2025-12-09,1.39,1.36,,1.17,2025-12-10,,2025-12-16,773,2025-12-09,Pre-Event,10876.0,0.7250000000000001,NFE280121P00001000,-0.021582733812949506,,-0.15827338129496404,2042.0405699106493,f710b07e-0b6b-4057-b9ac-344a87693068,1.0,NFE
2025-12-09,12.84,12.94,,17.88,2025-12-10,,2025-12-16,773,2025-12-09,Pre-Event,2728.0,6.2,PL280121C00015000,0.007788161993769416,,0.39252336448598135,682.2484517304189,f710b07e-0b6b-4057-b9ac-344a87693068,15.0,PL
2025-12-09,1.11,1.04,,0.95,2025-12-10,,2025-12-16,129,2025-12-09,Pre-Event,1498.0,0.2,PMCB260417C00002500,-0.06306306306306309,,-0.14414414414414423,440.98492855744763,f710b07e-0b6b-4057-b9ac-344a87693068,2.5,PMCB
2025-12-09,13.95,13.74,,13.75,2025-12-10,,2025-12-16,10,2025-12-09,Pre-Event,977.0,0.175,LOVE251219C00017500,-0.01505376344086018,,-0.014336917562723928,385.10022438294686,f710b07e-0b6b-4057-b9ac-344a87693068,17.5,LOVE
2025-12-09,25.51,26.28,,28.2,2025-12-10,,2025-12-16,129,2025-12-09,Pre-Event,11027.0,1.645,CCL260417P00024000,0.030184241473931728,,0.10544884359074858,278.1437684690171,f710b07e-0b6b-4057-b9ac-344a87693068,24.0,CCL
2025-12-09,4.44,4.43,,4.12,2025-12-10,,2025-12-16,10,2025-12-09,Pre-Event,346.0,0.025,LPL251219C00005000,-0.0022522522522524513,,-0.07207207207207211,172.5929411764706,f710b07e-0b6b-4057-b9ac-344a87693068,5.0,LPL
2025-12-09,5.19,5.27,,5.15,2025-12-10,,2025-12-16,129,2025-12-09,Pre-Event,1336.0,0.275,VZLA260417C00007500,0.015414258188824581,,-0.0077071290944122905,121.20508967037367,f710b07e-0b6b-4057-b9ac-344a87693068,7.5,VZLA
2025-12-09,5.19,5.27,,5.15,2025-12-10,,2025-12-16,374,2025-12-09,Pre-Event,1039.0,1.475,VZLA261218C00005000,0.015414258188824581,,-0.0077071290944122905,112.26946197775773,f710b07e-0b6b-4057-b9ac-344a87693068,5.0,VZLA
2025-12-09,13.75,13.97,,12.9,2025-12-10,,2025-12-16,10,2025-12-09,Pre-Event,767.0,1.0,NAVN251219C00015000,0.016000000000000014,,-0.06181818181818177,109.40946045824093,f710b07e-0b6b-4057-b9ac-344a87693068,15.0,NAVN
2025-12-10,111.0,110.84,,110.43,2025-12-11,,2025-12-17,282,2025-12-10,Z-Score,40000.0,0.7050000000000001,LQD260918P00060000,-0.0014414414414414267,,-0.005135135135135083,75.99327623672212,2bf5e007-e3ff-4fa7-bdc8-b15cd3609ae8,60.0,LQD
2025-12-10,32.77,33.16,,31.0,2025-12-11,,2025-12-17,373,2025-12-10,Z-Score,34841.0,4.2,EWZ261218C00033000,0.01190112908147678,,-0.05401281660054935,66.1815707303399,2bf5e007-e3ff-4fa7-bdc8-b15cd3609ae8,33.0,EWZ
2025-12-10,56.07,57.62,,60.26,2025-12-11,,2025-12-17,100,2025-12-10,Z-Score,34691.0,5.95,SLV260320C00053000,0.027644016408061356,,0.07472801854824329,65.8962914463784,2bf5e007-e3ff-4fa7-bdc8-b15cd3609ae8,53.0,SLV
2025-12-10,78.22,78.8,,79.65,2025-12-11,,2025-12-17,190,2025-12-10,Z-Score,30000.0,0.1,XLP260618P00045000,0.007414983380209739,,0.018281769368448053,56.97465730595603,2bf5e007-e3ff-4fa7-bdc8-b15cd3609ae8,45.0,XLP
2025-12-10,55.14,54.88,,52.6,2025-12-11,,2025-12-17,37,2025-12-10,Z-Score,28316.0,0.47,EEM260116C00056000,-0.004715270221254952,,-0.04606456293072181,53.771921878015014,2bf5e007-e3ff-4fa7-bdc8-b15cd3609ae8,56.0,EEM
2025-12-10,29.53,29.49,,28.21,2025-12-11,,2025-12-17,37,2025-12-10,Z-Score,27927.0,0.765,WBD260116C00029000,-0.0013545546901456706,,-0.044700304774805244,53.032097601608214,2bf5e007-e3ff-4fa7-bdc8-b15cd3609ae8,29.0,WBD
2025-12-10,27.58,27.6,,30.32,2025-12-11,,2025-12-17,44,2025-12-10,Z-Score,27238.0,0.27,CMCSA260123P00024000,0.0007251631617115617,,0.09934735315445975,51.721714757278434,2bf5e007-e3ff-4fa7-bdc8-b15cd3609ae8,24.0,CMCSA
2025-12-10,111.0,110.84,,110.43,2025-12-11,,2025-12-17,282,2025-12-10,IQR,40000.0,0.7050000000000001,LQD260918P00060000,-0.0014414414414414267,,-0.005135135135135083,3330.9166666666665,2bf5e007-e3ff-4fa7-bdc8-b15cd3609ae8,60.0,LQD
2025-12-10,32.77,33.16,,31.0,2025-12-11,,2025-12-17,373,2025-12-10,IQR,34841.0,4.2,EWZ261218C00033000,0.01190112908147678,,-0.05401281660054935,2901.0,2bf5e007-e3ff-4fa7-bdc8-b15cd3609ae8,33.0,EWZ
2025-12-10,56.07,57.62,,60.26,2025-12-11,,2025-12-17,100,2025-12-10,IQR,34691.0,5.95,SLV260320C00053000,0.027644016408061356,,0.07472801854824329,2888.5,2bf5e007-e3ff-4fa7-bdc8-b15cd3609ae8,53.0,SLV
2025-12-10,78.22,78.8,,79.65,2025-12-11,,2025-12-17,190,2025-12-10,IQR,30000.0,0.1,XLP260618P00045000,0.007414983380209739,,0.018281769368448053,2497.5833333333335,2bf5e007-e3ff-4fa7-bdc8-b15cd3609ae8,45.0,XLP
2025-12-10,55.14,54.88,,52.6,2025-12-11,,2025-12-17,37,2025-12-10,IQR,28316.0,0.47,EEM260116C00056000,-0.004715270221254952,,-0.04606456293072181,2357.25,2bf5e007-e3ff-4fa7-bdc8-b15cd3609ae8,56.0,EEM
2025-12-10,29.53,29.49,,28.21,2025-12-11,,2025-12-17,37,2025-12-10,IQR,27927.0,0.765,WBD260116C00029000,-0.0013545546901456706,,-0.044700304774805244,2324.8333333333335,2bf5e007-e3ff-4fa7-bdc8-b15cd3609ae8,29.0,WBD
2025-12-10,27.58,27.6,,30.32,2025-12-11,,2025-12-17,44,2025-12-10,IQR,27238.0,0.27,CMCSA260123P00024000,0.0007251631617115617,,0.09934735315445975,2267.4166666666665,2bf5e007-e3ff-4fa7-bdc8-b15cd3609ae8,24.0,CMCSA
2025-12-10,1.36,1.3,,1.3,2025-12-11,,2025-12-17,9,2025-12-10,Pre-Event,10582.0,0.15000000000000002,NFE251219P00001000,-0.044117647058823595,,-0.044117647058823595,4815.554817526512,2bf5e007-e3ff-4fa7-bdc8-b15cd3609ae8,1.0,NFE
2025-12-10,9.81,9.81,,9.35,2025-12-11,,2025-12-17,37,2025-12-10,Pre-Event,5056.0,0.075,EC260116C00012000,0.0,,-0.04689092762487268,3836.1878469617404,2bf5e007-e3ff-4fa7-bdc8-b15cd3609ae8,12.0,EC
2025-12-10,5.27,5.36,,5.19,2025-12-11,,2025-12-17,219,2025-12-10,Pre-Event,5032.0,0.525,VZLA260717C00007500,0.01707779886148031,,-0.015180265654648806,1968.0416019869604,2bf5e007-e3ff-4fa7-bdc8-b15cd3609ae8,7.5,VZLA
2025-12-10,1.04,1.02,,0.8248,2025-12-11,,2025-12-17,128,2025-12-10,Pre-Event,1350.0,0.175,PMCB260417C00002500,-0.019230769230769273,,-0.206923076923077,598.5532047293092,2bf5e007-e3ff-4fa7-bdc8-b15cd3609ae8,2.5,PMCB
2025-12-10,12.12,11.8,,11.67,2025-12-11,,2025-12-17,9,2025-12-10,Pre-Event,1626.0,0.225,STLA251219C00012000,-0.026402640264026278,,-0.03712871287128705,593.8683055311676,2bf5e007-e3ff-4fa7-bdc8-b15cd3609ae8,12.0,STLA
2025-12-10,2.65,2.7,,2.58,2025-12-11,,2025-12-17,190,2025-12-10,Pre-Event,1335.0,1.625,LU260618P00004000,0.018867924528301883,,-0.026415094339622636,262.0919117647059,2bf5e007-e3ff-4fa7-bdc8-b15cd3609ae8,4.0,LU
2025-12-10,12.12,11.8,,11.67,2025-12-11,,2025-12-17,100,2025-12-10,Pre-Event,1171.0,0.42500000000000004,STLA260320P00010000,-0.026402640264026278,,-0.03712871287128705,245.30342405618958,2bf5e007-e3ff-4fa7-bdc8-b15cd3609ae8,10.0,STLA
2025-12-10,6.96,7.04,,6.47,2025-12-11,,2025-12-17,156,2025-12-10,Pre-Event,1983.0,1.2,IMMR260515P00007500,0.011494252873563315,,-0.0704022988505747,178.53752553916001,2bf5e007-e3ff-4fa7-bdc8-b15cd3609ae8,7.5,IMMR
2025-12-10,15.39,15.78,,15.28,2025-12-11,,2025-12-17,2,2025-12-10,Pre-Event,330.0,0.55,MANU251212C00017500,0.02534113060428833,,-0.007147498375568606,172.58320126782885,2bf5e007-e3ff-4fa7-bdc8-b15cd3609ae8,17.5,MANU
2025-12-10,1.08,1.56,,1.06,2025-12-11,,2025-12-17,37,2025-12-10,Pre-Event,315.0,0.275,DXLG260116C00002500,0.4444444444444444,,-0.01851851851851849,169.87673343605545,2bf5e007-e3ff-4fa7-bdc8-b15cd3609ae8,2.5,DXLG
2025-12-11,80.72,80.57,,80.78,2025-12-12,,2025-12-18,99,2025-12-11,Z-Score,51533.0,0.685,HYG260320P00079000,-0.001858275520317254,,0.0007433102081269016,84.0059692612479,c3324eb3-aefe-4539-956a-2fc5b226a393,79.0,HYG
2025-12-11,257.8,253.85,,248.71,2025-12-12,,2025-12-18,36,2025-12-11,Z-Score,49855.0,2.43,IWM260116P00243000,-0.015321955003879006,,-0.03525989138867336,81.26838501301987,c3324eb3-aefe-4539-956a-2fc5b226a393,243.0,IWM
2025-12-11,33.16,33.32,,31.17,2025-12-12,,2025-12-18,189,2025-12-11,Z-Score,32241.0,0.87,EWZ260618P00027000,0.004825090470446325,,-0.060012062726175985,52.531907689844374,c3324eb3-aefe-4539-956a-2fc5b226a393,27.0,EWZ
2025-12-11,123.02,123.13,,120.01,2025-12-12,,2025-12-18,36,2025-12-11,Z-Score,31672.0,2.2800000000000002,XBI260116P00115000,0.0008941635506420909,,-0.024467566249390282,51.60360885954536,c3324eb3-aefe-4539-956a-2fc5b226a393,115.0,XBI
2025-12-11,19.79,19.66,,18.36,2025-12-12,,2025-12-18,281,2025-12-11,Z-Score,30303.0,0.465,VFC260918P00010000,-0.0065689742294087194,,-0.07225871652349669,49.37014471423894,c3324eb3-aefe-4539-956a-2fc5b226a393,10.0,VFC
2025-12-11,10.76,10.74,,10.74,2025-12-12,,2025-12-18,8,2025-12-11,Z-Score,28550.0,0.3,COMP251219C00011000,-0.0018587360594795044,,-0.0018587360594795044,46.51020121772897,c3324eb3-aefe-4539-956a-2fc5b226a393,11.0,COMP
2025-12-11,54.88,54.24,,53.2,2025-12-12,,2025-12-18,189,2025-12-11,Z-Score,26000.0,0.655,EEM260618C00062000,-0.011661807580174988,,-0.030612244897959218,42.34998677614287,c3324eb3-aefe-4539-956a-2fc5b226a393,62.0,EEM
2025-12-11,80.72,80.57,,80.78,2025-12-12,,2025-12-18,99,2025-12-11,IQR,51533.0,0.685,HYG260320P00079000,-0.001858275520317254,,0.0007433102081269016,4292.0,c3324eb3-aefe-4539-956a-2fc5b226a393,79.0,HYG
2025-12-11,257.8,253.85,,248.71,2025-12-12,,2025-12-18,36,2025-12-11,IQR,49855.0,2.43,IWM260116P00243000,-0.015321955003879006,,-0.03525989138867336,4152.166666666667,c3324eb3-aefe-4539-956a-2fc5b226a393,243.0,IWM
2025-12-11,33.16,33.32,,31.17,2025-12-12,,2025-12-18,189,2025-12-11,IQR,32241.0,0.87,EWZ260618P00027000,0.004825090470446325,,-0.060012062726175985,2684.3333333333335,c3324eb3-aefe-4539-956a-2fc5b226a393,27.0,EWZ
2025-12-11,123.02,123.13,,120.01,2025-12-12,,2025-12-18,36,2025-12-11,IQR,31672.0,2.2800000000000002,XBI260116P00115000,0.0008941635506420909,,-0.024467566249390282,2636.9166666666665,c3324eb3-aefe-4539-956a-2fc5b226a393,115.0,XBI
2025-12-11,19.79,19.66,,18.36,2025-12-12,,2025-12-18,281,2025-12-11,IQR,30303.0,0.465,VFC260918P00010000,-0.0065689742294087194,,-0.07225871652349669,2522.8333333333335,c3324eb3-aefe-4539-956a-2fc5b226a393,10.0,VFC
2025-12-11,10.76,10.74,,10.74,2025-12-12,,2025-12-18,8,2025-12-11,IQR,28550.0,0.3,COMP251219C00011000,-0.0018587360594795044,,-0.0018587360594795044,2376.75,c3324eb3-aefe-4539-956a-2fc5b226a393,11.0,COMP
2025-12-11,54.88,54.24,,53.2,2025-12-12,,2025-12-18,189,2025-12-11,IQR,26000.0,0.655,EEM260618C00062000,-0.011661807580174988,,-0.030612244897959218,2164.25,c3324eb3-aefe-4539-956a-2fc5b226a393,62.0,EEM
2025-12-11,3.09,3.03,,2.9,2025-12-12,,2025-12-18,8,2025-12-11,Pre-Event,500.0,0.075,WBX251219P00002500,-0.01941747572815533,,-0.06148867313915851,495.2456418383518,c3324eb3-aefe-4539-956a-2fc5b226a393,2.5,WBX
2025-12-11,5.39,5.14,,4.97,2025-12-12,,2025-12-18,36,2025-12-11,Pre-Event,4336.0,0.47500000000000003,CODI260116P00005000,-0.04638218923933213,,-0.07792207792207795,415.5032646268083,c3324eb3-aefe-4539-956a-2fc5b226a393,5.0,CODI
2025-12-11,1.02,1.02,,0.8401,2025-12-12,,2025-12-18,127,2025-12-11,Pre-Event,299.0,0.075,PMCB260417C00002500,0.0,,-0.17637254901960786,286.49825783972125,c3324eb3-aefe-4539-956a-2fc5b226a393,2.5,PMCB
2025-12-11,3.62,3.06,,3.08,2025-12-12,,2025-12-18,36,2025-12-11,Pre-Event,4082.0,0.175,CMTL260116C00005000,-0.15469613259668513,,-0.149171270718232,128.4904355635384,c3324eb3-aefe-4539-956a-2fc5b226a393,5.0,CMTL
2025-12-11,5.36,5.18,,5.1,2025-12-12,,2025-12-18,8,2025-12-11,Pre-Event,464.0,0.375,VZLA251219C00005000,-0.03358208955223896,,-0.04850746268656725,115.49071259709555,c3324eb3-aefe-4539-956a-2fc5b226a393,5.0,VZLA
2025-12-11,7.37,7.38,,7.53,2025-12-12,,2025-12-18,127,2025-12-11,Pre-Event,204.0,0.475,AEG260417C00007500,0.0013568521031206426,,0.02170963364993228,102.13802435723952,c3324eb3-aefe-4539-956a-2fc5b226a393,7.5,AEG
2025-12-11,45.03,45.51,,41.14,2025-12-12,,2025-12-18,8,2025-12-11,Pre-Event,508.0,1.875,BIRK251219C00045000,0.01065956029313786,,-0.08638685320897177,62.721013058963194,c3324eb3-aefe-4539-956a-2fc5b226a393,45.0,BIRK
2025-12-11,15.08,16.52,,16.26,2025-12-12,,2025-12-18,8,2025-12-11,Pre-Event,1900.0,0.875,NX251219C00015000,0.0954907161803713,,0.07824933687002655,62.55413385826772,c3324eb3-aefe-4539-956a-2fc5b226a393,15.0,NX
2025-12-11,1.56,1.14,,1.01,2025-12-12,,2025-12-18,36,2025-12-11,Pre-Event,879.0,0.025,DXLG260116C00002500,-0.2692307692307693,,-0.35256410256410253,29.248233215547703,c3324eb3-aefe-4539-956a-2fc5b226a393,2.5,DXLG
2025-12-11,234.25,222.37,,217.04,2025-12-12,,2025-12-18,771,2025-12-11,Pre-Event,309.0,108.15,JBL280121C00145000,-0.05071504802561366,,-0.0734685165421558,24.996222851746925,c3324eb3-aefe-4539-956a-2fc5b226a393,145.0,JBL
2025-12-12,68.75,68.97,,67.94,2025-12-15,,2025-12-19,35,2025-12-12,Z-Score,86984.0,1.7,FISV260116P00065000,0.0032000000000000917,,-0.011781818181818227,105.25171245382606,10a11502-267e-4c31-bea0-3f21dfd45e70,65.0,FISV
2025-12-12,54.95,54.99,,54.84,2025-12-15,,2025-12-19,188,2025-12-12,Z-Score,48894.0,2.88,XLF260618P00056000,0.0007279344858963643,,-0.0020018198362147244,59.142854435464564,10a11502-267e-4c31-bea0-3f21dfd45e70,56.0,XLF
2025-12-12,80.57,80.61,,80.36,2025-12-15,,2025-12-19,98,2025-12-12,Z-Score,48807.0,0.135,HYG260320P00073000,0.000496462703239553,,-0.0026064291920068205,59.03753885007214,10a11502-267e-4c31-bea0-3f21dfd45e70,73.0,HYG
2025-12-12,253.85,251.93,,250.79,2025-12-15,,2025-12-19,35,2025-12-12,Z-Score,48031.0,3.1950000000000003,IWM260116P00250000,-0.007563521764821668,,-0.012054362812684682,58.09817224933052,10a11502-267e-4c31-bea0-3f21dfd45e70,250.0,IWM
2025-12-12,68.75,68.97,,67.94,2025-12-15,,2025-12-19,35,2025-12-12,Z-Score,46681.0,2.5250000000000004,FISV260116C00070000,0.0032000000000000917,,-0.011781818181818227,56.46396488979289,10a11502-267e-4c31-bea0-3f21dfd45e70,70.0,FISV
2025-12-12,183.57,183.25,,193.38,2025-12-15,,2025-12-19,7,2025-12-12,Z-Score,38543.0,2.6500000000000004,PLTR251219C00192500,-0.0017432042272702564,,0.05344010459225368,46.612720821706105,10a11502-267e-4c31-bea0-3f21dfd45e70,192.5,PLTR
2025-12-12,80.57,80.61,,80.36,2025-12-15,,2025-12-19,35,2025-12-12,Z-Score,37741.0,0.15,HYG260116P00079000,0.000496462703239553,,-0.0026064291920068205,45.64188059774375,10a11502-267e-4c31-bea0-3f21dfd45e70,79.0,HYG
2025-12-12,80.57,80.61,,80.36,2025-12-15,,2025-12-19,98,2025-12-12,Z-Score,35654.0,0.48,HYG260320P00077000,0.000496462703239553,,-0.0026064291920068205,43.115517072295596,10a11502-267e-4c31-bea0-3f21dfd45e70,77.0,HYG
2025-12-12,80.57,80.61,,80.36,2025-12-15,,2025-12-19,188,2025-12-12,Z-Score,34852.0,0.8,HYG260618P00076000,0.000496462703239553,,-0.0026064291920068205,42.14467684833324,10a11502-267e-4c31-bea0-3f21dfd45e70,76.0,HYG
2025-12-12,175.02,176.29,,180.99,2025-12-15,,2025-12-19,7,2025-12-12,Z-Score,31774.0,0.8200000000000001,NVDA251219C00191000,0.0072563135641638965,,0.034110387384298946,38.41868406858746,10a11502-267e-4c31-bea0-3f21dfd45e70,191.0,NVDA
2025-12-12,68.75,68.97,,67.94,2025-12-15,,2025-12-19,35,2025-12-12,IQR,86984.0,1.7,FISV260116P00065000,0.0032000000000000917,,-0.011781818181818227,7246.25,10a11502-267e-4c31-bea0-3f21dfd45e70,65.0,FISV
2025-12-12,54.95,54.99,,54.84,2025-12-15,,2025-12-19,188,2025-12-12,IQR,48894.0,2.88,XLF260618P00056000,0.0007279344858963643,,-0.0020018198362147244,4072.0833333333335,10a11502-267e-4c31-bea0-3f21dfd45e70,56.0,XLF
2025-12-12,80.57,80.61,,80.36,2025-12-15,,2025-12-19,98,2025-12-12,IQR,48807.0,0.135,HYG260320P00073000,0.000496462703239553,,-0.0026064291920068205,4064.8333333333335,10a11502-267e-4c31-bea0-3f21dfd45e70,73.0,HYG
2025-12-12,253.85,251.93,,250.79,2025-12-15,,2025-12-19,35,2025-12-12,IQR,48031.0,3.1950000000000003,IWM260116P00250000,-0.007563521764821668,,-0.012054362812684682,4000.1666666666665,10a11502-267e-4c31-bea0-3f21dfd45e70,250.0,IWM
2025-12-12,68.75,68.97,,67.94,2025-12-15,,2025-12-19,35,2025-12-12,IQR,46681.0,2.5250000000000004,FISV260116C00070000,0.0032000000000000917,,-0.011781818181818227,3887.6666666666665,10a11502-267e-4c31-bea0-3f21dfd45e70,70.0,FISV
2025-12-12,183.57,183.25,,193.38,2025-12-15,,2025-12-19,7,2025-12-12,IQR,38543.0,2.6500000000000004,PLTR251219C00192500,-0.0017432042272702564,,0.05344010459225368,3209.5,10a11502-267e-4c31-bea0-3f21dfd45e70,192.5,PLTR
2025-12-12,80.57,80.61,,80.36,2025-12-15,,2025-12-19,35,2025-12-12,IQR,37741.0,0.15,HYG260116P00079000,0.000496462703239553,,-0.0026064291920068205,3142.6666666666665,10a11502-267e-4c31-bea0-3f21dfd45e70,79.0,HYG
2025-12-12,80.57,80.61,,80.36,2025-12-15,,2025-12-19,98,2025-12-12,IQR,35654.0,0.48,HYG260320P00077000,0.000496462703239553,,-0.0026064291920068205,2968.75,10a11502-267e-4c31-bea0-3f21dfd45e70,77.0,HYG
2025-12-12,80.57,80.61,,80.36,2025-12-15,,2025-12-19,188,2025-12-12,IQR,34852.0,0.8,HYG260618P00076000,0.000496462703239553,,-0.0026064291920068205,2901.9166666666665,10a11502-267e-4c31-bea0-3f21dfd45e70,76.0,HYG
2025-12-12,175.02,176.29,,180.99,2025-12-15,,2025-12-19,7,2025-12-12,IQR,31774.0,0.8200000000000001,NVDA251219C00191000,0.0072563135641638965,,0.034110387384298946,2645.4166666666665,10a11502-267e-4c31-bea0-3f21dfd45e70,191.0,NVDA
2025-12-12,6.87,5.66,,4.77,2025-12-15,,2025-12-19,35,2025-12-12,Pre-Event,2897.0,0.025,ARBK260116C00000500,-0.17612809315866085,,-0.30567685589519655,437.38010657193604,10a11502-267e-4c31-bea0-3f21dfd45e70,0.5,ARBK
2025-12-12,119.37,119.73,,107.99,2025-12-15,,2025-12-19,7,2025-12-12,Pre-Event,2750.0,2.375,LEN251219P00115000,0.0030158331239005243,,-0.09533383597218736,336.49254356568355,10a11502-267e-4c31-bea0-3f21dfd45e70,115.0,LEN
2025-12-12,1.26,1.19,,1.21,2025-12-15,,2025-12-19,7,2025-12-12,Pre-Event,3228.0,0.07500000000000001,NFE251219C00002000,-0.05555555555555558,,-0.039682539682539764,201.98194359910727,10a11502-267e-4c31-bea0-3f21dfd45e70,2.0,NFE
2025-12-12,58.36,57.74,,52.38,2025-12-15,,2025-12-19,35,2025-12-12,Pre-Event,833.0,1.875,WOR260116C00060000,-0.010623714873200796,,-0.10246744345442083,192.5115005476451,10a11502-267e-4c31-bea0-3f21dfd45e70,60.0,WOR
2025-12-12,5.7,5.15,,5.05,2025-12-15,,2025-12-19,35,2025-12-12,Pre-Event,287.0,0.6499999999999999,NKLR260116C00007500,-0.0964912280701754,,-0.11403508771929827,112.41126070991432,10a11502-267e-4c31-bea0-3f21dfd45e70,7.5,NKLR
2025-12-12,2.94,2.87,,3.6,2025-12-15,,2025-12-19,7,2025-12-12,Pre-Event,1568.0,0.1,PETS251219C00005000,-0.023809523809523725,,0.22448979591836737,106.57458033573141,10a11502-267e-4c31-bea0-3f21dfd45e70,5.0,PETS
2025-12-12,59.66,59.46,,43.94,2025-12-15,,2025-12-19,7,2025-12-12,Pre-Event,956.0,1.025,LW251219P00055000,-0.003352329869259041,,-0.263493127723768,83.10164502164501,10a11502-267e-4c31-bea0-3f21dfd45e70,55.0,LW
2025-12-12,5.14,4.85,,4.79,2025-12-15,,2025-12-19,154,2025-12-12,Pre-Event,976.0,0.25,CODI260515C00012500,-0.05642023346303504,,-0.06809338521400776,76.85039370078741,10a11502-267e-4c31-bea0-3f21dfd45e70,12.5,CODI
2025-12-12,5.14,4.85,,4.79,2025-12-15,,2025-12-19,154,2025-12-12,Pre-Event,916.0,0.775,CODI260515C00007500,-0.05642023346303504,,-0.06809338521400776,72.41448818897639,10a11502-267e-4c31-bea0-3f21dfd45e70,7.5,CODI
2025-12-12,4.28,4.25,,3.77,2025-12-15,,2025-12-19,0,2025-12-12,Pre-Event,1249.0,0.015,BB251212C00004500,-0.007009345794392607,,-0.119158878504673,60.477253323576036,10a11502-267e-4c31-bea0-3f21dfd45e70,4.5,BB
2025-12-15,44.8884,44.769,,45.67,2025-12-16,,2025-12-22,46,2025-12-15,Z-Score,80000.0,1.15,XLB260130P00043000,-0.002659929959633156,,0.017412070824533776,98.68933448002758,c559cab2-3bce-4281-97d2-9160194ba177,43.0,XLB
2025-12-15,44.8884,44.769,,45.67,2025-12-16,,2025-12-22,46,2025-12-15,Z-Score,80000.0,0.395,XLB260130P00039000,-0.002659929959633156,,0.017412070824533776,98.68933448002758,c559cab2-3bce-4281-97d2-9160194ba177,39.0,XLB
2025-12-15,156.99,156.06,,157.05,2025-12-16,,2025-12-22,46,2025-12-15,Z-Score,68756.0,0.42500000000000004,XLI260130P00135000,-0.005923944200267539,,0.0003821899484044433,84.80959227044713,c559cab2-3bce-4281-97d2-9160194ba177,135.0,XLI
2025-12-15,610.54,611.75,,619.21,2025-12-16,,2025-12-22,4,2025-12-15,Z-Score,67833.0,0.55,QQQ251219P00581000,0.001981852130900519,,0.014200543780915398,83.67022887135047,c559cab2-3bce-4281-97d2-9160194ba177,581.0,QQQ
2025-12-15,475.31,489.88,,488.73,2025-12-16,,2025-12-22,4,2025-12-15,Z-Score,64547.0,1.725,TSLA251219C00500000,0.03065367865182722,,0.028234205045128524,79.61394704098039,c559cab2-3bce-4281-97d2-9160194ba177,500.0,TSLA
2025-12-15,610.54,611.75,,619.21,2025-12-16,,2025-12-22,0,2025-12-15,Z-Score,61812.0,0.415,QQQ251215C00621000,0.001981852130900519,,0.014200543780915398,76.23782689306127,c559cab2-3bce-4281-97d2-9160194ba177,621.0,QQQ
2025-12-15,156.99,156.06,,157.05,2025-12-16,,2025-12-22,46,2025-12-15,Z-Score,55003.0,1.22,XLI260130P00150000,-0.005923944200267539,,0.0003821899484044433,67.83270729994199,c559cab2-3bce-4281-97d2-9160194ba177,150.0,XLI
2025-12-15,251.93,249.87,,253.58,2025-12-16,,2025-12-22,32,2025-12-15,Z-Score,53881.0,2.26,IWM260116P00242000,-0.008176874528638911,,0.006549438336045821,66.44769567070423,c559cab2-3bce-4281-97d2-9160194ba177,242.0,IWM
2025-12-15,87.4,87.88,,87.36,2025-12-16,,2025-12-22,249,2025-12-15,Z-Score,50226.0,0.14,TLT260821C00120000,0.005491990846681727,,-0.0004576659038901809,61.93591536333883,c559cab2-3bce-4281-97d2-9160194ba177,120.0,TLT
2025-12-15,44.8884,44.769,,45.67,2025-12-16,,2025-12-22,46,2025-12-15,Z-Score,45001.0,0.085,XLB260130C00048500,-0.002659929959633156,,0.017412070824533776,55.48610630561401,c559cab2-3bce-4281-97d2-9160194ba177,48.5,XLB
2025-12-15,44.8884,44.769,,45.67,2025-12-16,,2025-12-22,46,2025-12-15,IQR,80000.0,1.15,XLB260130P00043000,-0.002659929959633156,,0.017412070824533776,5330.9,c559cab2-3bce-4281-97d2-9160194ba177,43.0,XLB
2025-12-15,44.8884,44.769,,45.67,2025-12-16,,2025-12-22,46,2025-12-15,IQR,80000.0,0.395,XLB260130P00039000,-0.002659929959633156,,0.017412070824533776,5330.9,c559cab2-3bce-4281-97d2-9160194ba177,39.0,XLB
2025-12-15,156.99,156.06,,157.05,2025-12-16,,2025-12-22,46,2025-12-15,IQR,68756.0,0.42500000000000004,XLI260130P00135000,-0.005923944200267539,,0.0003821899484044433,4581.3,c559cab2-3bce-4281-97d2-9160194ba177,135.0,XLI
2025-12-15,610.54,611.75,,619.21,2025-12-16,,2025-12-22,4,2025-12-15,IQR,67833.0,0.55,QQQ251219P00581000,0.001981852130900519,,0.014200543780915398,4519.766666666666,c559cab2-3bce-4281-97d2-9160194ba177,581.0,QQQ
2025-12-15,475.31,489.88,,488.73,2025-12-16,,2025-12-22,4,2025-12-15,IQR,64547.0,1.725,TSLA251219C00500000,0.03065367865182722,,0.028234205045128524,4300.7,c559cab2-3bce-4281-97d2-9160194ba177,500.0,TSLA
2025-12-15,610.54,611.75,,619.21,2025-12-16,,2025-12-22,0,2025-12-15,IQR,61812.0,0.415,QQQ251215C00621000,0.001981852130900519,,0.014200543780915398,4118.366666666667,c559cab2-3bce-4281-97d2-9160194ba177,621.0,QQQ
2025-12-15,156.99,156.06,,157.05,2025-12-16,,2025-12-22,46,2025-12-15,IQR,55003.0,1.22,XLI260130P00150000,-0.005923944200267539,,0.0003821899484044433,3664.4333333333334,c559cab2-3bce-4281-97d2-9160194ba177,150.0,XLI
2025-12-15,251.93,249.87,,253.58,2025-12-16,,2025-12-22,32,2025-12-15,IQR,53881.0,2.26,IWM260116P00242000,-0.008176874528638911,,0.006549438336045821,3589.633333333333,c559cab2-3bce-4281-97d2-9160194ba177,242.0,IWM
2025-12-15,87.4,87.88,,87.36,2025-12-16,,2025-12-22,249,2025-12-15,IQR,50226.0,0.14,TLT260821C00120000,0.005491990846681727,,-0.0004576659038901809,3345.9666666666667,c559cab2-3bce-4281-97d2-9160194ba177,120.0,TLT
2025-12-15,44.8884,44.769,,45.67,2025-12-16,,2025-12-22,46,2025-12-15,IQR,45001.0,0.085,XLB260130C00048500,-0.002659929959633156,,0.017412070824533776,2997.633333333333,c559cab2-3bce-4281-97d2-9160194ba177,48.5,XLB
2025-12-15,59.19,58.62,,60.77,2025-12-16,,2025-12-22,32,2025-12-15,Pre-Event,2407.0,1.9749999999999999,BHP260116P00060000,-0.009630005068423708,,0.02669369825984136,861.7305131218174,c559cab2-3bce-4281-97d2-9160194ba177,60.0,BHP
2025-12-15,47.06,47.02,,47.4,2025-12-16,,2025-12-22,32,2025-12-15,Pre-Event,2994.0,0.175,GIS260116C00052500,-0.0008499787505311662,,0.007224819379515468,591.8586755456898,c559cab2-3bce-4281-97d2-9160194ba177,52.5,GIS
2025-12-15,4.85,4.89,,5.12,2025-12-16,,2025-12-22,32,2025-12-15,Pre-Event,1998.0,0.625,CODI260116P00005000,0.008247422680412342,,0.05567010309278353,525.9121306376361,c559cab2-3bce-4281-97d2-9160194ba177,5.0,CODI
2025-12-15,59.19,58.62,,60.77,2025-12-16,,2025-12-22,32,2025-12-15,Pre-Event,1276.0,0.9750000000000001,BHP260116P00057500,-0.009630005068423708,,0.02669369825984136,338.36741088915,c559cab2-3bce-4281-97d2-9160194ba177,57.5,BHP
2025-12-15,1.8,1.96,,1.92,2025-12-16,,2025-12-22,4,2025-12-15,Pre-Event,678.0,0.07500000000000001,OGI251219C00002000,0.0888888888888888,,0.06666666666666665,298.5906148867314,c559cab2-3bce-4281-97d2-9160194ba177,2.0,OGI
2025-12-15,2.39,2.44,,2.29,2025-12-16,,2025-12-22,4,2025-12-15,Pre-Event,600.0,0.375,VERU251219C00002500,0.02092050209205021,,-0.04184100418410042,287.08133971291863,c559cab2-3bce-4281-97d2-9160194ba177,2.5,VERU
2025-12-15,221.21,212.56,,229.78,2025-12-16,,2025-12-22,767,2025-12-15,Pre-Event,1187.0,104.75,JBL280121C00140000,-0.03910311468740113,,0.03874146738393369,231.3926897844423,c559cab2-3bce-4281-97d2-9160194ba177,140.0,JBL
2025-12-15,7.24,7.35,,4.04,2025-12-16,,2025-12-22,4,2025-12-15,Pre-Event,387.0,0.45,PLCE251219C00008000,0.015193370165745845,,-0.4419889502762431,222.77490774907747,c559cab2-3bce-4281-97d2-9160194ba177,8.0,PLCE
2025-12-15,47.06,47.02,,47.4,2025-12-16,,2025-12-22,32,2025-12-15,Pre-Event,1683.0,0.42500000000000004,GIS260116C00050000,-0.0008499787505311662,,0.007224819379515468,211.80188679245276,c559cab2-3bce-4281-97d2-9160194ba177,50.0,GIS
2025-12-15,1.8,1.96,,1.92,2025-12-16,,2025-12-22,32,2025-12-15,Pre-Event,679.0,0.175,OGI260116C00002000,0.0888888888888888,,0.06666666666666665,151.4382416396979,c559cab2-3bce-4281-97d2-9160194ba177,2.0,OGI
2025-12-16,678.87,671.4,,687.96,2025-12-17,,2025-12-23,38,2025-12-16,Z-Score,150197.0,0.58,SPY260123P00550000,-0.011003579477661396,,0.013389897918600013,130.6290962491012,023736b2-d383-457a-8a83-b890310171a6,550.0,SPY
2025-12-16,678.87,671.4,,687.96,2025-12-17,,2025-12-23,45,2025-12-16,Z-Score,150036.0,0.655,SPY260130P00535000,-0.011003579477661396,,0.013389897918600013,130.48903911352767,023736b2-d383-457a-8a83-b890310171a6,535.0,SPY
2025-12-16,79.28,79.65,,77.51,2025-12-17,,2025-12-23,94,2025-12-16,Z-Score,98766.0,0.96,XLP260320P00075000,0.00466700302724532,,-0.022325933400605402,85.888235754187,023736b2-d383-457a-8a83-b890310171a6,75.0,XLP
2025-12-16,395.89,399.29,,413.64,2025-12-17,,2025-12-23,45,2025-12-16,Z-Score,85787.0,6.775,GLD260130C00410000,0.008588244209250195,,0.04483568668064364,74.59754281872995,023736b2-d383-457a-8a83-b890310171a6,410.0,GLD
2025-12-16,395.89,399.29,,413.64,2025-12-17,,2025-12-23,45,2025-12-16,Z-Score,85699.0,3.425,GLD260130C00425000,0.008588244209250195,,0.04483568668064364,74.52098985021772,023736b2-d383-457a-8a83-b890310171a6,425.0,GLD
2025-12-16,678.87,671.4,,687.96,2025-12-17,,2025-12-23,38,2025-12-16,Z-Score,75329.0,0.325,SPY260123P00500000,-0.011003579477661396,,0.013389897918600013,65.49991844712892,023736b2-d383-457a-8a83-b890310171a6,500.0,SPY
2025-12-16,678.87,671.4,,687.96,2025-12-17,,2025-12-23,38,2025-12-16,Z-Score,75294.0,1.245,SPY260123P00600000,-0.011003579477661396,,0.013389897918600013,65.46947124374337,023736b2-d383-457a-8a83-b890310171a6,600.0,SPY
2025-12-16,678.87,671.4,,687.96,2025-12-17,,2025-12-23,45,2025-12-16,Z-Score,75016.0,1.31,SPY260130P00585000,-0.011003579477661396,,0.013389897918600013,65.22763345685247,023736b2-d383-457a-8a83-b890310171a6,585.0,SPY
2025-12-16,678.87,671.4,,687.96,2025-12-17,,2025-12-23,45,2025-12-16,Z-Score,75004.0,0.37,SPY260130P00485000,-0.011003579477661396,,0.013389897918600013,65.21719441569171,023736b2-d383-457a-8a83-b890310171a6,485.0,SPY
2025-12-16,14.73,13.57,,15.48,2025-12-17,,2025-12-23,31,2025-12-16,Z-Score,61919.0,0.5700000000000001,CORZ260116P00013000,-0.07875084860828241,,0.050916496945010215,53.8342899499813,023736b2-d383-457a-8a83-b890310171a6,13.0,CORZ
2025-12-16,678.87,671.4,,687.96,2025-12-17,,2025-12-23,38,2025-12-16,IQR,150197.0,0.58,SPY260123P00550000,-0.011003579477661396,,0.013389897918600013,10725.92857142857,023736b2-d383-457a-8a83-b890310171a6,550.0,SPY
2025-12-16,678.87,671.4,,687.96,2025-12-17,,2025-12-23,45,2025-12-16,IQR,150036.0,0.655,SPY260130P00535000,-0.011003579477661396,,0.013389897918600013,10714.42857142857,023736b2-d383-457a-8a83-b890310171a6,535.0,SPY
2025-12-16,79.28,79.65,,77.51,2025-12-17,,2025-12-23,94,2025-12-16,IQR,98766.0,0.96,XLP260320P00075000,0.00466700302724532,,-0.022325933400605402,7052.285714285715,023736b2-d383-457a-8a83-b890310171a6,75.0,XLP
2025-12-16,395.89,399.29,,413.64,2025-12-17,,2025-12-23,45,2025-12-16,IQR,85787.0,6.775,GLD260130C00410000,0.008588244209250195,,0.04483568668064364,6125.214285714285,023736b2-d383-457a-8a83-b890310171a6,410.0,GLD
2025-12-16,395.89,399.29,,413.64,2025-12-17,,2025-12-23,45,2025-12-16,IQR,85699.0,3.425,GLD260130C00425000,0.008588244209250195,,0.04483568668064364,6118.928571428572,023736b2-d383-457a-8a83-b890310171a6,425.0,GLD
2025-12-16,678.87,671.4,,687.96,2025-12-17,,2025-12-23,38,2025-12-16,IQR,75329.0,0.325,SPY260123P00500000,-0.011003579477661396,,0.013389897918600013,5378.214285714285,023736b2-d383-457a-8a83-b890310171a6,500.0,SPY
2025-12-16,678.87,671.4,,687.96,2025-12-17,,2025-12-23,38,2025-12-16,IQR,75294.0,1.245,SPY260123P00600000,-0.011003579477661396,,0.013389897918600013,5375.714285714285,023736b2-d383-457a-8a83-b890310171a6,600.0,SPY
2025-12-16,678.87,671.4,,687.96,2025-12-17,,2025-12-23,45,2025-12-16,IQR,75016.0,1.31,SPY260130P00585000,-0.011003579477661396,,0.013389897918600013,5355.857142857143,023736b2-d383-457a-8a83-b890310171a6,585.0,SPY
2025-12-16,678.87,671.4,,687.96,2025-12-17,,2025-12-23,45,2025-12-16,IQR,75004.0,0.37,SPY260130P00485000,-0.011003579477661396,,0.013389897918600013,5355.0,023736b2-d383-457a-8a83-b890310171a6,485.0,SPY
2025-12-16,14.73,13.57,,15.48,2025-12-17,,2025-12-23,31,2025-12-16,IQR,61919.0,0.5700000000000001,CORZ260116P00013000,-0.07875084860828241,,0.050916496945010215,4420.357142857143,023736b2-d383-457a-8a83-b890310171a6,13.0,CORZ
2025-12-16,11.83,11.67,,11.02,2025-12-17,,2025-12-23,17,2025-12-16,Pre-Event,2000.0,0.425,STLA260102P00012000,-0.013524936601859716,,-0.06846999154691469,773.6369910282951,023736b2-d383-457a-8a83-b890310171a6,12.0,STLA
2025-12-16,4.89,4.87,,4.87,2025-12-17,,2025-12-23,31,2025-12-16,Pre-Event,1537.0,0.7,CODI260116P00005000,-0.004089979550102152,,-0.004089979550102152,737.4019006744328,023736b2-d383-457a-8a83-b890310171a6,5.0,CODI
2025-12-16,212.56,216.3,,235.07,2025-12-17,,2025-12-23,3,2025-12-16,Pre-Event,1077.0,9.2,JBL251219P00220000,0.017595031990967236,,0.10589951072638315,349.48675034867495,023736b2-d383-457a-8a83-b890310171a6,220.0,JBL
2025-12-16,47.02,48.61,,46.64,2025-12-17,,2025-12-23,3,2025-12-16,Pre-Event,1030.0,1.275,GIS251219P00047500,0.03381539770310504,,-0.008081667375584911,281.04381948986264,023736b2-d383-457a-8a83-b890310171a6,47.5,GIS
2025-12-16,12.9,12.9,,15.9,2025-12-17,,2025-12-23,3,2025-12-16,Pre-Event,574.0,0.25,NAVN251219P00012500,0.0,,0.2325581395348837,128.56915818226966,023736b2-d383-457a-8a83-b890310171a6,12.5,NAVN
2025-12-16,7.54,7.46,,7.66,2025-12-17,,2025-12-23,213,2025-12-16,Pre-Event,193.0,0.775,AEG260717C00007500,-0.010610079575596787,,0.01591511936339529,118.088948787062,023736b2-d383-457a-8a83-b890310171a6,7.5,AEG
2025-12-16,1.17,1.3,,1.17,2025-12-17,,2025-12-23,3,2025-12-16,Pre-Event,939.0,0.125,NFE251219P00001000,0.11111111111111116,,0.0,113.45937749401435,023736b2-d383-457a-8a83-b890310171a6,1.0,NFE
2025-12-16,12.9,12.9,,15.9,2025-12-17,,2025-12-23,3,2025-12-16,Pre-Event,524.0,0.8,NAVN251219C00015000,0.0,,0.2325581395348837,106.56965482989818,023736b2-d383-457a-8a83-b890310171a6,15.0,NAVN
2025-12-16,8.66,8.7,,9.54,2025-12-17,,2025-12-23,94,2025-12-16,Pre-Event,1348.0,2.2,BNED260320P00010000,0.004618937644341736,,0.10161662817551953,102.94040335372762,023736b2-d383-457a-8a83-b890310171a6,10.0,BNED
2025-12-16,47.27,46.4,,42.69,2025-12-17,,2025-12-23,31,2025-12-16,Pre-Event,640.0,3.1,BIRK260116C00045000,-0.01840490797546024,,-0.09689020520414648,76.4244584590074,023736b2-d383-457a-8a83-b890310171a6,45.0,BIRK
2025-12-17,80.56,80.78,,80.64,2025-12-18,,2025-12-24,30,2025-12-17,Z-Score,74768.0,0.04,HYG260116P00075000,0.0027308838133068836,,0.0009930486593843213,115.17817509026985,4b8c2d66-88e6-437b-9612-6eb8bf456e2b,75.0,HYG
2025-12-17,247.24,248.71,,252.71,2025-12-18,,2025-12-24,30,2025-12-17,Z-Score,51476.0,1.81,IWM260116P00238000,0.005945639864099572,,0.02212425173920085,79.27940456381187,4b8c2d66-88e6-437b-9612-6eb8bf456e2b,238.0,IWM
2025-12-17,96.52,96.77,,96.35,2025-12-18,,2025-12-24,93,2025-12-17,Z-Score,40000.0,0.36,IEF260320P00094000,0.002590136759220929,,-0.0017612929962702584,61.59203162195923,4b8c2d66-88e6-437b-9612-6eb8bf456e2b,94.0,IEF
2025-12-17,467.26,483.37,,485.4,2025-12-18,,2025-12-24,9,2025-12-17,Z-Score,36276.0,7.9,TSLA251226C00510000,0.03447759277490059,,0.03882206908359365,55.852420534867974,4b8c2d66-88e6-437b-9612-6eb8bf456e2b,510.0,TSLA
2025-12-17,25.04,25.04,,25.03,2025-12-18,,2025-12-24,65,2025-12-17,Z-Score,35076.0,0.505,PFE260220P00024000,0.0,,-0.00039936102236415305,54.002921795740825,4b8c2d66-88e6-437b-9612-6eb8bf456e2b,24.0,PFE
2025-12-17,467.26,483.37,,485.4,2025-12-18,,2025-12-24,65,2025-12-17,Z-Score,34740.0,16.025,TSLA260220C00600000,0.03447759277490059,,0.03882206908359365,53.485062148785225,4b8c2d66-88e6-437b-9612-6eb8bf456e2b,600.0,TSLA
2025-12-17,31.0,31.17,,31.55,2025-12-18,,2025-12-24,93,2025-12-17,Z-Score,32192.0,1.25,EWZ260320C00034000,0.005483870967742055,,0.01774193548387104,49.55795982603858,4b8c2d66-88e6-437b-9612-6eb8bf456e2b,34.0,EWZ
2025-12-17,31.0,31.17,,31.55,2025-12-18,,2025-12-24,93,2025-12-17,Z-Score,32190.0,0.59,EWZ260320P00025000,0.005483870967742055,,0.01774193548387104,49.55487732814003,4b8c2d66-88e6-437b-9612-6eb8bf456e2b,25.0,EWZ
2025-12-17,31.0,31.17,,31.55,2025-12-18,,2025-12-24,93,2025-12-17,Z-Score,31895.0,0.865,EWZ260320P00030000,0.005483870967742055,,0.01774193548387104,49.1002088881046,4b8c2d66-88e6-437b-9612-6eb8bf456e2b,30.0,EWZ
2025-12-17,80.56,80.78,,80.64,2025-12-18,,2025-12-24,30,2025-12-17,IQR,74768.0,0.04,HYG260116P00075000,0.0027308838133068836,,0.0009930486593843213,6228.25,4b8c2d66-88e6-437b-9612-6eb8bf456e2b,75.0,HYG
2025-12-17,247.24,248.71,,252.71,2025-12-18,,2025-12-24,30,2025-12-17,IQR,51476.0,1.81,IWM260116P00238000,0.005945639864099572,,0.02212425173920085,4287.25,4b8c2d66-88e6-437b-9612-6eb8bf456e2b,238.0,IWM
2025-12-17,96.52,96.77,,96.35,2025-12-18,,2025-12-24,93,2025-12-17,IQR,40000.0,0.36,IEF260320P00094000,0.002590136759220929,,-0.0017612929962702584,3330.9166666666665,4b8c2d66-88e6-437b-9612-6eb8bf456e2b,94.0,IEF
2025-12-17,467.26,483.37,,485.4,2025-12-18,,2025-12-24,9,2025-12-17,IQR,36276.0,7.9,TSLA251226C00510000,0.03447759277490059,,0.03882206908359365,3020.5833333333335,4b8c2d66-88e6-437b-9612-6eb8bf456e2b,510.0,TSLA
2025-12-17,25.04,25.04,,25.03,2025-12-18,,2025-12-24,65,2025-12-17,IQR,35076.0,0.505,PFE260220P00024000,0.0,,-0.00039936102236415305,2920.5833333333335,4b8c2d66-88e6-437b-9612-6eb8bf456e2b,24.0,PFE
2025-12-17,467.26,483.37,,485.4,2025-12-18,,2025-12-24,65,2025-12-17,IQR,34740.0,16.025,TSLA260220C00600000,0.03447759277490059,,0.03882206908359365,2892.5833333333335,4b8c2d66-88e6-437b-9612-6eb8bf456e2b,600.0,TSLA
2025-12-17,31.0,31.17,,31.55,2025-12-18,,2025-12-24,93,2025-12-17,IQR,32192.0,1.25,EWZ260320C00034000,0.005483870967742055,,0.01774193548387104,2680.25,4b8c2d66-88e6-437b-9612-6eb8bf456e2b,34.0,EWZ
2025-12-17,31.0,31.17,,31.55,2025-12-18,,2025-12-24,93,2025-12-17,IQR,32190.0,0.59,EWZ260320P00025000,0.005483870967742055,,0.01774193548387104,2680.0833333333335,4b8c2d66-88e6-437b-9612-6eb8bf456e2b,25.0,EWZ
2025-12-17,31.0,31.17,,31.55,2025-12-18,,2025-12-24,93,2025-12-17,IQR,31895.0,0.865,EWZ260320P00030000,0.005483870967742055,,0.01774193548387104,2655.5,4b8c2d66-88e6-437b-9612-6eb8bf456e2b,30.0,EWZ
2025-12-17,0.8208,0.8308,,0.862,2025-12-18,,2025-12-24,303,2025-12-17,Pre-Event,10394.0,0.175,ASST261016C00001500,0.012183235867446296,,0.05019493177387924,2448.6790677875915,4b8c2d66-88e6-437b-9612-6eb8bf456e2b,1.5,ASST
2025-12-17,1.3,1.19,,1.15,2025-12-18,,2025-12-24,2,2025-12-17,Pre-Event,2356.0,0.125,NFE251219P00001000,-0.08461538461538465,,-0.11538461538461553,940.9356353591158,4b8c2d66-88e6-437b-9612-6eb8bf456e2b,1.0,NFE
2025-12-17,187.37,189.89,,191.18,2025-12-18,,2025-12-24,2,2025-12-17,Pre-Event,753.0,1.925,CTAS251219C00195000,0.013449324865239864,,0.020334098308160353,327.08244462674315,4b8c2d66-88e6-437b-9612-6eb8bf456e2b,195.0,CTAS
2025-12-17,41.07,39.34,,39.18,2025-12-18,,2025-12-24,30,2025-12-17,Pre-Event,1181.0,0.7749999999999999,KMX260116C00047500,-0.04212320428536642,,-0.04601899196493797,311.3209998355534,4b8c2d66-88e6-437b-9612-6eb8bf456e2b,47.5,KMX
2025-12-17,3.0,2.9,,2.78,2025-12-18,,2025-12-24,2,2025-12-17,Pre-Event,195.0,0.05,WBX251219P00002500,-0.033333333333333326,,-0.07333333333333336,195.0,4b8c2d66-88e6-437b-9612-6eb8bf456e2b,2.5,WBX
2025-12-17,10.99,14.37,,19.52,2025-12-18,,2025-12-24,2,2025-12-17,Pre-Event,335.0,0.4,ISSC251219C00012500,0.30755232029117363,,0.7761601455868972,180.50970873786403,4b8c2d66-88e6-437b-9612-6eb8bf456e2b,12.5,ISSC
2025-12-17,9.35,9.22,,9.6,2025-12-18,,2025-12-24,149,2025-12-17,Pre-Event,374.0,0.175,EC260515C00011000,-0.013903743315507922,,0.02673796791443861,131.8842105263158,4b8c2d66-88e6-437b-9612-6eb8bf456e2b,11.0,EC
2025-12-17,59.46,59.33,,42.48,2025-12-18,,2025-12-24,30,2025-12-17,Pre-Event,528.0,0.725,LW260116P00052500,-0.0021863437605113,,-0.2855701311806257,117.96159527326441,4b8c2d66-88e6-437b-9612-6eb8bf456e2b,52.5,LW
2025-12-17,6.95,6.95,,6.96,2025-12-18,,2025-12-24,212,2025-12-17,Pre-Event,201.0,0.025,CIO260717C00007500,0.0,,0.0014388489208632116,102.54060913705582,4b8c2d66-88e6-437b-9612-6eb8bf456e2b,7.5,CIO
2025-12-17,6.95,6.95,,6.96,2025-12-18,,2025-12-24,212,2025-12-17,Pre-Event,178.0,0.5,CIO260717C00010000,0.0,,0.0014388489208632116,87.19289340101523,4b8c2d66-88e6-437b-9612-6eb8bf456e2b,10.0,CIO
2025-12-18,47.96,49.91,,49.61,2025-12-19,,2025-12-26,29,2025-12-18,Z-Score,112089.0,0.78,IBIT260116P00043000,0.04065888240200155,,0.034403669724770714,130.23833716993263,49fe0163-bae2-40f8-aeb7-572dcdfe54e1,43.0,IBIT
2025-12-18,47.96,49.91,,49.61,2025-12-19,,2025-12-26,64,2025-12-18,Z-Score,95535.0,1.62,IBIT260220C00055000,0.04065888240200155,,0.034403669724770714,110.9967871021802,49fe0163-bae2-40f8-aeb7-572dcdfe54e1,55.0,IBIT
2025-12-18,676.47,680.59,,690.31,2025-12-19,,2025-12-26,13,2025-12-18,Z-Score,83826.0,0.175,SPY251231C00700000,0.006090440078643455,,0.020459148225346224,97.38682517495337,49fe0163-bae2-40f8-aeb7-572dcdfe54e1,700.0,SPY
2025-12-18,248.71,250.79,,251.42,2025-12-19,,2025-12-26,29,2025-12-18,Z-Score,69729.0,1.95,IWM260116P00236000,0.00836315387398967,,0.010896224518515352,81.00117026948607,49fe0163-bae2-40f8-aeb7-572dcdfe54e1,236.0,IWM
2025-12-18,110.85,110.13,,110.64,2025-12-19,,2025-12-26,92,2025-12-18,Z-Score,64762.0,1.105,LQD260320P00108000,-0.006495263870094692,,-0.0018944519621109102,75.22777536876562,49fe0163-bae2-40f8-aeb7-572dcdfe54e1,108.0,LQD
2025-12-18,110.85,110.13,,110.64,2025-12-19,,2025-12-26,1,2025-12-18,Z-Score,49736.0,0.035,LQD251219P00105000,-0.006495263870094692,,-0.0018944519621109102,57.76229685492922,49fe0163-bae2-40f8-aeb7-572dcdfe54e1,105.0,LQD
2025-12-18,67.68,83.0,,76.42,2025-12-19,,2025-12-26,92,2025-12-18,Z-Score,49691.0,3.675,CRWV260320C00100000,0.2263593380614657,,0.12913711583924337,57.70999108272619,49fe0163-bae2-40f8-aeb7-572dcdfe54e1,100.0,CRWV
2025-12-18,676.47,680.59,,690.31,2025-12-19,,2025-12-26,15,2025-12-18,Z-Score,45055.0,5.0,SPY260102C00678000,0.006090440078643455,,0.020459148225346224,52.32133419532133,49fe0163-bae2-40f8-aeb7-572dcdfe54e1,678.0,SPY
2025-12-18,47.96,49.91,,49.61,2025-12-19,,2025-12-26,29,2025-12-18,IQR,112089.0,0.78,IBIT260116P00043000,0.04065888240200155,,0.034403669724770714,9338.333333333334,49fe0163-bae2-40f8-aeb7-572dcdfe54e1,43.0,IBIT
2025-12-18,47.96,49.91,,49.61,2025-12-19,,2025-12-26,64,2025-12-18,IQR,95535.0,1.62,IBIT260220C00055000,0.04065888240200155,,0.034403669724770714,7958.833333333333,49fe0163-bae2-40f8-aeb7-572dcdfe54e1,55.0,IBIT
2025-12-18,676.47,680.59,,690.31,2025-12-19,,2025-12-26,13,2025-12-18,IQR,83826.0,0.175,SPY251231C00700000,0.006090440078643455,,0.020459148225346224,6983.083333333333,49fe0163-bae2-40f8-aeb7-572dcdfe54e1,700.0,SPY
2025-12-18,248.71,250.79,,251.42,2025-12-19,,2025-12-26,29,2025-12-18,IQR,69729.0,1.95,IWM260116P00236000,0.00836315387398967,,0.010896224518515352,5808.333333333333,49fe0163-bae2-40f8-aeb7-572dcdfe54e1,236.0,IWM
2025-12-18,110.85,110.13,,110.64,2025-12-19,,2025-12-26,92,2025-12-18,IQR,64762.0,1.105,LQD260320P00108000,-0.006495263870094692,,-0.0018944519621109102,5394.416666666667,49fe0163-bae2-40f8-aeb7-572dcdfe54e1,108.0,LQD
2025-12-18,110.85,110.13,,110.64,2025-12-19,,2025-12-26,1,2025-12-18,IQR,49736.0,0.035,LQD251219P00105000,-0.006495263870094692,,-0.0018944519621109102,4142.25,49fe0163-bae2-40f8-aeb7-572dcdfe54e1,105.0,LQD
2025-12-18,67.68,83.0,,76.42,2025-12-19,,2025-12-26,92,2025-12-18,IQR,49691.0,3.675,CRWV260320C00100000,0.2263593380614657,,0.12913711583924337,4138.5,49fe0163-bae2-40f8-aeb7-572dcdfe54e1,100.0,CRWV
2025-12-18,676.47,680.59,,690.31,2025-12-19,,2025-12-26,15,2025-12-18,IQR,45055.0,5.0,SPY260102C00678000,0.006090440078643455,,0.020459148225346224,3752.1666666666665,49fe0163-bae2-40f8-aeb7-572dcdfe54e1,678.0,SPY
2025-12-18,13.01,13.05,,13.59,2025-12-19,,2025-12-26,29,2025-12-18,Pre-Event,5198.0,2.89,PSKY260116P00016000,0.003074558032282848,,0.04458109146810152,1376.9526521689104,49fe0163-bae2-40f8-aeb7-572dcdfe54e1,16.0,PSKY
2025-12-18,114.24,112.28,,114.19,2025-12-19,,2025-12-26,29,2025-12-18,Pre-Event,1459.0,3.55,PAYX260116P00115000,-0.017156862745097978,,-0.00043767507002800965,791.0900562851782,49fe0163-bae2-40f8-aeb7-572dcdfe54e1,115.0,PAYX
2025-12-18,9.22,9.17,,9.18,2025-12-19,,2025-12-26,29,2025-12-18,Pre-Event,459.0,0.15000000000000002,TK260116C00010000,-0.005422993492407935,,-0.004338394793926392,367.7475149105368,49fe0163-bae2-40f8-aeb7-572dcdfe54e1,10.0,TK
2025-12-18,59.33,43.94,,42.15,2025-12-19,,2025-12-26,29,2025-12-18,Pre-Event,364.0,2.95,LW260116C00060000,-0.25939659531434356,,-0.2895668295971684,279.64530551415794,49fe0163-bae2-40f8-aeb7-572dcdfe54e1,60.0,LW
2025-12-18,39.34,38.47,,39.27,2025-12-19,,2025-12-26,1,2025-12-18,Pre-Event,8153.0,1.45,KMX251219P00040000,-0.022114895780376287,,-0.001779359430605032,80.29469696969696,49fe0163-bae2-40f8-aeb7-572dcdfe54e1,40.0,KMX
2025-12-18,0.8308,0.8985,,0.8146,2025-12-19,,2025-12-26,302,2025-12-18,Pre-Event,9616.0,0.175,ASST261016C00001500,0.08148772267693793,,-0.01949927780452576,75.4566425093506,49fe0163-bae2-40f8-aeb7-572dcdfe54e1,1.5,ASST
2025-12-18,14.95,14.69,,12.82,2025-12-19,,2025-12-26,92,2025-12-18,Pre-Event,214.0,3.675,LMNR260320C00012500,-0.017391304347826098,,-0.14247491638795984,39.29180327868853,49fe0163-bae2-40f8-aeb7-572dcdfe54e1,12.5,LMNR
2025-12-18,273.39,288.54,,292.13,2025-12-19,,2025-12-26,1,2025-12-18,Pre-Event,1946.0,4.45,FDS251219C00310000,0.05541534072204546,,0.06854676469512433,24.793181930631835,49fe0163-bae2-40f8-aeb7-572dcdfe54e1,310.0,FDS
2025-12-18,0.2679,0.27,,0.2022,2025-12-19,,2025-12-26,182,2025-12-18,Pre-Event,496.0,0.07500000000000001,KIDZ260618C00000500,0.007838745800671898,,-0.24524076147816365,16.4669344042838,49fe0163-bae2-40f8-aeb7-572dcdfe54e1,0.5,KIDZ
2025-12-18,6.95,6.95,,6.97,2025-12-19,,2025-12-26,29,2025-12-18,Pre-Event,863.0,0.025,CIO260116C00010000,0.0,,0.0028776978417266452,12.497931148626282,49fe0163-bae2-40f8-aeb7-572dcdfe54e1,10.0,CIO
2025-12-19,680.59,684.83,,687.85,2025-12-22,,2025-12-29,63,2025-12-19,Z-Score,150080.0,0.985,SPY260220P00525000,0.006229888772976366,,0.010667215210332204,176.2629985819069,1f98e5bf-b31f-40ff-ba37-f84c30f4b51a,525.0,SPY
2025-12-19,80.36,80.43,,80.63,2025-12-22,,2025-12-29,91,2025-12-19,Z-Score,91202.0,0.8049999999999999,HYG260320P00080000,0.0008710801393729817,,0.0033598805375807395,107.09744610444537,1f98e5bf-b31f-40ff-ba37-f84c30f4b51a,80.0,HYG
2025-12-19,680.59,684.83,,687.85,2025-12-22,,2025-12-29,63,2025-12-19,Z-Score,75146.0,0.565,SPY260220P00475000,0.006229888772976366,,0.010667215210332204,88.2360358904754,1f98e5bf-b31f-40ff-ba37-f84c30f4b51a,475.0,SPY
2025-12-19,680.59,684.83,,687.85,2025-12-22,,2025-12-29,63,2025-12-19,Z-Score,74963.0,1.94,SPY260220P00575000,0.006229888772976366,,0.010667215210332204,88.0210609235374,1f98e5bf-b31f-40ff-ba37-f84c30f4b51a,575.0,SPY
2025-12-19,80.36,80.43,,80.63,2025-12-22,,2025-12-29,91,2025-12-19,Z-Score,64737.0,0.38,HYG260320C00081000,0.0008710801393729817,,0.0033598805375807395,76.00830676010588,1f98e5bf-b31f-40ff-ba37-f84c30f4b51a,81.0,HYG
2025-12-19,80.36,80.43,,80.63,2025-12-22,,2025-12-29,28,2025-12-19,Z-Score,56069.0,0.015,HYG260116P00073000,0.0008710801393729817,,0.0033598805375807395,65.82577663213554,1f98e5bf-b31f-40ff-ba37-f84c30f4b51a,73.0,HYG
2025-12-19,80.36,80.43,,80.63,2025-12-22,,2025-12-29,91,2025-12-19,Z-Score,47721.0,0.25,HYG260320P00076000,0.0008710801393729817,,0.0033598805375807395,56.0191590146579,1f98e5bf-b31f-40ff-ba37-f84c30f4b51a,76.0,HYG
2025-12-19,481.2,488.73,,459.64,2025-12-22,,2025-12-29,63,2025-12-19,Z-Score,46393.0,7.9,TSLA260220C00650000,0.015648379052369155,,-0.04480465502909392,54.4591220961133,1f98e5bf-b31f-40ff-ba37-f84c30f4b51a,650.0,TSLA
2025-12-19,680.59,684.83,,687.85,2025-12-22,,2025-12-29,63,2025-12-19,IQR,150080.0,0.985,SPY260220P00525000,0.006229888772976366,,0.010667215210332204,12504.25,1f98e5bf-b31f-40ff-ba37-f84c30f4b51a,525.0,SPY
2025-12-19,80.36,80.43,,80.63,2025-12-22,,2025-12-29,91,2025-12-19,IQR,91202.0,0.8049999999999999,HYG260320P00080000,0.0008710801393729817,,0.0033598805375807395,7597.75,1f98e5bf-b31f-40ff-ba37-f84c30f4b51a,80.0,HYG
2025-12-19,680.59,684.83,,687.85,2025-12-22,,2025-12-29,63,2025-12-19,IQR,75146.0,0.565,SPY260220P00475000,0.006229888772976366,,0.010667215210332204,6259.75,1f98e5bf-b31f-40ff-ba37-f84c30f4b51a,475.0,SPY
2025-12-19,680.59,684.83,,687.85,2025-12-22,,2025-12-29,63,2025-12-19,IQR,74963.0,1.94,SPY260220P00575000,0.006229888772976366,,0.010667215210332204,6244.5,1f98e5bf-b31f-40ff-ba37-f84c30f4b51a,575.0,SPY
2025-12-19,80.36,80.43,,80.63,2025-12-22,,2025-12-29,91,2025-12-19,IQR,64737.0,0.38,HYG260320C00081000,0.0008710801393729817,,0.0033598805375807395,5392.333333333333,1f98e5bf-b31f-40ff-ba37-f84c30f4b51a,81.0,HYG
2025-12-19,80.36,80.43,,80.63,2025-12-22,,2025-12-29,28,2025-12-19,IQR,56069.0,0.015,HYG260116P00073000,0.0008710801393729817,,0.0033598805375807395,4670.0,1f98e5bf-b31f-40ff-ba37-f84c30f4b51a,73.0,HYG
2025-12-19,80.36,80.43,,80.63,2025-12-22,,2025-12-29,91,2025-12-19,IQR,47721.0,0.25,HYG260320P00076000,0.0008710801393729817,,0.0033598805375807395,3974.3333333333335,1f98e5bf-b31f-40ff-ba37-f84c30f4b51a,76.0,HYG
2025-12-19,481.2,488.73,,459.64,2025-12-22,,2025-12-29,63,2025-12-19,IQR,46393.0,7.9,TSLA260220C00650000,0.015648379052369155,,-0.04480465502909392,3863.6666666666665,1f98e5bf-b31f-40ff-ba37-f84c30f4b51a,650.0,TSLA
2025-12-19,0.8985,0.8658,,0.7734,2025-12-22,,2025-12-29,301,2025-12-19,Pre-Event,12132.0,0.175,ASST261016C00001500,-0.03639398998330545,,-0.13923205342237066,562.1897210630352,1f98e5bf-b31f-40ff-ba37-f84c30f4b51a,1.5,ASST
2025-12-19,2.01,1.84,,1.98,2025-12-22,,2025-12-29,63,2025-12-19,Pre-Event,926.0,1.1,OTLK260220C00002000,-0.08457711442786053,,-0.01492537313432829,48.206177858778446,1f98e5bf-b31f-40ff-ba37-f84c30f4b51a,2.0,OTLK
2025-12-19,9.04,8.95,,9.75,2025-12-22,,2025-12-29,91,2025-12-19,Pre-Event,314.0,0.65,VWAV260320C00010000,-0.009955752212389313,,0.07853982300884965,32.776095617529876,1f98e5bf-b31f-40ff-ba37-f84c30f4b51a,10.0,VWAV
2025-12-19,8.04,8.17,,8.25,2025-12-22,,2025-12-29,0,2025-12-19,Pre-Event,385.0,0.05,LFCR251219P00007500,0.016169154228855787,,0.026119402985074647,29.42554240631164,1f98e5bf-b31f-40ff-ba37-f84c30f4b51a,7.5,LFCR
2025-12-19,1.62,1.52,,1.37,2025-12-22,,2025-12-29,28,2025-12-19,Pre-Event,287.0,0.275,CMBM260116C00001500,-0.06172839506172845,,-0.154320987654321,24.27721943048576,1f98e5bf-b31f-40ff-ba37-f84c30f4b51a,1.5,CMBM
2025-12-19,9.04,8.95,,9.75,2025-12-22,,2025-12-29,91,2025-12-19,Pre-Event,250.0,0.425,VWAV260320C00012500,-0.009955752212389313,,0.07853982300884965,18.22709163346613,1f98e5bf-b31f-40ff-ba37-f84c30f4b51a,12.5,VWAV
2025-12-19,16.91,16.62,,16.77,2025-12-22,,2025-12-29,0,2025-12-19,Pre-Event,186.0,0.75,KEP251219P00017500,-0.01714961561206385,,-0.008279124778237779,16.077127659574465,1f98e5bf-b31f-40ff-ba37-f84c30f4b51a,17.5,KEP
2025-12-19,43.94,42.8,,41.84,2025-12-22,,2025-12-29,0,2025-12-19,Pre-Event,1800.0,1.15,LW251219P00057500,-0.025944469731452036,,-0.047792444242148235,13.799263146142678,1f98e5bf-b31f-40ff-ba37-f84c30f4b51a,57.5,LW
2025-12-19,43.94,42.8,,41.84,2025-12-22,,2025-12-29,0,2025-12-19,Pre-Event,1546.0,0.5,LW251219C00065000,-0.025944469731452036,,-0.047792444242148235,10.32162554426705,1f98e5bf-b31f-40ff-ba37-f84c30f4b51a,65.0,LW
2025-12-19,112.28,114.88,,114.0,2025-12-22,,2025-12-29,0,2025-12-19,Pre-Event,1087.0,0.5,PAYX251219P00105000,0.02315639472746689,,0.01531884574278597,8.192276549361566,1f98e5bf-b31f-40ff-ba37-f84c30f4b51a,105.0,PAYX
2025-12-22,684.83,687.96,,687.01,2025-12-23,,2025-12-30,60,2025-12-22,Z-Score,150105.0,0.795,SPY260220P00530000,0.004570477344742585,,0.0031832717608748506,182.21121214625165,a19bff77-1a24-4da2-b08d-7203c7629d46,530.0,SPY
2025-12-22,684.83,687.96,,687.01,2025-12-23,,2025-12-30,60,2025-12-22,Z-Score,75381.0,1.55,SPY260220P00580000,0.004570477344742585,,0.0031832717608748506,91.46756487037153,a19bff77-1a24-4da2-b08d-7203c7629d46,580.0,SPY
2025-12-22,684.83,687.96,,687.01,2025-12-23,,2025-12-30,60,2025-12-22,Z-Score,75039.0,0.445,SPY260220P00480000,0.004570477344742585,,0.0031832717608748506,91.05224546337578,a19bff77-1a24-4da2-b08d-7203c7629d46,480.0,SPY
2025-12-22,24.61,24.54,,23.92,2025-12-23,,2025-12-30,60,2025-12-22,Z-Score,59215.0,0.725,FHN260220C00026000,-0.002844372206420198,,-0.028037383177569986,71.83582939232059,a19bff77-1a24-4da2-b08d-7203c7629d46,26.0,FHN
2025-12-22,17.01,17.02,,17.33,2025-12-23,,2025-12-30,88,2025-12-22,Z-Score,48732.0,0.27,KVUE260320C00020000,0.0005878894767783471,,0.018812463256907552,59.10543949893892,a19bff77-1a24-4da2-b08d-7203c7629d46,20.0,KVUE
2025-12-22,253.58,252.08,,248.03,2025-12-23,,2025-12-30,25,2025-12-22,Z-Score,46285.0,1.2349999999999999,IWM260116P00238000,-0.005915293004180144,,-0.021886584115466512,56.13384128572658,a19bff77-1a24-4da2-b08d-7203c7629d46,238.0,IWM
2025-12-22,80.43,80.49,,80.71,2025-12-23,,2025-12-30,60,2025-12-22,Z-Score,46206.0,0.14500000000000002,HYG260220P00077000,0.000745990302125854,,0.003481288076588207,56.03790493147903,a19bff77-1a24-4da2-b08d-7203c7629d46,77.0,HYG
2025-12-22,17.01,17.02,,17.33,2025-12-23,,2025-12-30,88,2025-12-22,Z-Score,44514.0,0.29,KVUE260320P00014000,0.0005878894767783471,,0.018812463256907552,53.983166812657906,a19bff77-1a24-4da2-b08d-7203c7629d46,14.0,KVUE
2025-12-22,57.22,57.34,,61.19,2025-12-23,,2025-12-30,25,2025-12-22,Z-Score,41461.0,2.325,NKE260116P00060000,0.002097168822090323,,0.06938133519748346,50.275651755470626,a19bff77-1a24-4da2-b08d-7203c7629d46,60.0,NKE
2025-12-22,684.83,687.96,,687.01,2025-12-23,,2025-12-30,60,2025-12-22,IQR,150105.0,0.795,SPY260220P00530000,0.004570477344742585,,0.0031832717608748506,10004.433333333332,a19bff77-1a24-4da2-b08d-7203c7629d46,530.0,SPY
2025-12-22,684.83,687.96,,687.01,2025-12-23,,2025-12-30,60,2025-12-22,IQR,75381.0,1.55,SPY260220P00580000,0.004570477344742585,,0.0031832717608748506,5022.833333333333,a19bff77-1a24-4da2-b08d-7203c7629d46,580.0,SPY
2025-12-22,684.83,687.96,,687.01,2025-12-23,,2025-12-30,60,2025-12-22,IQR,75039.0,0.445,SPY260220P00480000,0.004570477344742585,,0.0031832717608748506,5000.033333333334,a19bff77-1a24-4da2-b08d-7203c7629d46,480.0,SPY
2025-12-22,24.61,24.54,,23.92,2025-12-23,,2025-12-30,60,2025-12-22,IQR,59215.0,0.725,FHN260220C00026000,-0.002844372206420198,,-0.028037383177569986,3945.1,a19bff77-1a24-4da2-b08d-7203c7629d46,26.0,FHN
2025-12-22,17.01,17.02,,17.33,2025-12-23,,2025-12-30,88,2025-12-22,IQR,48732.0,0.27,KVUE260320C00020000,0.0005878894767783471,,0.018812463256907552,3246.233333333333,a19bff77-1a24-4da2-b08d-7203c7629d46,20.0,KVUE
2025-12-22,253.58,252.08,,248.03,2025-12-23,,2025-12-30,25,2025-12-22,IQR,46285.0,1.2349999999999999,IWM260116P00238000,-0.005915293004180144,,-0.021886584115466512,3083.1,a19bff77-1a24-4da2-b08d-7203c7629d46,238.0,IWM
2025-12-22,80.43,80.49,,80.71,2025-12-23,,2025-12-30,60,2025-12-22,IQR,46206.0,0.14500000000000002,HYG260220P00077000,0.000745990302125854,,0.003481288076588207,3077.8333333333335,a19bff77-1a24-4da2-b08d-7203c7629d46,77.0,HYG
2025-12-22,17.01,17.02,,17.33,2025-12-23,,2025-12-30,88,2025-12-22,IQR,44514.0,0.29,KVUE260320P00014000,0.0005878894767783471,,0.018812463256907552,2965.0333333333333,a19bff77-1a24-4da2-b08d-7203c7629d46,14.0,KVUE
2025-12-22,57.22,57.34,,61.19,2025-12-23,,2025-12-30,25,2025-12-22,IQR,41461.0,2.325,NKE260116P00060000,0.002097168822090323,,0.06938133519748346,2761.5,a19bff77-1a24-4da2-b08d-7203c7629d46,60.0,NKE
2025-12-22,0.8658,0.8054,,0.732,2025-12-23,,2025-12-30,389,2025-12-22,Pre-Event,40535.0,0.275,ASST270115C00002000,-0.06976206976206978,,-0.15453915453915457,6758.929498930644,a19bff77-1a24-4da2-b08d-7203c7629d46,2.0,ASST
2025-12-22,8.95,9.85,,9.5,2025-12-23,,2025-12-30,88,2025-12-22,Pre-Event,571.0,0.825,VWAV260320C00010000,0.1005586592178771,,0.06145251396648055,413.22368421052624,a19bff77-1a24-4da2-b08d-7203c7629d46,10.0,VWAV
2025-12-22,60.77,61.08,,60.92,2025-12-23,,2025-12-30,25,2025-12-22,Pre-Event,1300.0,1.775,BHP260116P00060000,0.005101201250617082,,0.002468323185782495,341.0714285714285,a19bff77-1a24-4da2-b08d-7203c7629d46,60.0,BHP
2025-12-22,1.25,1.3,,1.21,2025-12-23,,2025-12-30,25,2025-12-22,Pre-Event,301.0,1.35,GTIM260116P00002500,0.040000000000000036,,-0.03200000000000003,285.8075709779179,a19bff77-1a24-4da2-b08d-7203c7629d46,2.5,GTIM
2025-12-22,1.17,1.17,,1.1,2025-12-23,,2025-12-30,389,2025-12-22,Pre-Event,2889.0,1.625,NFE270115P00002000,0.0,,-0.05982905982905973,267.52055636671014,a19bff77-1a24-4da2-b08d-7203c7629d46,2.0,NFE
2025-12-22,50.14,48.75,,48.86,2025-12-23,,2025-12-30,144,2025-12-22,Pre-Event,300.0,6.1,SOLS260515P00050000,-0.02772237734343841,,-0.025528520143597966,87.9765395894428,a19bff77-1a24-4da2-b08d-7203c7629d46,50.0,SOLS
2025-12-22,6.41,6.71,,6.79,2025-12-23,,2025-12-30,144,2025-12-22,Pre-Event,260.0,0.475,IMMR260515C00007500,0.046801872074883066,,0.05928237129485181,63.83380547686495,a19bff77-1a24-4da2-b08d-7203c7629d46,7.5,IMMR
2025-12-22,50.14,48.75,,48.86,2025-12-23,,2025-12-30,25,2025-12-22,Pre-Event,233.0,0.8,SOLS260116C00055000,-0.02772237734343841,,-0.025528520143597966,53.75171065493645,a19bff77-1a24-4da2-b08d-7203c7629d46,55.0,SOLS
2025-12-23,413.64,411.93,,396.31,2025-12-24,,2025-12-31,38,2025-12-23,Z-Score,138615.0,6.75,GLD260130C00425000,-0.004134029590948551,,-0.04189633497727485,171.73288439485444,af652c7f-cb26-45f0-b011-d4fcaaf5c605,425.0,GLD
2025-12-23,413.64,411.93,,396.31,2025-12-24,,2025-12-31,38,2025-12-23,Z-Score,114032.0,3.4,GLD260130C00440000,-0.004134029590948551,,-0.04189633497727485,141.26500508392817,af652c7f-cb26-45f0-b011-d4fcaaf5c605,440.0,GLD
2025-12-23,413.64,411.93,,396.31,2025-12-24,,2025-12-31,24,2025-12-23,Z-Score,111153.0,2.3449999999999998,GLD260116C00435000,-0.004134029590948551,,-0.04189633497727485,137.69680655095186,af652c7f-cb26-45f0-b011-d4fcaaf5c605,435.0,GLD
2025-12-23,413.64,411.93,,396.31,2025-12-24,,2025-12-31,24,2025-12-23,Z-Score,110718.0,5.775,GLD260116C00420000,-0.004134029590948551,,-0.04189633497727485,137.15767269827919,af652c7f-cb26-45f0-b011-d4fcaaf5c605,420.0,GLD
2025-12-23,77.51,78.12,,77.68,2025-12-24,,2025-12-31,59,2025-12-23,Z-Score,75229.0,0.45499999999999996,XLP260220P00074000,0.007869952264224045,,0.0021932653851115536,93.17302603735655,af652c7f-cb26-45f0-b011-d4fcaaf5c605,74.0,XLP
2025-12-23,80.49,80.64,,80.63,2025-12-24,,2025-12-31,59,2025-12-23,Z-Score,58301.0,0.23500000000000001,HYG260220C00081000,0.00186358553857624,,0.0017393465026711574,72.19266314530273,af652c7f-cb26-45f0-b011-d4fcaaf5c605,81.0,HYG
2025-12-23,6909.79,6932.05,,6845.5,2025-12-24,,2025-12-31,0,2025-12-23,Z-Score,50483.0,3.25,SPXW251223C06900000,0.0032215161386959235,,-0.009304190141813273,62.50312645519896,af652c7f-cb26-45f0-b011-d4fcaaf5c605,6900.0,SPXW
2025-12-23,189.21,188.61,,186.5,2025-12-24,,2025-12-31,87,2025-12-23,Z-Score,48932.0,30.775,NVDA260320C00160000,-0.0031710797526557366,,-0.014322710216161938,60.5808354080832,af652c7f-cb26-45f0-b011-d4fcaaf5c605,160.0,NVDA
2025-12-23,6909.79,6932.05,,6845.5,2025-12-24,,2025-12-31,0,2025-12-23,Z-Score,48749.0,2.2750000000000004,SPXW251223C06905000,0.0032215161386959235,,-0.009304190141813273,60.35402737351055,af652c7f-cb26-45f0-b011-d4fcaaf5c605,6905.0,SPXW
2025-12-23,6909.79,6932.05,,6845.5,2025-12-24,,2025-12-31,0,2025-12-23,Z-Score,48512.0,4.65,SPXW251223P06855000,0.0032215161386959235,,-0.009304190141813273,60.06029237791646,af652c7f-cb26-45f0-b011-d4fcaaf5c605,6855.0,SPXW
2025-12-23,413.64,411.93,,396.31,2025-12-24,,2025-12-31,38,2025-12-23,IQR,138615.0,6.75,GLD260130C00425000,-0.004134029590948551,,-0.04189633497727485,8660.875,af652c7f-cb26-45f0-b011-d4fcaaf5c605,425.0,GLD
2025-12-23,413.64,411.93,,396.31,2025-12-24,,2025-12-31,38,2025-12-23,IQR,114032.0,3.4,GLD260130C00440000,-0.004134029590948551,,-0.04189633497727485,7124.4375,af652c7f-cb26-45f0-b011-d4fcaaf5c605,440.0,GLD
2025-12-23,413.64,411.93,,396.31,2025-12-24,,2025-12-31,24,2025-12-23,IQR,111153.0,2.3449999999999998,GLD260116C00435000,-0.004134029590948551,,-0.04189633497727485,6944.5,af652c7f-cb26-45f0-b011-d4fcaaf5c605,435.0,GLD
2025-12-23,413.64,411.93,,396.31,2025-12-24,,2025-12-31,24,2025-12-23,IQR,110718.0,5.775,GLD260116C00420000,-0.004134029590948551,,-0.04189633497727485,6917.3125,af652c7f-cb26-45f0-b011-d4fcaaf5c605,420.0,GLD
2025-12-23,77.51,78.12,,77.68,2025-12-24,,2025-12-31,59,2025-12-23,IQR,75229.0,0.45499999999999996,XLP260220P00074000,0.007869952264224045,,0.0021932653851115536,4699.25,af652c7f-cb26-45f0-b011-d4fcaaf5c605,74.0,XLP
2025-12-23,80.49,80.64,,80.63,2025-12-24,,2025-12-31,59,2025-12-23,IQR,58301.0,0.23500000000000001,HYG260220C00081000,0.00186358553857624,,0.0017393465026711574,3641.25,af652c7f-cb26-45f0-b011-d4fcaaf5c605,81.0,HYG
2025-12-23,6909.79,6932.05,,6845.5,2025-12-24,,2025-12-31,0,2025-12-23,IQR,50483.0,3.25,SPXW251223C06900000,0.0032215161386959235,,-0.009304190141813273,3152.625,af652c7f-cb26-45f0-b011-d4fcaaf5c605,6900.0,SPXW
2025-12-23,189.21,188.61,,186.5,2025-12-24,,2025-12-31,87,2025-12-23,IQR,48932.0,30.775,NVDA260320C00160000,-0.0031710797526557366,,-0.014322710216161938,3055.6875,af652c7f-cb26-45f0-b011-d4fcaaf5c605,160.0,NVDA
2025-12-23,6909.79,6932.05,,6845.5,2025-12-24,,2025-12-31,0,2025-12-23,IQR,48749.0,2.2750000000000004,SPXW251223C06905000,0.0032215161386959235,,-0.009304190141813273,3044.25,af652c7f-cb26-45f0-b011-d4fcaaf5c605,6905.0,SPXW
2025-12-23,6909.79,6932.05,,6845.5,2025-12-24,,2025-12-31,0,2025-12-23,IQR,48512.0,4.65,SPXW251223P06855000,0.0032215161386959235,,-0.009304190141813273,3029.4375,af652c7f-cb26-45f0-b011-d4fcaaf5c605,6855.0,SPXW
2025-12-23,11.02,11.03,,10.89,2025-12-24,,2025-12-31,24,2025-12-23,Pre-Event,1511.0,0.2,STLA260116P00010500,0.0009074410163338875,,-0.011796733212341093,346.2754755935702,af652c7f-cb26-45f0-b011-d4fcaaf5c605,10.5,STLA
2025-12-23,6.71,6.89,,6.8,2025-12-24,,2025-12-31,143,2025-12-23,Pre-Event,500.0,0.35000000000000003,IMMR260515C00007500,0.02682563338301036,,0.013412816691505292,328.515111695138,af652c7f-cb26-45f0-b011-d4fcaaf5c605,7.5,IMMR
2025-12-23,9.48,9.6,,10.02,2025-12-24,,2025-12-31,24,2025-12-23,Pre-Event,612.0,0.07500000000000001,EC260116C00010000,0.012658227848101111,,0.056962025316455556,288.3376623376623,af652c7f-cb26-45f0-b011-d4fcaaf5c605,10.0,EC
2025-12-23,1.17,1.15,,1.14,2025-12-24,,2025-12-31,24,2025-12-23,Pre-Event,1597.0,0.175,NFE260116C00001500,-0.017094017094017144,,-0.02564102564102566,201.2022697888234,af652c7f-cb26-45f0-b011-d4fcaaf5c605,1.5,NFE
2025-12-23,9.48,9.6,,10.02,2025-12-24,,2025-12-31,24,2025-12-23,Pre-Event,333.0,0.15000000000000002,EC260116P00009000,0.012658227848101111,,0.056962025316455556,80.00649350649348,af652c7f-cb26-45f0-b011-d4fcaaf5c605,9.0,EC
2025-12-23,1.3,1.135,,1.21,2025-12-24,,2025-12-31,24,2025-12-23,Pre-Event,449.0,1.1,GTIM260116P00002500,-0.12692307692307692,,-0.06923076923076932,10.265727069351227,af652c7f-cb26-45f0-b011-d4fcaaf5c605,2.5,GTIM
2025-12-23,1.3,1.135,,1.21,2025-12-24,,2025-12-31,59,2025-12-23,Pre-Event,402.0,1.175,GTIM260220P00002500,-0.12692307692307692,,-0.06923076923076932,3.6153020134228186,af652c7f-cb26-45f0-b011-d4fcaaf5c605,2.5,GTIM
2025-12-24,6932.05,6929.94,,6858.47,2025-12-26,,2026-01-02,0,2025-12-24,Z-Score,100178.0,2.25,SPXW251224C06920000,-0.0003043832632483312,,-0.010614464696590442,122.9571866578353,582af0e3-b710-4878-85a7-dc402755419d,6920.0,SPXW
2025-12-24,6932.05,6929.94,,6858.47,2025-12-26,,2026-01-02,0,2025-12-24,Z-Score,99896.0,2.275,SPXW251224P06885000,-0.0003043832632483312,,-0.010614464696590442,122.61091213869159,582af0e3-b710-4878-85a7-dc402755419d,6885.0,SPXW
2025-12-24,6932.05,6929.94,,6858.47,2025-12-26,,2026-01-02,0,2025-12-24,Z-Score,90857.0,2.8,SPXW251224P06890000,-0.0003043832632483312,,-0.010614464696590442,111.51170866869188,582af0e3-b710-4878-85a7-dc402755419d,6890.0,SPXW
2025-12-24,6932.05,6929.94,,6858.47,2025-12-26,,2026-01-02,0,2025-12-24,Z-Score,90454.0,1.4500000000000002,SPXW251224C06925000,-0.0003043832632483312,,-0.010614464696590442,111.01685536651135,582af0e3-b710-4878-85a7-dc402755419d,6925.0,SPXW
2025-12-24,80.64,80.6,,80.67,2025-12-26,,2026-01-02,86,2025-12-24,Z-Score,75176.0,0.6799999999999999,HYG260320P00080000,-0.0004960317460318553,,0.00037202380952372494,92.25663514141394,582af0e3-b710-4878-85a7-dc402755419d,80.0,HYG
2025-12-24,252.71,251.42,,248.78,2025-12-26,,2026-01-02,23,2025-12-24,Z-Score,57846.0,1.05,IWM260116P00240000,-0.005104665426773902,,-0.015551422579241025,70.97671522382406,582af0e3-b710-4878-85a7-dc402755419d,240.0,IWM
2025-12-24,188.61,190.53,,188.85,2025-12-26,,2026-01-02,9,2025-12-24,Z-Score,50391.0,2.0549999999999997,NVDA260102C00192500,0.010179735963098402,,0.0012724669953871892,61.822543095397485,582af0e3-b710-4878-85a7-dc402755419d,192.5,NVDA
2025-12-24,80.64,80.6,,80.67,2025-12-26,,2026-01-02,86,2025-12-24,Z-Score,50017.0,0.3,HYG260320P00076000,-0.0004960317460318553,,0.00037202380952372494,61.36329958419272,582af0e3-b710-4878-85a7-dc402755419d,76.0,HYG
2025-12-24,89.7,91.29,,85.73,2025-12-26,,2026-01-02,86,2025-12-24,Z-Score,50000.0,3.05,GDX260320P00081000,0.01772575250836117,,-0.0442586399108138,61.34242487913796,582af0e3-b710-4878-85a7-dc402755419d,81.0,GDX
2025-12-24,188.61,190.53,,188.85,2025-12-26,,2026-01-02,9,2025-12-24,Z-Score,46977.0,0.75,NVDA260102C00197500,0.010179735963098402,,0.0012724669953871892,57.63041115087054,582af0e3-b710-4878-85a7-dc402755419d,197.5,NVDA
2025-12-24,6932.05,6929.94,,6858.47,2025-12-26,,2026-01-02,0,2025-12-24,IQR,100178.0,2.25,SPXW251224C06920000,-0.0003043832632483312,,-0.010614464696590442,7153.142857142857,582af0e3-b710-4878-85a7-dc402755419d,6920.0,SPXW
2025-12-24,6932.05,6929.94,,6858.47,2025-12-26,,2026-01-02,0,2025-12-24,IQR,99896.0,2.275,SPXW251224P06885000,-0.0003043832632483312,,-0.010614464696590442,7133.0,582af0e3-b710-4878-85a7-dc402755419d,6885.0,SPXW
2025-12-24,6932.05,6929.94,,6858.47,2025-12-26,,2026-01-02,0,2025-12-24,IQR,90857.0,2.8,SPXW251224P06890000,-0.0003043832632483312,,-0.010614464696590442,6487.357142857143,582af0e3-b710-4878-85a7-dc402755419d,6890.0,SPXW
2025-12-24,6932.05,6929.94,,6858.47,2025-12-26,,2026-01-02,0,2025-12-24,IQR,90454.0,1.4500000000000002,SPXW251224C06925000,-0.0003043832632483312,,-0.010614464696590442,6458.571428571428,582af0e3-b710-4878-85a7-dc402755419d,6925.0,SPXW
2025-12-24,80.64,80.6,,80.67,2025-12-26,,2026-01-02,86,2025-12-24,IQR,75176.0,0.6799999999999999,HYG260320P00080000,-0.0004960317460318553,,0.00037202380952372494,5367.285714285715,582af0e3-b710-4878-85a7-dc402755419d,80.0,HYG
2025-12-24,252.71,251.42,,248.78,2025-12-26,,2026-01-02,23,2025-12-24,IQR,57846.0,1.05,IWM260116P00240000,-0.005104665426773902,,-0.015551422579241025,4129.428571428572,582af0e3-b710-4878-85a7-dc402755419d,240.0,IWM
2025-12-24,188.61,190.53,,188.85,2025-12-26,,2026-01-02,9,2025-12-24,IQR,50391.0,2.0549999999999997,NVDA260102C00192500,0.010179735963098402,,0.0012724669953871892,3596.9285714285716,582af0e3-b710-4878-85a7-dc402755419d,192.5,NVDA
2025-12-24,80.64,80.6,,80.67,2025-12-26,,2026-01-02,86,2025-12-24,IQR,50017.0,0.3,HYG260320P00076000,-0.0004960317460318553,,0.00037202380952372494,3570.214285714286,582af0e3-b710-4878-85a7-dc402755419d,76.0,HYG
2025-12-24,89.7,91.29,,85.73,2025-12-26,,2026-01-02,86,2025-12-24,IQR,50000.0,3.05,GDX260320P00081000,0.01772575250836117,,-0.0442586399108138,3569.0,582af0e3-b710-4878-85a7-dc402755419d,81.0,GDX
2025-12-24,188.61,190.53,,188.85,2025-12-26,,2026-01-02,9,2025-12-24,IQR,46977.0,0.75,NVDA260102C00197500,0.010179735963098402,,0.0012724669953871892,3353.0714285714284,582af0e3-b710-4878-85a7-dc402755419d,197.5,NVDA
2025-12-24,1.15,1.17,,1.11,2025-12-26,,2026-01-02,387,2025-12-24,Pre-Event,3724.0,1.7000000000000002,NFE270115P00002000,0.01739130434782621,,-0.03478260869565197,1259.166292134831,582af0e3-b710-4878-85a7-dc402755419d,2.0,NFE
2025-12-24,1.02,1.0,,0.7462,2025-12-26,,2026-01-02,23,2025-12-24,Pre-Event,719.0,0.07500000000000001,TRIB260116C00002500,-0.019607843137254943,,-0.2684313725490196,209.87384898710863,582af0e3-b710-4878-85a7-dc402755419d,2.5,TRIB
2025-12-24,4.27,4.22,,4.25,2025-12-26,,2026-01-02,58,2025-12-24,Pre-Event,200.0,0.05,LPL260220C00005000,-0.011709601873536313,,-0.004683840749414414,183.33333333333331,582af0e3-b710-4878-85a7-dc402755419d,5.0,LPL
2025-12-24,9.6,9.69,,10.22,2025-12-26,,2026-01-02,240,2025-12-24,Pre-Event,197.0,0.2,EC260821C00012000,0.009374999999999911,,0.06458333333333344,98.29521829521828,582af0e3-b710-4878-85a7-dc402755419d,12.0,EC
2025-12-24,9.95,9.69,,9.85,2025-12-26,,2026-01-02,176,2025-12-24,Pre-Event,665.0,0.95,VWAV260618C00012500,-0.026130653266331683,,-0.01005025125628134,38.49830795262267,582af0e3-b710-4878-85a7-dc402755419d,12.5,VWAV
2025-12-24,9.49,9.65,,8.61,2025-12-26,,2026-01-02,86,2025-12-24,Pre-Event,298.0,0.4,BNED260320C00012500,0.01685985247629085,,-0.09272918861959967,35.906129597197896,582af0e3-b710-4878-85a7-dc402755419d,12.5,BNED
2025-12-26,690.31,687.85,,,2025-12-29,,,4,2025-12-26,Z-Score,32931.0,1.615,SPY251230P00689000,-0.003563616346279108,,,78.38130021977271,d0c05cc6-0785-41ef-932d-8c4586cbc631,689.0,SPY
2025-12-26,9.59,9.49,,,2025-12-29,,,7,2025-12-26,Z-Score,32798.0,0.39,MARA260102C00010000,-0.010427528675703845,,,78.06447339649146,d0c05cc6-0785-41ef-932d-8c4586cbc631,10.0,MARA
2025-12-26,9.59,9.49,,,2025-12-29,,,7,2025-12-26,Z-Score,32353.0,0.11499999999999999,MARA260102C00011000,-0.010427528675703845,,,77.00441372461059,d0c05cc6-0785-41ef-932d-8c4586cbc631,11.0,MARA
2025-12-26,690.31,687.85,,,2025-12-29,,,4,2025-12-26,Z-Score,31514.0,1.32,SPY251230P00688000,-0.003563616346279108,,,75.00578436571611,d0c05cc6-0785-41ef-932d-8c4586cbc631,688.0,SPY
2025-12-26,690.31,687.85,,,2025-12-29,,,0,2025-12-26,Z-Score,31397.0,0.305,SPY251226C00692000,-0.003563616346279108,,,74.72707204749125,d0c05cc6-0785-41ef-932d-8c4586cbc631,692.0,SPY
2025-12-26,30.64,30.08,,,2025-12-29,,,7,2025-12-26,Z-Score,30062.0,0.73,SMCI260102C00031000,-0.018276762402088864,,,71.54689303184865,d0c05cc6-0785-41ef-932d-8c4586cbc631,31.0,SMCI
2025-12-26,30.64,30.08,,,2025-12-29,,,7,2025-12-26,Z-Score,29707.0,0.29500000000000004,SMCI260102C00032500,-0.018276762402088864,,,70.70122745090998,d0c05cc6-0785-41ef-932d-8c4586cbc631,32.5,SMCI
2025-12-26,13.99,13.95,,,2025-12-29,,,7,2025-12-26,Z-Score,29354.0,0.41500000000000004,AI260102C00014000,-0.002859185132237374,,,69.86032618310337,d0c05cc6-0785-41ef-932d-8c4586cbc631,14.0,AI
2025-12-26,13.99,13.95,,,2025-12-29,,,7,2025-12-26,Z-Score,27327.0,0.21500000000000002,AI260102C00014500,-0.002859185132237374,,,65.03169482377187,d0c05cc6-0785-41ef-932d-8c4586cbc631,14.5,AI
2025-12-26,690.31,687.85,,,2025-12-29,,,0,2025-12-26,Z-Score,22618.0,0.155,SPY251226C00693000,-0.003563616346279108,,,53.81411955436289,d0c05cc6-0785-41ef-932d-8c4586cbc631,693.0,SPY
2025-12-26,690.31,687.85,,,2025-12-29,,,4,2025-12-26,IQR,32931.0,1.615,SPY251230P00689000,-0.003563616346279108,,,2991.318181818182,d0c05cc6-0785-41ef-932d-8c4586cbc631,689.0,SPY
2025-12-26,9.59,9.49,,,2025-12-29,,,7,2025-12-26,IQR,32798.0,0.39,MARA260102C00010000,-0.010427528675703845,,,2979.2272727272725,d0c05cc6-0785-41ef-932d-8c4586cbc631,10.0,MARA
2025-12-26,9.59,9.49,,,2025-12-29,,,7,2025-12-26,IQR,32353.0,0.11499999999999999,MARA260102C00011000,-0.010427528675703845,,,2938.7727272727275,d0c05cc6-0785-41ef-932d-8c4586cbc631,11.0,MARA
2025-12-26,690.31,687.85,,,2025-12-29,,,4,2025-12-26,IQR,31514.0,1.32,SPY251230P00688000,-0.003563616346279108,,,2862.5,d0c05cc6-0785-41ef-932d-8c4586cbc631,688.0,SPY
2025-12-26,690.31,687.85,,,2025-12-29,,,0,2025-12-26,IQR,31397.0,0.305,SPY251226C00692000,-0.003563616346279108,,,2851.8636363636365,d0c05cc6-0785-41ef-932d-8c4586cbc631,692.0,SPY
2025-12-26,30.64,30.08,,,2025-12-29,,,7,2025-12-26,IQR,30062.0,0.73,SMCI260102C00031000,-0.018276762402088864,,,2730.5,d0c05cc6-0785-41ef-932d-8c4586cbc631,31.0,SMCI
2025-12-26,30.64,30.08,,,2025-12-29,,,7,2025-12-26,IQR,29707.0,0.29500000000000004,SMCI260102C00032500,-0.018276762402088864,,,2698.2272727272725,d0c05cc6-0785-41ef-932d-8c4586cbc631,32.5,SMCI
2025-12-26,13.99,13.95,,,2025-12-29,,,7,2025-12-26,IQR,29354.0,0.41500000000000004,AI260102C00014000,-0.002859185132237374,,,2666.1363636363635,d0c05cc6-0785-41ef-932d-8c4586cbc631,14.0,AI
2025-12-26,13.99,13.95,,,2025-12-29,,,7,2025-12-26,IQR,27327.0,0.21500000000000002,AI260102C00014500,-0.002859185132237374,,,2481.8636363636365,d0c05cc6-0785-41ef-932d-8c4586cbc631,14.5,AI
2025-12-26,690.31,687.85,,,2025-12-29,,,0,2025-12-26,IQR,22618.0,0.155,SPY251226C00693000,-0.003563616346279108,,,2053.7727272727275,d0c05cc6-0785-41ef-932d-8c4586cbc631,693.0,SPY
2025-12-26,0.8146,0.7734,,,2025-12-29,,,294,2025-12-26,Pre-Event,9834.0,0.175,ASST261016C00001500,-0.0505769702921679,,,500.82182217946956,d0c05cc6-0785-41ef-932d-8c4586cbc631,1.5,ASST
2025-12-26,1.17,1.16,,,2025-12-29,,,7,2025-12-26,Pre-Event,2202.0,0.07500000000000001,NFE260102P00001000,-0.008547008547008517,,,157.78834808259586,d0c05cc6-0785-41ef-932d-8c4586cbc631,1.0,NFE
2025-12-26,4.22,4.25,,,2025-12-29,,,56,2025-12-26,Pre-Event,599.0,0.025,LPL260220C00005000,0.007109004739336511,,,99.41620241411326,d0c05cc6-0785-41ef-932d-8c4586cbc631,5.0,LPL
2025-12-26,61.89,60.39,,,2025-12-29,,,84,2025-12-26,Pre-Event,165.0,2.3499999999999996,BHP260320C00062500,-0.02423654871546288,,,10.862736660929432,d0c05cc6-0785-41ef-932d-8c4586cbc631,62.5,BHP
2025-12-26,21.14,21.1,,,2025-12-29,,,21,2025-12-26,Pre-Event,335.0,2.325,HELE260116C00020000,-0.0018921475875117721,,,9.994999583298606,d0c05cc6-0785-41ef-932d-8c4586cbc631,20.0,HELE
2025-12-26,71.24,70.55,,,2025-12-29,,,21,2025-12-26,Pre-Event,126.0,1.95,CMC260116C00072500,-0.009685569904547942,,,5.7371507416350465,d0c05cc6-0785-41ef-932d-8c4586cbc631,72.5,CMC
2025-12-29,687.85,687.01,,,2025-12-30,,,171,2025-12-29,Z-Score,130025.0,11.68,SPY260618P00630000,-0.001221196481791087,,,166.990745363791,07ab8fac-bd8e-4fd3-89ec-49b1e9dbb05e,630.0,SPY
2025-12-29,620.87,619.43,,,2025-12-30,,,171,2025-12-29,Z-Score,120646.0,15.805,QQQ260618P00574780,-0.0023193261069145432,,,154.94087376734112,07ab8fac-bd8e-4fd3-89ec-49b1e9dbb05e,574.78,QQQ
2025-12-29,687.85,687.01,,,2025-12-30,,,4,2025-12-29,Z-Score,56784.0,0.975,SPY260102P00684000,-0.001221196481791087,,,72.89279829101282,07ab8fac-bd8e-4fd3-89ec-49b1e9dbb05e,684.0,SPY
2025-12-29,687.85,687.01,,,2025-12-30,,,4,2025-12-29,Z-Score,56598.0,0.215,SPY260102P00672000,-0.001221196481791087,,,72.65383079800294,07ab8fac-bd8e-4fd3-89ec-49b1e9dbb05e,672.0,SPY
2025-12-29,620.87,619.43,,,2025-12-30,,,4,2025-12-29,Z-Score,55857.0,1.06,QQQ260102P00615000,-0.0023193261069145432,,,71.7018151403668,07ab8fac-bd8e-4fd3-89ec-49b1e9dbb05e,615.0,QQQ
2025-12-29,620.87,619.43,,,2025-12-30,,,4,2025-12-29,Z-Score,52574.0,0.195,QQQ260102P00600000,-0.0023193261069145432,,,67.48391041159562,07ab8fac-bd8e-4fd3-89ec-49b1e9dbb05e,600.0,QQQ
2025-12-29,155.81,155.68,,,2025-12-30,,,263,2025-12-29,Z-Score,45001.0,0.04,XLV260918P00070000,-0.0008343495282715496,,,57.7543360859836,07ab8fac-bd8e-4fd3-89ec-49b1e9dbb05e,70.0,XLV
2025-12-29,459.64,454.43,,,2025-12-30,,,4,2025-12-29,Z-Score,41619.0,0.005,TSLA260102P00190000,-0.011334957793055378,,,53.4092389819007,07ab8fac-bd8e-4fd3-89ec-49b1e9dbb05e,190.0,TSLA
2025-12-29,88.07,87.86,,,2025-12-30,,,4,2025-12-29,Z-Score,30947.0,0.095,TLT260102C00088500,-0.0023844669013284303,,,39.6981578775918,07ab8fac-bd8e-4fd3-89ec-49b1e9dbb05e,88.5,TLT
2025-12-29,30.08,29.65,,,2025-12-30,,,4,2025-12-29,Z-Score,30346.0,0.195,SMCI260102C00032500,-0.014295212765957466,,,38.926010225446966,07ab8fac-bd8e-4fd3-89ec-49b1e9dbb05e,32.5,SMCI
2025-12-29,687.85,687.01,,,2025-12-30,,,171,2025-12-29,IQR,130025.0,11.68,SPY260618P00630000,-0.001221196481791087,,,9999.346153846154,07ab8fac-bd8e-4fd3-89ec-49b1e9dbb05e,630.0,SPY
2025-12-29,620.87,619.43,,,2025-12-30,,,171,2025-12-29,IQR,120646.0,15.805,QQQ260618P00574780,-0.0023193261069145432,,,9277.884615384615,07ab8fac-bd8e-4fd3-89ec-49b1e9dbb05e,574.78,QQQ
2025-12-29,687.85,687.01,,,2025-12-30,,,4,2025-12-29,IQR,56784.0,0.975,SPY260102P00684000,-0.001221196481791087,,,4365.423076923077,07ab8fac-bd8e-4fd3-89ec-49b1e9dbb05e,684.0,SPY
2025-12-29,687.85,687.01,,,2025-12-30,,,4,2025-12-29,IQR,56598.0,0.215,SPY260102P00672000,-0.001221196481791087,,,4351.115384615385,07ab8fac-bd8e-4fd3-89ec-49b1e9dbb05e,672.0,SPY
2025-12-29,620.87,619.43,,,2025-12-30,,,4,2025-12-29,IQR,55857.0,1.06,QQQ260102P00615000,-0.0023193261069145432,,,4294.115384615385,07ab8fac-bd8e-4fd3-89ec-49b1e9dbb05e,615.0,QQQ
2025-12-29,620.87,619.43,,,2025-12-30,,,4,2025-12-29,IQR,52574.0,0.195,QQQ260102P00600000,-0.0023193261069145432,,,4041.576923076923,07ab8fac-bd8e-4fd3-89ec-49b1e9dbb05e,600.0,QQQ
2025-12-29,155.81,155.68,,,2025-12-30,,,263,2025-12-29,IQR,45001.0,0.04,XLV260918P00070000,-0.0008343495282715496,,,3459.0384615384614,07ab8fac-bd8e-4fd3-89ec-49b1e9dbb05e,70.0,XLV
2025-12-29,459.64,454.43,,,2025-12-30,,,4,2025-12-29,IQR,41619.0,0.005,TSLA260102P00190000,-0.011334957793055378,,,3198.8846153846152,07ab8fac-bd8e-4fd3-89ec-49b1e9dbb05e,190.0,TSLA
2025-12-29,88.07,87.86,,,2025-12-30,,,4,2025-12-29,IQR,30947.0,0.095,TLT260102C00088500,-0.0023844669013284303,,,2377.9615384615386,07ab8fac-bd8e-4fd3-89ec-49b1e9dbb05e,88.5,TLT
2025-12-29,30.08,29.65,,,2025-12-30,,,4,2025-12-29,IQR,30346.0,0.195,SMCI260102C00032500,-0.014295212765957466,,,2331.730769230769,07ab8fac-bd8e-4fd3-89ec-49b1e9dbb05e,32.5,SMCI
2025-12-29,0.7734,0.732,,,2025-12-30,,,753,2025-12-29,Pre-Event,9971.0,0.32499999999999996,ASST280121C00002500,-0.053529868114817636,,,945.8577796706413,07ab8fac-bd8e-4fd3-89ec-49b1e9dbb05e,2.5,ASST
2025-12-29,11.05,11.04,,,2025-12-30,,,18,2025-12-29,Pre-Event,1878.0,0.175,STLA260116C00011500,-0.0009049773755657187,,,887.4707842701621,07ab8fac-bd8e-4fd3-89ec-49b1e9dbb05e,11.5,STLA
2025-12-29,4.68,4.86,,,2025-12-30,,,18,2025-12-29,Pre-Event,500.0,0.375,CODI260116P00005000,0.03846153846153855,,,154.7029702970297,07ab8fac-bd8e-4fd3-89ec-49b1e9dbb05e,5.0,CODI
2025-12-29,4.25,4.22,,,2025-12-30,,,53,2025-12-29,Pre-Event,320.0,0.05,LPL260220C00005000,-0.007058823529411784,,,105.07246376811591,07ab8fac-bd8e-4fd3-89ec-49b1e9dbb05e,5.0,LPL
2025-12-29,7.22,7.05,,,2025-12-30,,,18,2025-12-29,Pre-Event,190.0,0.325,NEOG260116C00007500,-0.023545706371191133,,,16.00358422939068,07ab8fac-bd8e-4fd3-89ec-49b1e9dbb05e,7.5,NEOG
2025-12-29,62.69,62.73,,,2025-12-30,,,171,2025-12-29,Pre-Event,250.0,4.65,JEF260618C00067500,0.0006380602966979954,,,7.864602994840819,07ab8fac-bd8e-4fd3-89ec-49b1e9dbb05e,67.5,JEF
2025-12-29,9.67,9.36,,,2025-12-30,,,18,2025-12-29,Pre-Event,254.0,0.5,BNED260116C00010000,-0.03205791106514999,,,7.692428711897738,07ab8fac-bd8e-4fd3-89ec-49b1e9dbb05e,10.0,BNED
2025-12-30,10.61,10.57,,,2025-12-31,,,17,2025-12-30,Z-Score,97997.0,0.275,COMP260116C00012000,-0.0037700282752120007,,,137.8836708992643,7c3a317b-4275-434f-a92a-394774689f87,12.0,COMP
2025-12-30,687.01,681.92,,,2025-12-31,,,170,2025-12-30,Z-Score,92993.0,13.370000000000001,SPY260618P00640000,-0.007408916900772944,,,130.8399940332291,7c3a317b-4275-434f-a92a-394774689f87,640.0,SPY
2025-12-30,619.43,614.31,,,2025-12-31,,,170,2025-12-30,Z-Score,89977.0,17.38,QQQ260618P00580000,-0.008265663593949313,,,126.59464442732137,7c3a317b-4275-434f-a92a-394774689f87,580.0,QQQ
2025-12-30,10.61,10.57,,,2025-12-31,,,17,2025-12-30,Z-Score,81331.0,0.07500000000000001,COMP260116C00014000,-0.0037700282752120007,,,114.42445454248114,7c3a317b-4275-434f-a92a-394774689f87,14.0,COMP
2025-12-30,80.71,80.63,,,2025-12-31,,,3,2025-12-30,Z-Score,65032.0,0.01,HYG260102P00075000,-0.0009912030727294852,,,91.48183079357864,7c3a317b-4275-434f-a92a-394774689f87,75.0,HYG
2025-12-30,13.1,13.03,,,2025-12-31,,,381,2025-12-30,Z-Score,64304.0,0.255,VALE270115P00008000,-0.005343511450381699,,,90.45709123353195,7c3a317b-4275-434f-a92a-394774689f87,8.0,VALE
2025-12-30,13.1,13.03,,,2025-12-31,,,381,2025-12-30,Z-Score,39560.0,0.065,VALE270115P00005000,-0.005343511450381699,,,55.6272070662307,7c3a317b-4275-434f-a92a-394774689f87,5.0,VALE
2025-12-30,187.54,186.5,,,2025-12-31,,,31,2025-12-30,Z-Score,36963.0,0.86,NVDA260130P00160000,-0.005545483630158832,,,51.971645751064145,7c3a317b-4275-434f-a92a-394774689f87,160.0,NVDA
2025-12-30,180.84,177.75,,,2025-12-31,,,3,2025-12-30,Z-Score,35614.0,0.165,PLTR260102C00195000,-0.01708692767086928,,,50.072780824549056,7c3a317b-4275-434f-a92a-394774689f87,195.0,PLTR
2025-12-30,10.61,10.57,,,2025-12-31,,,17,2025-12-30,IQR,97997.0,0.275,COMP260116C00012000,-0.0037700282752120007,,,6997.357142857143,7c3a317b-4275-434f-a92a-394774689f87,12.0,COMP
2025-12-30,687.01,681.92,,,2025-12-31,,,170,2025-12-30,IQR,92993.0,13.370000000000001,SPY260618P00640000,-0.007408916900772944,,,6639.928571428572,7c3a317b-4275-434f-a92a-394774689f87,640.0,SPY
2025-12-30,619.43,614.31,,,2025-12-31,,,170,2025-12-30,IQR,89977.0,17.38,QQQ260618P00580000,-0.008265663593949313,,,6424.5,7c3a317b-4275-434f-a92a-394774689f87,580.0,QQQ
2025-12-30,10.61,10.57,,,2025-12-31,,,17,2025-12-30,IQR,81331.0,0.07500000000000001,COMP260116C00014000,-0.0037700282752120007,,,5806.928571428572,7c3a317b-4275-434f-a92a-394774689f87,14.0,COMP
2025-12-30,80.71,80.63,,,2025-12-31,,,3,2025-12-30,IQR,65032.0,0.01,HYG260102P00075000,-0.0009912030727294852,,,4642.714285714285,7c3a317b-4275-434f-a92a-394774689f87,75.0,HYG
2025-12-30,13.1,13.03,,,2025-12-31,,,381,2025-12-30,IQR,64304.0,0.255,VALE270115P00008000,-0.005343511450381699,,,4590.714285714285,7c3a317b-4275-434f-a92a-394774689f87,8.0,VALE
2025-12-30,13.1,13.03,,,2025-12-31,,,381,2025-12-30,IQR,39560.0,0.065,VALE270115P00005000,-0.005343511450381699,,,2823.285714285714,7c3a317b-4275-434f-a92a-394774689f87,5.0,VALE
2025-12-30,187.54,186.5,,,2025-12-31,,,31,2025-12-30,IQR,36963.0,0.86,NVDA260130P00160000,-0.005545483630158832,,,2637.785714285714,7c3a317b-4275-434f-a92a-394774689f87,160.0,NVDA
2025-12-30,180.84,177.75,,,2025-12-31,,,3,2025-12-30,IQR,35614.0,0.165,PLTR260102C00195000,-0.01708692767086928,,,2541.4285714285716,7c3a317b-4275-434f-a92a-394774689f87,195.0,PLTR
2025-12-30,48.86,48.58,,,2025-12-31,,,52,2025-12-30,Pre-Event,485.0,1.025,SOLS260220C00055000,-0.005730659025787954,,,409.88215488215485,7c3a317b-4275-434f-a92a-394774689f87,55.0,SOLS
2025-12-30,20.03,19.56,,,2025-12-31,,,17,2025-12-30,Pre-Event,908.0,1.9500000000000002,PENG260116P00020000,-0.023464802795806428,,,36.102677636499614,7c3a317b-4275-434f-a92a-394774689f87,20.0,PENG
2025-12-30,20.03,19.56,,,2025-12-31,,,17,2025-12-30,Pre-Event,874.0,1.875,PENG260116C00020000,-0.023464802795806428,,,35.326073298429314,7c3a317b-4275-434f-a92a-394774689f87,20.0,PENG
2025-12-30,10.95,10.88,,,2025-12-31,,,17,2025-12-30,Pre-Event,289.0,0.22499999999999998,RELL260116C00012500,-0.00639269406392684,,,35.18668831168831,7c3a317b-4275-434f-a92a-394774689f87,12.5,RELL
2025-12-30,20.03,19.56,,,2025-12-31,,,17,2025-12-30,Pre-Event,1001.0,0.85,PENG260116P00017500,-0.023464802795806428,,,30.157277486910985,7c3a317b-4275-434f-a92a-394774689f87,17.5,PENG
2025-12-30,36.9,36.41,,,2025-12-31,,,17,2025-12-30,Pre-Event,290.0,0.05,APOG260116C00050000,-0.013279132791327974,,,30.121776504297994,7c3a317b-4275-434f-a92a-394774689f87,50.0,APOG
2025-12-30,80.52,79.57,,,2025-12-31,,,17,2025-12-30,Pre-Event,305.0,1.9249999999999998,CALM260116P00080000,-0.011798310978638926,,,8.117956702253856,7c3a317b-4275-434f-a92a-394774689f87,80.0,CALM
2025-12-31,681.92,683.17,,,2026-01-02,,,9,2025-12-31,Z-Score,45951.0,2.1799999999999997,SPY260109C00693000,0.0018330595964335394,,,84.41271751080934,901de015-6a52-4952-ba82-6cc1d7d17a60,693.0,SPY
2025-12-31,681.92,683.17,,,2026-01-02,,,9,2025-12-31,Z-Score,45577.0,0.38,SPY260109C00701000,0.0018330595964335394,,,83.72515837662208,901de015-6a52-4952-ba82-6cc1d7d17a60,701.0,SPY
2025-12-31,246.16,248.78,,,2026-01-02,,,16,2025-12-31,Z-Score,42164.0,0.815,IWM260116P00238000,0.010643483912902152,,,77.45072167881155,901de015-6a52-4952-ba82-6cc1d7d17a60,238.0,IWM
2025-12-31,6845.5,6858.47,,,2026-01-02,,,44,2025-12-31,Z-Score,40474.0,6.25,SPXW260213P05750000,0.0018946753341611,,,74.34383682112042,901de015-6a52-4952-ba82-6cc1d7d17a60,5750.0,SPXW
2025-12-31,6845.5,6858.47,,,2026-01-02,,,44,2025-12-31,Z-Score,39342.0,5.5,SPXW260213P05650000,0.0018946753341611,,,72.26277548448945,901de015-6a52-4952-ba82-6cc1d7d17a60,5650.0,SPXW
2025-12-31,41.12,42.38,,,2026-01-02,,,16,2025-12-31,Z-Score,36585.0,0.46499999999999997,OXY260116C00043000,0.030642023346303615,,,67.194324861617,901de015-6a52-4952-ba82-6cc1d7d17a60,43.0,OXY
2025-12-31,681.92,683.17,,,2026-01-02,,,0,2025-12-31,Z-Score,35746.0,0.025,SPY251231P00643000,0.0018330595964335394,,,65.65191279321296,901de015-6a52-4952-ba82-6cc1d7d17a60,643.0,SPY
2025-12-31,87.16,87.03,,,2026-01-02,,,79,2025-12-31,Z-Score,34026.0,3.85,TLT260320C00085000,-0.001491509866911378,,,62.4898761333143,901de015-6a52-4952-ba82-6cc1d7d17a60,85.0,TLT
2025-12-31,681.92,683.17,,,2026-01-02,,,0,2025-12-31,Z-Score,32444.0,0.025,SPY251231P00646000,0.0018330595964335394,,,59.581537763570296,901de015-6a52-4952-ba82-6cc1d7d17a60,646.0,SPY
2025-12-31,87.16,87.03,,,2026-01-02,,,79,2025-12-31,Z-Score,30295.0,0.71,TLT260320P00085000,-0.001491509866911378,,,55.63083033210389,901de015-6a52-4952-ba82-6cc1d7d17a60,85.0,TLT
2025-12-31,681.92,683.17,,,2026-01-02,,,9,2025-12-31,IQR,45951.0,2.1799999999999997,SPY260109C00693000,0.0018330595964335394,,,3826.8333333333335,901de015-6a52-4952-ba82-6cc1d7d17a60,693.0,SPY
2025-12-31,681.92,683.17,,,2026-01-02,,,9,2025-12-31,IQR,45577.0,0.38,SPY260109C00701000,0.0018330595964335394,,,3795.6666666666665,901de015-6a52-4952-ba82-6cc1d7d17a60,701.0,SPY
2025-12-31,246.16,248.78,,,2026-01-02,,,16,2025-12-31,IQR,42164.0,0.815,IWM260116P00238000,0.010643483912902152,,,3511.25,901de015-6a52-4952-ba82-6cc1d7d17a60,238.0,IWM
2025-12-31,6845.5,6858.47,,,2026-01-02,,,44,2025-12-31,IQR,40474.0,6.25,SPXW260213P05750000,0.0018946753341611,,,3370.4166666666665,901de015-6a52-4952-ba82-6cc1d7d17a60,5750.0,SPXW
2025-12-31,6845.5,6858.47,,,2026-01-02,,,44,2025-12-31,IQR,39342.0,5.5,SPXW260213P05650000,0.0018946753341611,,,3276.0833333333335,901de015-6a52-4952-ba82-6cc1d7d17a60,5650.0,SPXW
2025-12-31,41.12,42.38,,,2026-01-02,,,16,2025-12-31,IQR,36585.0,0.46499999999999997,OXY260116C00043000,0.030642023346303615,,,3046.3333333333335,901de015-6a52-4952-ba82-6cc1d7d17a60,43.0,OXY
2025-12-31,681.92,683.17,,,2026-01-02,,,0,2025-12-31,IQR,35746.0,0.025,SPY251231P00643000,0.0018330595964335394,,,2976.4166666666665,901de015-6a52-4952-ba82-6cc1d7d17a60,643.0,SPY
2025-12-31,87.16,87.03,,,2026-01-02,,,79,2025-12-31,IQR,34026.0,3.85,TLT260320C00085000,-0.001491509866911378,,,2833.0833333333335,901de015-6a52-4952-ba82-6cc1d7d17a60,85.0,TLT
2025-12-31,681.92,683.17,,,2026-01-02,,,0,2025-12-31,IQR,32444.0,0.025,SPY251231P00646000,0.0018330595964335394,,,2701.25,901de015-6a52-4952-ba82-6cc1d7d17a60,646.0,SPY
2025-12-31,87.16,87.03,,,2026-01-02,,,79,2025-12-31,IQR,30295.0,0.71,TLT260320P00085000,-0.001491509866911378,,,2522.1666666666665,901de015-6a52-4952-ba82-6cc1d7d17a60,85.0,TLT
2025-12-31,0.738,0.8646,,,2026-01-02,,,289,2025-12-31,Pre-Event,9183.0,0.125,ASST261016C00002500,0.17154471544715455,,,2357.0981031577794,901de015-6a52-4952-ba82-6cc1d7d17a60,2.5,ASST
2025-12-31,1.14,1.11,,,2026-01-02,,,380,2025-12-31,Pre-Event,3000.0,1.1,NFE270115P00002000,-0.02631578947368407,,,1648.1813389562467,901de015-6a52-4952-ba82-6cc1d7d17a60,2.0,NFE
2025-12-31,21.25,20.61,,,2026-01-02,,,380,2025-12-31,Pre-Event,2954.0,4.85,HELE270115P00017500,-0.030117647058823582,,,342.8505106778087,901de015-6a52-4952-ba82-6cc1d7d17a60,17.5,HELE
2025-12-31,10.02,10.22,,,2026-01-02,,,51,2025-12-31,Pre-Event,345.0,0.1,EC260220C00012500,0.019960079840319445,,,297.91190864600327,901de015-6a52-4952-ba82-6cc1d7d17a60,12.5,EC
2025-12-31,9.19,8.61,,,2026-01-02,,,79,2025-12-31,Pre-Event,1000.0,1.8,BNED260320P00010000,-0.06311207834602828,,,199.0049751243781,901de015-6a52-4952-ba82-6cc1d7d17a60,10.0,BNED
2025-12-31,19.56,20.28,,,2026-01-02,,,51,2025-12-31,Pre-Event,1004.0,1.0499999999999998,PENG260220C00022500,0.03680981595092048,,,131.3083723348934,901de015-6a52-4952-ba82-6cc1d7d17a60,22.5,PENG
2025-12-31,4.62,5.24,,,2026-01-02,,,16,2025-12-31,Pre-Event,210.0,0.44999999999999996,NKLR260116C00005000,0.1341991341991342,,,69.22222222222221,901de015-6a52-4952-ba82-6cc1d7d17a60,5.0,NKLR
2025-12-31,60.37,61.76,,,2026-01-02,,,380,2025-12-31,Pre-Event,645.0,4.9,BHP270115C00065000,0.023024681133013036,,,24.274193548387093,901de015-6a52-4952-ba82-6cc1d7d17a60,65.0,BHP
2025-12-31,60.37,61.76,,,2026-01-02,,,380,2025-12-31,Pre-Event,600.0,4.2,BHP270115P00055000,0.023024681133013036,,,21.712158808932998,901de015-6a52-4952-ba82-6cc1d7d17a60,55.0,BHP
2025-12-31,17.17,17.31,,,2026-01-02,,,16,2025-12-31,Pre-Event,380.0,0.075,ACI260116P00015500,0.00815375655212569,,,18.960084033613445,901de015-6a52-4952-ba82-6cc1d7d17a60,15.5,ACI
2026-01-02,188.85,,,,,,,7,2026-01-02,Z-Score,54626.0,1.5550000000000002,NVDA260109C00192500,,,,85.30270042260963,9199aae9-255b-462f-82b9-7a3e80d54816,192.5,NVDA
2026-01-02,188.85,,,,,,,7,2026-01-02,Z-Score,51674.0,0.355,NVDA260109C00200000,,,,80.69003938924334,9199aae9-255b-462f-82b9-7a3e80d54816,200.0,NVDA
2026-01-02,5.14,,,,,,,0,2026-01-02,Z-Score,38635.0,0.16999999999999998,NIO260102C00005000,,,,60.31589060399159,9199aae9-255b-462f-82b9-7a3e80d54816,5.0,NIO
2026-01-02,248.78,,,,,,,49,2026-01-02,Z-Score,36003.0,2.5,IWM260220P00234000,,,,56.20324702681676,9199aae9-255b-462f-82b9-7a3e80d54816,234.0,IWM
2026-01-02,9.91,,,,,,,7,2026-01-02,Z-Score,36002.0,0.225,MARA260109C00009500,,,,56.201684472266166,9199aae9-255b-462f-82b9-7a3e80d54816,9.5,MARA
2026-01-02,6858.47,,,,,,,88,2026-01-02,Z-Score,34807.0,17.25,SPXW260331P05470000,,,,54.334431784301145,9199aae9-255b-462f-82b9-7a3e80d54816,5470.0,SPXW
2026-01-02,6858.47,,,,,,,88,2026-01-02,Z-Score,34806.0,81.95,SPXW260331P06475000,,,,54.33286922975055,9199aae9-255b-462f-82b9-7a3e80d54816,6475.0,SPXW
2026-01-02,6858.47,,,,,,,88,2026-01-02,Z-Score,34603.0,65.5,SPXW260331C07155000,,,,54.015670655979086,9199aae9-255b-462f-82b9-7a3e80d54816,7155.0,SPXW
2026-01-02,9.91,,,,,,,7,2026-01-02,Z-Score,34557.0,0.08499999999999999,MARA260109C00010500,,,,53.943793146651565,9199aae9-255b-462f-82b9-7a3e80d54816,10.5,MARA
2026-01-02,188.85,,,,,,,7,2026-01-02,IQR,54626.0,1.5550000000000002,NVDA260109C00192500,,,,4549.75,9199aae9-255b-462f-82b9-7a3e80d54816,192.5,NVDA
2026-01-02,188.85,,,,,,,7,2026-01-02,IQR,51674.0,0.355,NVDA260109C00200000,,,,4303.75,9199aae9-255b-462f-82b9-7a3e80d54816,200.0,NVDA
2026-01-02,5.14,,,,,,,0,2026-01-02,IQR,38635.0,0.16999999999999998,NIO260102C00005000,,,,3217.1666666666665,9199aae9-255b-462f-82b9-7a3e80d54816,5.0,NIO
2026-01-02,248.78,,,,,,,49,2026-01-02,IQR,36003.0,2.5,IWM260220P00234000,,,,2997.8333333333335,9199aae9-255b-462f-82b9-7a3e80d54816,234.0,IWM
2026-01-02,9.91,,,,,,,7,2026-01-02,IQR,36002.0,0.225,MARA260109C00009500,,,,2997.75,9199aae9-255b-462f-82b9-7a3e80d54816,9.5,MARA
2026-01-02,6858.47,,,,,,,88,2026-01-02,IQR,34807.0,17.25,SPXW260331P05470000,,,,2898.1666666666665,9199aae9-255b-462f-82b9-7a3e80d54816,5470.0,SPXW
2026-01-02,6858.47,,,,,,,88,2026-01-02,IQR,34806.0,81.95,SPXW260331P06475000,,,,2898.0833333333335,9199aae9-255b-462f-82b9-7a3e80d54816,6475.0,SPXW
2026-01-02,6858.47,,,,,,,88,2026-01-02,IQR,34603.0,65.5,SPXW260331C07155000,,,,2881.1666666666665,9199aae9-255b-462f-82b9-7a3e80d54816,7155.0,SPXW
2026-01-02,9.91,,,,,,,7,2026-01-02,IQR,34557.0,0.08499999999999999,MARA260109C00010500,,,,2877.3333333333335,9199aae9-255b-462f-82b9-7a3e80d54816,10.5,MARA
2026-01-02,6.41,,,,,,,14,2026-01-02,Pre-Event,150.0,0.05,IMMR260116C00007500,,,,130.61797752808988,9199aae9-255b-462f-82b9-7a3e80d54816,7.5,IMMR
2026-01-02,20.28,,,,,,,14,2026-01-02,Pre-Event,434.0,0.05,PENG260116C00030000,,,,66.6201923076923,9199aae9-255b-462f-82b9-7a3e80d54816,30.0,PENG
2026-01-02,17.31,,,,,,,14,2026-01-02,Pre-Event,560.0,0.25,ACI260116C00018000,,,,37.777513384889936,9199aae9-255b-462f-82b9-7a3e80d54816,18.0,ACI
2026-01-02,181.9,,,,,,,0,2026-01-02,Pre-Event,1500.0,0.185,MS260102C00180000,,,,24.13476900388538,9199aae9-255b-462f-82b9-7a3e80d54816,180.0,MS
2026-01-02,17.31,,,,,,,7,2026-01-02,Pre-Event,285.0,0.525,ACI260109C00017000,,,,13.563355145746579,9199aae9-255b-462f-82b9-7a3e80d54816,17.0,ACI
2026-01-02,18.15,,,,,,,14,2026-01-02,Pre-Event,398.0,0.625,INFY260116C00018000,,,,6.890052774668158,9199aae9-255b-462f-82b9-7a3e80d54816,18.0,INFY
