timestamp,symbol,venue,trader_id,side,price,qty,bid,ask,mid_price
2026-01-02 14:30:01+00:00,NVDA,NYSE,T1,BUY,489.9761279731913,328.0,489.872833629054,490.0688219601719,489.97082779461294
2026-01-02 14:30:09+00:00,AAPL,NASDAQ,T3,SELL,190.03365534027412,138.0,190.0152302851206,190.05323713186232,190.03423370849146
2026-01-02 14:30:34+00:00,NVDA,NYSE,T1,SELL,489.9482547895424,91.0,489.9006190739557,489.99860899676275,489.9496140353592
2026-01-02 14:30:35+00:00,AAPL,NASDAQ,T3,SELL,190.20595308483755,474.0,190.1682795508713,190.24436207919732,190.2063208150343
2026-01-02 14:30:36+00:00,NVDA,NYSE,T1,SELL,489.98186608537054,114.0,489.93233346140977,490.03032972772866,489.9813315945692
2026-01-02 14:30:44+00:00,NVDA,NYSE,T1,SELL,489.9037668393321,169.0,489.854429647755,489.952410331753,489.903419989754
2026-01-02 14:30:45+00:00,SPY,ARCA,T2,BUY,468.8106338465604,54.0,468.7113474442922,468.89886948767855,468.80510846598537
2026-01-02 14:30:45+00:00,MSFT,NYSE,T1,SELL,410.4139646450961,82.0,410.3753883543363,410.45747164033577,410.416429997336
2026-01-02 14:30:51+00:00,AAPL,NASDAQ,T3,BUY,191.7654090776624,124.0,190.14371259468336,190.18174514045685,190.1627288675701
2026-01-02 14:30:54+00:00,SPY,ARCA,T2,BUY,468.9738822835567,115.0,468.92441420030207,469.0182084625684,468.97131133143523
2026-01-02 14:30:54+00:00,NVDA,NYSE,T1,SELL,490.25429318233466,229.0,490.04778493195056,490.43998003793854,490.24388248494455
2026-01-02 14:30:57+00:00,TSLA,ARCA,T1,BUY,240.08547190248328,307.0,240.0644379898388,240.11245567920574,240.08844683452227
2026-01-02 14:31:05+00:00,TSLA,ARCA,T1,SELL,240.21035554096753,217.0,240.18566482047723,240.23370675763502,240.20968578905612
2026-01-02 14:31:05+00:00,AAPL,NASDAQ,T3,SELL,190.2562773738974,114.0,190.2120685555647,190.28816860299645,190.25011857928058
2026-01-02 14:31:07+00:00,NVDA,NYSE,T1,BUY,490.338613100313,238.0,490.2851211678145,490.38318799873116,490.33415458327283
2026-01-02 14:31:10+00:00,SPY,ARCA,T2,BUY,469.0101134098594,170.0,468.96124689333635,469.055048522878,469.0081477081072
2026-01-02 14:31:14+00:00,AAPL,NASDAQ,T3,SELL,190.12898204466174,203.0,190.1112336188399,190.1492596681686,190.13024664350425
2026-01-02 14:31:14+00:00,NVDA,NYSE,T1,BUY,490.39109516074626,616.0,490.34836439505256,490.44644387587965,490.3974041354661
2026-01-02 14:31:24+00:00,MSFT,NYSE,T1,SELL,409.87388198128735,93.0,409.714289305658,410.04219189813955,409.87824060189877
2026-01-02 14:31:35+00:00,AAPL,NASDAQ,T3,BUY,190.053135472585,46.0,190.0354758832987,190.073486779565,190.05448133143184
2026-01-02 14:31:41+00:00,SPY,ARCA,T2,BUY,468.70036489736646,164.0,468.6508707192226,468.7446102673213,468.69774049327197
2026-01-02 14:31:45+00:00,MSFT,NYSE,T1,BUY,409.83385649129826,53.0,409.6191371311059,409.9469635713869,409.7830503512464
2026-01-02 14:31:50+00:00,AAPL,NASDAQ,T3,SELL,190.14408876085307,209.0,190.126125371518,190.16415439949506,190.14513988550652
2026-01-02 14:32:00+00:00,NVDA,NYSE,T1,BUY,490.6598200750332,149.0,490.5604416762785,490.75670510563486,490.6585733909567
2026-01-02 14:32:05+00:00,MSFT,NYSE,T1,BUY,409.6303456685287,170.0,409.5446473738894,409.70849800296475,409.6265726884271
2026-01-02 14:32:06+00:00,NVDA,NYSE,T1,SELL,490.44608247110807,76.0,490.3320928021681,490.52826487370334,490.4301788379357
2026-01-02 14:32:11+00:00,MSFT,NYSE,T1,SELL,409.36723418807617,350.0,409.2987799943393,409.46253225678953,409.3806561255644
2026-01-02 14:32:12+00:00,NVDA,NYSE,T1,SELL,490.4147340780923,165.0,490.3009598021893,490.4971194180334,490.39903961011134
2026-01-02 14:32:18+00:00,TSLA,ARCA,T1,BUY,240.5380025500521,197.0,240.51046514202233,240.55857204574113,240.53451859388173
2026-01-02 14:32:18+00:00,SPY,ARCA,T2,SELL,468.4297830865973,133.0,468.32202020872313,468.5093864900629,468.415703349393
2026-01-02 14:32:35+00:00,TSLA,ARCA,T1,SELL,240.7169546259582,151.0,240.69346610319937,240.74160961077078,240.71753785698507
2026-01-02 14:32:39+00:00,TSLA,ARCA,T1,SELL,240.6758927464756,264.0,240.62632240883673,240.72259219175683,240.67445730029678
2026-01-02 14:32:40+00:00,AAPL,NASDAQ,T3,BUY,190.08858969779226,165.0,190.07418874368295,190.11220738329564,190.0931980634893
2026-01-02 14:32:40+00:00,AAPL,NASDAQ,T3,SELL,190.0913330823828,311.0,190.07418874368295,190.11220738329564,190.0931980634893
2026-01-02 14:32:41+00:00,AAPL,NASDAQ,T3,SELL,190.10711571068435,103.0,190.08614854276934,190.1241695745811,190.1051590586752
2026-01-02 14:32:51+00:00,MSFT,NYSE,T1,BUY,408.7733301552543,73.0,408.73527115420035,408.8170263839542,408.7761487690773
2026-01-02 14:32:53+00:00,AAPL,NASDAQ,T3,BUY,190.10773300199185,263.0,189.98137097104947,190.26655691696547,190.12396394400747
2026-01-02 14:32:56+00:00,TSLA,ARCA,T1,BUY,240.82690757805113,327.0,240.7791249080397,240.87545582418613,240.82729036611292
2026-01-02 14:33:03+00:00,SPY,ARCA,T2,BUY,467.72285749006966,228.0,467.66981550549286,467.7633588229257,467.7165871642093
2026-01-02 14:33:05+00:00,MSFT,NYSE,T1,SELL,408.5652867341692,180.0,408.52464359331674,408.6063566933454,408.56550014333106
2026-01-02 14:33:07+00:00,TSLA,ARCA,T1,BUY,240.94249983691174,186.0,240.91789098910485,240.96607938614235,240.9419851876236
2026-01-02 14:33:10+00:00,AAPL,NASDAQ,T3,SELL,189.90181239737578,95.0,189.88278276225654,189.92076311684443,189.90177293955048
2026-01-02 14:33:11+00:00,TSLA,ARCA,T1,BUY,240.85471460158664,99.0,240.8276535219275,240.87582386966668,240.85173869579708
2026-01-02 14:33:15+00:00,SPY,ARCA,T2,BUY,467.9399941833636,269.0,467.7584206321159,468.13277711121316,467.9455988716645
2026-01-02 14:33:22+00:00,AAPL,NASDAQ,T3,BUY,189.8862158706927,196.0,189.8635431677284,189.90151967401258,189.8825314208705
2026-01-02 14:33:26+00:00,TSLA,ARCA,T1,BUY,240.95546188766434,170.0,240.93591474712832,240.98410674927794,240.96001074820313
2026-01-02 14:33:29+00:00,NVDA,NYSE,T1,BUY,489.85465085310364,60.0,489.417584951142,490.1522623366078,489.7849236438749
2026-01-02 14:33:33+00:00,MSFT,NYSE,T1,SELL,408.3110004255028,110.0,408.2745058305198,408.35616889799263,408.3153373642562
2026-01-02 14:33:34+00:00,SPY,ARCA,T2,BUY,468.0391727980903,181.0,467.9544054350259,468.1416246410411,468.0480150380335
2026-01-02 14:33:36+00:00,AAPL,NASDAQ,T3,BUY,189.90274189461022,45.0,189.88256194294425,189.9205422533639,189.90155209815407
2026-01-02 14:33:41+00:00,MSFT,NYSE,T1,BUY,408.70002736777207,117.0,408.6571860995211,408.73892571070206,408.6980559051116
2026-01-02 14:33:45+00:00,NVDA,NYSE,T1,BUY,489.9127019453791,94.0,489.8596344075503,489.95761613260436,489.9086252700773
2026-01-02 14:33:53+00:00,NVDA,NYSE,T1,BUY,489.9835536844236,281.0,489.88838304733116,490.08437759946054,489.98638032339585
2026-01-02 14:33:53+00:00,NVDA,NYSE,T1,BUY,489.99428000837054,225.0,489.88838304733116,490.08437759946054,489.98638032339585
2026-01-02 14:33:55+00:00,TSLA,ARCA,T1,BUY,240.99883501955486,90.0,240.97658730810485,241.02478744558022,241.00068737684254
2026-01-02 14:34:02+00:00,AAPL,NASDAQ,T3,SELL,190.02178898860998,340.0,190.001231985578,190.0392360323798,190.0202340089789
2026-01-02 14:34:06+00:00,TSLA,ARCA,T1,SELL,240.93131025341933,253.0,240.9107301724396,240.95891713717057,240.9348236548051
2026-01-02 14:34:09+00:00,MSFT,NYSE,T1,BUY,408.3801125400701,74.0,408.30400608668486,408.4673603599742,408.3856832233295
2026-01-02 14:34:11+00:00,MSFT,NYSE,T1,SELL,408.4092275672386,276.0,408.370968294068,408.452650655963,408.4118094750155
2026-01-02 14:34:16+00:00,TSLA,ARCA,T1,SELL,240.8043746681807,295.0,240.76139568828225,240.8577195113222,240.80955759980222
2026-01-02 14:34:35+00:00,AAPL,NASDAQ,T3,SELL,189.79139665164132,113.0,189.77136103899392,189.8093191070085,189.7903400730012
2026-01-02 14:34:35+00:00,MSFT,NYSE,T1,SELL,408.52104565867904,217.0,408.48157489229317,408.5632793777202,408.5224271350067
2026-01-02 14:34:38+00:00,TSLA,ARCA,T1,BUY,240.5687474569444,238.0,240.5179326562412,240.61415907458738,240.56604586541428
2026-01-02 14:34:56+00:00,MSFT,NYSE,T1,SELL,409.12789949835275,107.0,409.0867674406369,409.1685929766786,409.12768020865775
2026-01-02 14:35:05+00:00,AAPL,NASDAQ,T3,SELL,190.02970807298357,174.0,190.0093977776371,190.04740345776065,190.02840061769888
2026-01-02 14:35:12+00:00,SPY,ARCA,T2,BUY,467.35309366344995,100.0,467.30792433897705,467.401395270938,467.3546598049575
2026-01-02 14:35:12+00:00,TSLA,ARCA,T1,BUY,240.41941668572767,112.0,240.3768600940537,240.47303007208694,240.42494508307033
2026-01-02 14:35:20+00:00,SPY,ARCA,T2,SELL,467.14885922921104,126.0,467.05744895104294,467.24430930269364,467.1508791268683
2026-01-02 14:35:21+00:00,AAPL,NASDAQ,T3,BUY,190.1305653923246,79.0,189.9919966776854,190.27719857412427,190.13459762590483
2026-01-02 14:35:25+00:00,TSLA,ARCA,T1,BUY,240.44315782331023,77.0,240.39911191044956,240.49529079098983,240.4472013507197
2026-01-02 14:35:35+00:00,NVDA,NYSE,T1,SELL,489.904988480055,87.0,489.860607757125,489.95858967686837,489.9095987169967
2026-01-02 14:35:42+00:00,SPY,ARCA,T2,SELL,467.51141868311726,199.0,467.4590195517413,467.552520705767,467.50577012875414
2026-01-02 14:35:43+00:00,AAPL,NASDAQ,T3,BUY,190.48339256079555,195.0,190.4660255544396,190.50412256925196,190.48507406184578
2026-01-02 14:35:45+00:00,NVDA,NYSE,T1,SELL,489.92903212164236,166.0,489.88198461233213,489.97997080787417,489.93097771010315
2026-01-02 14:35:55+00:00,TSLA,ARCA,T1,SELL,240.40610280177162,73.0,240.38124337567137,240.42932443245218,240.40528390406178
2026-01-02 14:35:56+00:00,MSFT,NYSE,T1,SELL,408.8683088355681,299.0,408.8274965682498,408.9092702449311,408.86838340659045
2026-01-02 14:35:57+00:00,TSLA,ARCA,T1,SELL,240.48115098873694,106.0,240.45828025597217,240.50637672166994,240.48232848882105
2026-01-02 14:35:57+00:00,AAPL,NASDAQ,T3,SELL,190.635037477502,310.0,190.61868086136968,190.65680841029683,190.63774463583326
2026-01-02 14:36:03+00:00,AAPL,NASDAQ,T3,SELL,190.55674139538712,37.0,190.5356307378187,190.57374167506,190.55468620643936
2026-01-02 14:36:23+00:00,MSFT,NYSE,T1,BUY,409.1895571774293,167.0,409.1477855291586,409.22962327003853,409.1887043995986
2026-01-02 14:36:54+00:00,MSFT,NYSE,T1,SELL,408.85635674367614,273.0,408.8142956462848,408.8960666825177,408.85518116440124
2026-01-02 14:37:03+00:00,AAPL,NASDAQ,T3,BUY,190.55016578683453,218.0,190.5297256926353,190.56783544874943,190.54878057069237
2026-01-02 14:37:05+00:00,SPY,ARCA,T2,SELL,467.1879967034031,236.0,467.14601775963405,467.2394563070407,467.1927370333374
2026-01-02 14:37:09+00:00,SPY,ARCA,T2,BUY,467.071612620872,173.0,467.0291961563699,467.1226113371193,467.0759037467446
2026-01-02 14:37:17+00:00,AAPL,NASDAQ,T3,SELL,190.4801046231418,289.0,190.4617949000825,190.4998910686794,190.48084298438096
2026-01-02 14:37:18+00:00,NVDA,NYSE,T1,SELL,489.2713262785728,36.0,489.22428345630215,489.3221380984576,489.27321077737986
2026-01-02 14:37:24+00:00,TSLA,ARCA,T1,SELL,240.9458465750292,115.0,240.92174773946408,240.9699369079288,240.94584232369644
2026-01-02 14:37:25+00:00,TSLA,ARCA,T1,BUY,240.95148317166908,107.0,240.9276675743148,240.97585792686493,240.95176275058986
2026-01-02 14:37:37+00:00,MSFT,NYSE,T1,BUY,408.92581052020455,285.0,408.88598732343905,408.9677726994413,408.9268800114402
2026-01-02 14:37:44+00:00,TSLA,ARCA,T1,BUY,241.1829835396608,168.0,241.15742730291933,241.20566361201085,241.1815454574651
2026-01-02 14:37:47+00:00,TSLA,ARCA,T1,BUY,241.25980985185487,124.0,241.166227867402,241.3592380537705,241.26273296058625
2026-01-02 14:37:58+00:00,MSFT,NYSE,T1,SELL,409.1476366001981,448.0,409.00831856524485,409.33565615513305,409.17198736018895
2026-01-02 14:37:58+00:00,NVDA,NYSE,T1,SELL,489.477234989319,234.0,489.4306137790687,489.5285096914158,489.47956173524227
2026-01-02 14:37:59+00:00,TSLA,ARCA,T1,BUY,241.22487147639433,152.0,241.19786978121456,241.24611417961066,241.2219919804126
2026-01-02 14:38:00+00:00,TSLA,ARCA,T1,SELL,241.2067853273111,384.0,241.15364897146864,241.25012972720836,241.2018893493385
2026-01-02 14:38:00+00:00,MSFT,NYSE,T1,BUY,409.01890652939767,97.0,408.97479649046494,409.05659963007696,409.01569806027095
2026-01-02 14:38:13+00:00,AAPL,NASDAQ,T3,BUY,190.35062209458138,325.0,190.33332105774858,190.37139152900724,190.3523562933779
2026-01-02 14:38:23+00:00,SPY,ARCA,T2,SELL,465.40902152380414,75.0,465.2153811772428,465.587702410678,465.4015417939604
2026-01-02 14:38:25+00:00,AAPL,NASDAQ,T3,BUY,190.2693036944646,181.0,190.24883434787733,190.2868879201041,190.26786113399072
2026-01-02 14:38:27+00:00,MSFT,NYSE,T1,SELL,408.95343604379275,583.0,408.9114635975049,408.9932540692716,408.95235883338825
2026-01-02 14:38:29+00:00,SPY,ARCA,T2,SELL,465.20533304731447,117.0,465.1617126911507,465.25475433785357,465.2082335145021
2026-01-02 14:38:39+00:00,SPY,ARCA,T2,BUY,465.26176112703666,180.0,465.2164478993501,465.3095004941895,465.2629741967698
2026-01-02 14:38:48+00:00,MSFT,NYSE,T1,SELL,408.80688193106715,239.0,408.7687974862809,408.8505594219717,408.8096784541263
2026-01-02 14:38:50+00:00,SPY,ARCA,T2,SELL,464.9949403667188,69.0,464.9516820446616,465.0446816810342,464.9981818628479
2026-01-02 14:38:50+00:00,TSLA,ARCA,T1,SELL,241.44109383626403,118.0,241.41246079286034,241.460748113751,241.43660445330568
2026-01-02 14:38:52+00:00,SPY,ARCA,T2,BUY,465.0041457625733,134.0,464.79023056334756,465.162211540189,464.9762210517683
2026-01-02 14:38:52+00:00,AAPL,NASDAQ,T3,SELL,190.18097209528864,77.0,190.16415635910425,190.2021929940396,190.18317467657192
2026-01-02 14:38:53+00:00,SPY,ARCA,T2,BUY,464.97689726009327,119.0,464.92941436518447,465.02240954757576,464.9759119563801
2026-01-02 14:38:56+00:00,TSLA,ARCA,T1,SELL,241.46503805599227,198.0,241.29068449751796,241.6528921800261,241.47178833877203
2026-01-02 14:39:06+00:00,AAPL,NASDAQ,T3,BUY,190.06398243589885,429.0,189.92548658128962,190.21058863770386,190.06803760949674
2026-01-02 14:39:20+00:00,NVDA,NYSE,T1,SELL,490.8699838807588,214.0,490.8243088206172,490.9224834998493,490.87339616023326
2026-01-02 14:39:21+00:00,SPY,ARCA,T2,SELL,464.2678506067613,262.0,464.22515813410433,464.3180124511628,464.2715852926336
2026-01-02 14:39:23+00:00,MSFT,NYSE,T1,SELL,408.9821880777518,677.0,408.9413415509892,409.02313799894415,408.9822397749667
2026-01-02 14:39:30+00:00,AAPL,NASDAQ,T3,SELL,190.00108658505982,194.0,189.98176015909158,190.01976031113858,190.00076023511508
2026-01-02 14:39:36+00:00,MSFT,NYSE,T1,BUY,409.29149639106,154.0,409.0955901329103,409.4229975679906,409.25929385045043
2026-01-02 14:39:45+00:00,AAPL,NASDAQ,T3,BUY,190.09728092128816,99.0,190.075068087541,190.11308690304008,190.09407749529055
2026-01-02 14:39:56+00:00,AAPL,NASDAQ,T3,SELL,190.2624791179235,122.0,190.24455351796905,190.28260623394425,190.26357987595665
2026-01-02 14:40:08+00:00,SPY,ARCA,T2,SELL,463.9214962215186,301.0,463.87211628076085,463.9648999823872,463.918508131574
2026-01-02 14:40:14+00:00,NVDA,NYSE,T1,SELL,491.3340539642091,96.0,491.2857137736195,491.3839807430711,491.3348472583453
2026-01-02 14:40:20+00:00,NVDA,NYSE,T1,SELL,491.40328625809866,307.0,491.3583728867554,491.45665438948305,491.4075136381192
2026-01-02 14:40:22+00:00,NVDA,NYSE,T1,SELL,491.37433896393986,254.0,491.17490111533147,491.56799827508763,491.37144969520955
2026-01-02 14:40:33+00:00,SPY,ARCA,T2,BUY,464.5279647144718,86.0,464.47920722019006,464.57211235214726,464.52565978616866
2026-01-02 14:40:34+00:00,MSFT,NYSE,T1,BUY,409.29631662368695,226.0,409.26479321002284,409.3466543547793,409.30572378240106
2026-01-02 14:40:35+00:00,AAPL,NASDAQ,T3,SELL,190.29580811621128,107.0,190.2736478778881,190.3117064133172,190.29267714560265
2026-01-02 14:40:40+00:00,MSFT,NYSE,T1,SELL,409.3623407252195,163.0,409.3239565858429,409.4058295644579,409.3648930751504
2026-01-02 14:40:41+00:00,MSFT,NYSE,T1,BUY,409.37113716002136,118.0,409.329293393646,409.4111674397294,409.3702304166877
2026-01-02 14:40:41+00:00,NVDA,NYSE,T1,BUY,491.25634564228096,175.0,491.20141174799795,491.29966185535824,491.2505368016781
2026-01-02 14:40:45+00:00,MSFT,NYSE,T1,SELL,409.46032085042964,109.0,409.4153803802999,409.49727164550245,409.4563260129012
2026-01-02 14:40:58+00:00,MSFT,NYSE,T1,BUY,409.5752284738072,184.0,409.5362013175846,409.6181167493913,409.57715903348793
2026-01-02 14:41:16+00:00,AAPL,NASDAQ,T3,SELL,189.62295015645782,103.0,189.60453767887358,189.64246237887934,189.62350002887646
2026-01-02 14:41:25+00:00,NVDA,NYSE,T1,SELL,491.12389014782735,120.0,491.0764920910977,491.17471721202804,491.12560465156287
2026-01-02 14:41:37+00:00,AAPL,NASDAQ,T3,SELL,189.61808534904807,108.0,189.5978229747445,189.63574633167516,189.61678465320983
2026-01-02 14:41:40+00:00,MSFT,NYSE,T1,SELL,409.53269824476877,65.0,409.48961655579114,409.57152266971366,409.5305696127524
2026-01-02 14:41:41+00:00,NVDA,NYSE,T1,SELL,492.0811945992267,228.0,492.0321435361876,492.1305598065219,492.08135167135475
2026-01-02 14:41:53+00:00,MSFT,NYSE,T1,SELL,409.76754116481965,105.0,409.72229228519143,409.8042449389138,409.7632686120526
2026-01-02 14:41:58+00:00,NVDA,NYSE,T1,SELL,492.08629793255557,57.0,492.0405366410844,492.1389545902075,492.08974561564594
2026-01-02 14:42:02+00:00,SPY,ARCA,T2,SELL,464.64116883482757,371.0,464.58992274847344,464.6828500257509,464.63638638711217
2026-01-02 14:42:04+00:00,NVDA,NYSE,T1,BUY,492.16685579884484,365.0,492.1139718093528,492.2124044469784,492.1631881281656
2026-01-02 14:42:08+00:00,NVDA,NYSE,T1,BUY,492.02393505523975,380.0,491.9778056855242,492.07621108720144,492.0270083863628
2026-01-02 14:42:11+00:00,SPY,ARCA,T2,BUY,464.6480731972178,409.0,464.60239891258107,464.6953286853409,464.648863798961
2026-01-02 14:42:12+00:00,MSFT,NYSE,T1,BUY,410.40775237853194,316.0,410.3621672171943,410.4442478587019,410.4032075379481
2026-01-02 14:42:19+00:00,SPY,ARCA,T2,BUY,464.42129142457406,119.0,464.32678651555534,464.51255438373516,464.41967044964525
2026-01-02 14:42:20+00:00,NVDA,NYSE,T1,SELL,492.24843987172954,356.0,491.8390096483061,492.5773218969651,492.2081657726356
2026-01-02 14:42:29+00:00,NVDA,NYSE,T1,BUY,492.28318211902143,283.0,492.2306267209951,492.3290826919363,492.2798547064657
2026-01-02 14:42:35+00:00,MSFT,NYSE,T1,SELL,410.67721136625954,368.0,410.63438916708145,410.71652425842404,410.67545671275275
2026-01-02 14:42:43+00:00,TSLA,ARCA,T1,BUY,241.47820326842427,321.0,241.42318942891916,241.5197780224094,241.47148372566429
2026-01-02 14:42:55+00:00,AAPL,NASDAQ,T3,SELL,189.23355236207388,392.0,189.21732070083576,189.2551679497008,189.23624432526827
2026-01-02 14:43:00+00:00,MSFT,NYSE,T1,SELL,410.60167486902117,245.0,410.526216995781,410.69046033124636,410.6083386635137
2026-01-02 14:43:09+00:00,TSLA,ARCA,T1,SELL,241.66469646740666,379.0,241.61489861308013,241.7115639055839,241.663231259332
2026-01-02 14:43:11+00:00,SPY,ARCA,T2,BUY,464.4995702867131,141.0,464.18360868647926,464.8804066980176,464.53200769224844
2026-01-02 14:43:24+00:00,TSLA,ARCA,T1,SELL,241.56152292108078,131.0,241.53696872907216,241.58528095404046,241.5611248415563
2026-01-02 14:43:27+00:00,AAPL,NASDAQ,T3,SELL,189.27422037222644,116.0,189.23490316327815,189.3106122663641,189.27275771482113
2026-01-02 14:43:29+00:00,MSFT,NYSE,T1,BUY,410.51081175980175,143.0,410.47285836120994,410.55496114316037,410.51390975218516
2026-01-02 14:43:33+00:00,NVDA,NYSE,T1,SELL,492.00460076157543,203.0,491.961524613853,492.05992675899023,492.0107256864216
2026-01-02 14:43:42+00:00,SPY,ARCA,T2,BUY,463.98826136080976,111.0,463.939413559254,464.032210721682,463.985812140468
2026-01-02 14:43:45+00:00,NVDA,NYSE,T1,BUY,491.95000284670306,60.0,491.897993645677,491.99638308334994,491.94718836451347
2026-01-02 14:43:46+00:00,NVDA,NYSE,T1,BUY,491.8836568260215,70.0,491.7744557463159,491.97120487844086,491.87283031237837
2026-01-02 14:43:50+00:00,MSFT,NYSE,T1,SELL,410.09346030802755,86.0,410.0216159819643,410.185657436648,410.10363670930616
2026-01-02 14:43:53+00:00,TSLA,ARCA,T1,BUY,241.66587425683113,240.0,241.63895999890175,241.6872926241641,241.66312631153292
2026-01-02 14:43:55+00:00,AAPL,NASDAQ,T3,BUY,189.5060446173517,183.0,189.48470296187128,189.52260369253673,189.503653327204
2026-01-02 14:44:03+00:00,MSFT,NYSE,T1,BUY,409.7239256326243,71.0,409.6852397825759,409.7671850250566,409.72621240381625
2026-01-02 14:44:04+00:00,TSLA,ARCA,T1,SELL,241.79351597400927,220.0,241.77448961181403,241.8228493457098,241.79866947876192
2026-01-02 14:44:26+00:00,AAPL,NASDAQ,T3,BUY,189.48210412383636,160.0,189.46530281497593,189.50319966522397,189.48425124009995
2026-01-02 14:44:26+00:00,TSLA,ARCA,T1,BUY,241.44014777227272,170.0,241.34417999718661,241.53733260222637,241.4407562997065
2026-01-02 14:44:39+00:00,AAPL,NASDAQ,T3,BUY,189.5020547435154,133.0,189.46923345005877,189.54503630400956,189.50713487703416
2026-01-02 14:44:40+00:00,TSLA,ARCA,T1,SELL,241.28636773945865,156.0,241.1822593595086,241.37528237620288,241.27877086785574
2026-01-02 14:44:41+00:00,AAPL,NASDAQ,T3,BUY,189.53769459625167,78.0,189.50035406878288,189.57616937347132,189.5382617211271
2026-01-02 14:44:45+00:00,AAPL,NASDAQ,T3,BUY,189.43538220537152,149.0,189.4163003721394,189.4541874209187,189.43524389652904
2026-01-02 14:44:47+00:00,NVDA,NYSE,T1,BUY,492.5686650005834,151.0,492.51900253818167,492.6175161900545,492.5682593641181
2026-01-02 14:44:49+00:00,MSFT,NYSE,T1,BUY,410.22182277261834,93.0,410.12732973957793,410.2914134882235,410.2093716139007
2026-01-02 14:44:52+00:00,SPY,ARCA,T2,BUY,463.94792467033454,101.0,463.9073087433822,464.000099484205,463.9537041137936
2026-01-02 14:44:52+00:00,NVDA,NYSE,T1,SELL,492.37150404825167,121.0,492.17609351135485,492.56999194553765,492.37304272844625
2026-01-02 14:44:56+00:00,NVDA,NYSE,T1,BUY,492.61248348209966,146.0,492.5595023852454,492.65802413789777,492.6087632615716
2026-01-02 14:45:09+00:00,TSLA,ARCA,T1,BUY,241.56621948389878,110.0,241.5438042080803,241.59211780028113,241.56796100418072
2026-01-02 14:45:10+00:00,AAPL,NASDAQ,T3,BUY,189.42239890030706,69.0,189.38825943589185,189.46402989375778,189.42614466482482
2026-01-02 14:45:10+00:00,AAPL,NASDAQ,T3,BUY,189.4235313818355,402.0,189.38825943589185,189.46402989375778,189.42614466482482
2026-01-02 14:45:19+00:00,TSLA,ARCA,T1,SELL,241.64992376503952,488.0,241.62693543829462,241.6752656584043,241.65110054834946
2026-01-02 14:45:35+00:00,SPY,ARCA,T2,BUY,464.39047362248397,64.0,464.3428628582697,464.4357407186274,464.38930178844856
2026-01-02 14:45:44+00:00,SPY,ARCA,T2,SELL,464.5596333550313,31.0,464.35231686844605,464.72394737414305,464.53813212129455
2026-01-02 14:45:44+00:00,AAPL,NASDAQ,T3,BUY,189.68010048463725,157.0,189.66500584750668,189.70294264235565,189.68397424493116
2026-01-02 14:45:46+00:00,TSLA,ARCA,T1,BUY,241.97202265996285,133.0,241.94906993429873,241.99746458775093,241.97326726102483
2026-01-02 14:45:47+00:00,TSLA,ARCA,T1,SELL,241.95464912140642,264.0,241.92904903087918,241.97743967975026,241.95324435531472
2026-01-02 14:45:54+00:00,MSFT,NYSE,T1,BUY,409.7257251202903,522.0,409.6903253213737,409.7722715810639,409.7312984512188
2026-01-02 14:46:02+00:00,SPY,ARCA,T2,BUY,464.93411832376546,171.0,464.8832748752769,464.97626082884733,464.9297678520621
2026-01-02 14:46:03+00:00,NVDA,NYSE,T1,BUY,492.33305969125234,181.0,492.2837095081855,492.38217609674604,492.33294280246577
2026-01-02 14:46:05+00:00,SPY,ARCA,T2,SELL,464.94932749338255,416.0,464.8706218914038,465.05660733724955,464.9636146143267
2026-01-02 14:46:06+00:00,MSFT,NYSE,T1,SELL,409.754858210455,71.0,409.668775449271,409.8326757395087,409.75072559438985
2026-01-02 14:46:09+00:00,TSLA,ARCA,T1,SELL,241.47256682522135,217.0,241.4483660263763,241.49666052903186,241.47251327770408
2026-01-02 14:46:21+00:00,TSLA,ARCA,T1,BUY,241.43316213537528,104.0,241.41420174935,241.46248941846682,241.43834558390841
2026-01-02 14:46:29+00:00,NVDA,NYSE,T1,SELL,493.0008056703649,56.0,492.89159201361815,493.0887880896388,492.9901900516285
2026-01-02 14:46:31+00:00,AAPL,NASDAQ,T3,BUY,189.6005282695671,169.0,189.56561844643963,189.64145986210136,189.6035391542705
2026-01-02 14:46:37+00:00,MSFT,NYSE,T1,SELL,409.4113015712003,197.0,409.3735740484249,409.4554569515249,409.4145154999749
2026-01-02 14:46:39+00:00,SPY,ARCA,T2,SELL,464.9323242251349,77.0,464.8853208288279,464.97830719163,464.93181401022895
2026-01-02 14:46:41+00:00,AAPL,NASDAQ,T3,BUY,189.54050182172068,242.0,189.52105372879552,189.55896173034145,189.5400077295685
2026-01-02 14:46:45+00:00,SPY,ARCA,T2,BUY,465.2462285113407,223.0,465.19912483635926,465.2921739662395,465.2456494012994
2026-01-02 14:46:46+00:00,SPY,ARCA,T2,SELL,465.31273018762164,105.0,465.2660582393253,465.3591207572249,465.3125894982751
2026-01-02 14:46:48+00:00,TSLA,ARCA,T1,BUY,241.36960083523832,142.0,241.3200490382002,241.4165963672813,241.36832270274076
2026-01-02 14:46:54+00:00,NVDA,NYSE,T1,BUY,493.10376842505366,371.0,493.05377892330915,493.1523995411556,493.1030892322324
2026-01-02 14:46:54+00:00,AAPL,NASDAQ,T3,SELL,189.73791253219667,226.0,189.66512677792844,189.81691959647821,189.74102318720333
2026-01-02 14:46:57+00:00,NVDA,NYSE,T1,BUY,492.84270018968107,312.0,492.7906643605959,492.889232350267,492.83994835543143
2026-01-02 14:47:10+00:00,AAPL,NASDAQ,T3,BUY,189.85940616702422,222.0,189.8417686189731,189.87974076991202,189.86075469444256
2026-01-02 14:47:19+00:00,SPY,ARCA,T2,BUY,464.5088171006531,169.0,464.4595766974176,464.5524779028777,464.50602730014765
2026-01-02 14:47:22+00:00,AAPL,NASDAQ,T3,BUY,189.87996712572334,257.0,189.84421069775155,189.92016357260562,189.88218713517858
2026-01-02 14:47:25+00:00,AAPL,NASDAQ,T3,BUY,189.90173879520782,66.0,189.88227914975616,189.92025940361148,189.90126927668382
2026-01-02 14:47:29+00:00,TSLA,ARCA,T1,BUY,241.32431080239274,466.0,241.29960498378847,241.34786973125995,241.3237373575242
2026-01-02 14:47:32+00:00,NVDA,NYSE,T1,SELL,493.7221614059548,65.0,493.6681296192606,493.7668731195344,493.7175013693975
2026-01-02 14:47:33+00:00,SPY,ARCA,T2,SELL,464.5861668963549,137.0,464.47846563812794,464.6642941900936,464.57137991411076
2026-01-02 14:47:42+00:00,SPY,ARCA,T2,BUY,464.46770726393044,209.0,464.4184974031961,464.5113903919757,464.4649438975859
2026-01-02 14:47:45+00:00,TSLA,ARCA,T1,BUY,241.3548642079241,179.0,241.32946087240495,241.37773159165138,241.35359623202817
2026-01-02 14:47:50+00:00,NVDA,NYSE,T1,BUY,493.89750306662717,92.0,493.85444930718023,493.9532300751185,493.90383969114936
2026-01-02 14:48:03+00:00,MSFT,NYSE,T1,BUY,408.77083497780035,178.0,408.7384754765723,408.8202313472547,408.7793534119135
2026-01-02 14:48:04+00:00,SPY,ARCA,T2,BUY,464.0901978890481,214.0,464.0374470097994,464.1302637808784,464.0838553953389
2026-01-02 14:48:05+00:00,AAPL,NASDAQ,T3,BUY,190.29650796646763,123.0,190.27917846401863,190.31723810567559,190.2982082848471
2026-01-02 14:48:13+00:00,TSLA,ARCA,T1,SELL,241.488325025149,267.0,241.4614167141475,241.50971382720167,241.48556527067458
2026-01-02 14:48:16+00:00,TSLA,ARCA,T1,BUY,241.49127334330362,97.0,241.450907227621,241.54750691044862,241.4992070690348
2026-01-02 14:48:24+00:00,NVDA,NYSE,T1,BUY,494.1129911627846,202.0,494.0678090777667,494.16663252192666,494.1172207998467
2026-01-02 14:48:30+00:00,TSLA,ARCA,T1,BUY,241.5077195389689,87.0,241.4846774524765,241.53297921814357,241.50882833531003
2026-01-02 14:48:30+00:00,NVDA,NYSE,T1,BUY,494.4067001840588,177.0,494.1828679402124,494.578372436363,494.3806201882877
2026-01-02 14:48:38+00:00,TSLA,ARCA,T1,BUY,241.71604750422063,175.0,241.60421581944865,241.79757653639098,241.70089617791982
2026-01-02 14:48:40+00:00,TSLA,ARCA,T1,SELL,241.63264569920446,95.0,241.6083393171902,241.6566658177037,241.63250256744695
2026-01-02 14:48:51+00:00,MSFT,NYSE,T1,SELL,408.9890049867064,105.0,408.64112388604616,409.2545456381893,408.94783476211774
2026-01-02 14:49:01+00:00,AAPL,NASDAQ,T3,SELL,190.43395417524735,94.0,190.35723090891904,190.50957763233552,190.43340427062728
2026-01-02 14:49:11+00:00,NVDA,NYSE,T1,SELL,494.31977429967225,99.0,494.21029728009063,494.4080209437354,494.309159111913
2026-01-02 14:49:17+00:00,TSLA,ARCA,T1,SELL,241.8921220219096,126.0,241.86961698232815,241.91799574360076,241.89380636296445
2026-01-02 14:49:24+00:00,AAPL,NASDAQ,T3,BUY,190.6663976941528,105.0,190.64377463254513,190.68190720072843,190.66284091663678
2026-01-02 14:49:28+00:00,TSLA,ARCA,T1,BUY,241.79837785683904,218.0,241.7706811669736,241.81904013910417,241.79486065303888
2026-01-02 14:49:37+00:00,SPY,ARCA,T2,BUY,463.7397285207402,227.0,463.6982978111516,463.7910467456073,463.7446722783794
2026-01-02 14:49:43+00:00,TSLA,ARCA,T1,BUY,239.30317144629277,143.0,241.49781466018757,241.59443310974157,241.54612388496457
2026-01-02 14:50:00+00:00,NVDA,NYSE,T1,BUY,494.529710830516,285.0,494.48102857550157,494.5799346718263,494.53048162366395
2026-01-02 14:50:00+00:00,NVDA,NYSE,T1,BUY,494.5307489370769,307.0,494.48102857550157,494.5799346718263,494.53048162366395
2026-01-02 14:50:02+00:00,MSFT,NYSE,T1,BUY,409.6627304945557,80.0,409.49132709641236,409.81905124775,409.6551891720812
2026-01-02 14:50:05+00:00,AAPL,NASDAQ,T3,BUY,190.42330830994993,127.0,190.38119564991877,190.4573633617211,190.41927950581993
2026-01-02 14:50:06+00:00,NVDA,NYSE,T1,BUY,494.8031000192909,94.0,494.755562321436,494.8545233300012,494.8050428257186
2026-01-02 14:50:20+00:00,SPY,ARCA,T2,SELL,463.4064200449034,254.0,463.35454011014065,463.44722028618025,463.40088019816045
2026-01-02 14:50:25+00:00,MSFT,NYSE,T1,SELL,409.1903467163056,72.0,409.14910777063676,409.2309457759915,409.1900267733141
2026-01-02 14:50:29+00:00,SPY,ARCA,T2,BUY,463.4823830373046,347.0,463.2736889827218,463.64445624081117,463.4590726117665
2026-01-02 14:50:30+00:00,MSFT,NYSE,T1,BUY,409.277195300321,111.0,409.2327108092946,409.31456553692925,409.2736381731119
2026-01-02 14:50:37+00:00,TSLA,ARCA,T1,SELL,241.83842307671728,55.0,241.8186182552051,241.86698681571218,241.84280253545865
2026-01-02 14:50:40+00:00,TSLA,ARCA,T1,BUY,241.9610452114897,94.0,241.93789930158022,241.98629172068246,241.96209551113134
2026-01-02 14:50:44+00:00,TSLA,ARCA,T1,SELL,242.0245849546098,69.0,241.7831840733836,242.14613105973342,241.96465756655851
2026-01-02 14:50:48+00:00,TSLA,ARCA,T1,SELL,241.8907638573647,202.0,241.71522664370323,242.07807161739905,241.89664913055114
2026-01-02 14:50:49+00:00,NVDA,NYSE,T1,SELL,494.58277563720884,96.0,494.47156216735067,494.66939035785566,494.57047626260317
2026-01-02 14:50:57+00:00,NVDA,NYSE,T1,BUY,494.3866206134717,183.0,494.3354264595363,494.43430343252544,494.38486494603086
2026-01-02 14:50:59+00:00,NVDA,NYSE,T1,SELL,494.272937251233,104.0,494.1754358894018,494.37314560570087,494.27429074755133
2026-01-02 14:51:35+00:00,TSLA,ARCA,T1,SELL,242.0407952720496,105.0,241.98615883708925,242.08297266338934,242.0345657502393
2026-01-02 14:51:46+00:00,AAPL,NASDAQ,T3,SELL,189.9027594368297,62.0,189.86490039161018,189.94086154399727,189.90288096780372
2026-01-02 14:51:46+00:00,NVDA,NYSE,T1,BUY,494.6317487037286,93.0,494.40815196790044,494.803836763393,494.6059943656467
2026-01-02 14:51:55+00:00,AAPL,NASDAQ,T3,SELL,189.914981394961,114.0,189.8772109549337,189.95317703253122,189.91519399373246
2026-01-02 14:51:56+00:00,NVDA,NYSE,T1,BUY,494.8915725225992,337.0,494.84513174088016,494.9441106651207,494.89462120300044
2026-01-02 14:51:57+00:00,NVDA,NYSE,T1,SELL,494.89911399328844,187.0,494.85046413895884,494.94944412978566,494.89995413437225
2026-01-02 14:51:59+00:00,AAPL,NASDAQ,T3,BUY,189.89531323446238,200.0,189.8729619989093,189.91094038914812,189.8919511940287
2026-01-02 14:52:01+00:00,SPY,ARCA,T2,BUY,464.505091789584,83.0,464.3370388310932,464.7086571094694,464.5228479702813
2026-01-02 14:52:02+00:00,TSLA,ARCA,T1,SELL,241.97380173412031,64.0,241.94617383435096,241.99456790852523,241.9703708714381
2026-01-02 14:52:04+00:00,AAPL,NASDAQ,T3,BUY,189.96542238627856,282.0,189.94436824594675,189.9823609188632,189.96336458240498
2026-01-02 14:52:06+00:00,AAPL,NASDAQ,T3,BUY,189.91285587331515,88.0,189.88922090064244,189.92720254298683,189.90821172181464
2026-01-02 14:52:12+00:00,AAPL,NASDAQ,T3,SELL,189.8798688560994,58.0,189.8009756568342,189.9528771979761,189.87692642740515
2026-01-02 14:52:12+00:00,MSFT,NYSE,T1,BUY,410.71182093501557,51.0,410.62073404016223,410.78501519000827,410.70287461508525
2026-01-02 14:52:14+00:00,AAPL,NASDAQ,T3,BUY,189.85857963401037,74.0,189.83969088551768,189.87766262086834,189.858676753193
2026-01-02 14:52:14+00:00,AAPL,NASDAQ,T3,BUY,189.85892377151032,156.0,189.83969088551768,189.87766262086834,189.858676753193
2026-01-02 14:52:25+00:00,AAPL,NASDAQ,T3,BUY,189.8673101041483,184.0,189.8494989001267,189.88747259727646,189.86848574870157
2026-01-02 14:52:26+00:00,MSFT,NYSE,T1,BUY,411.2244904033099,278.0,411.06936092897615,411.3983480125528,411.23385447076447
2026-01-02 14:52:29+00:00,NVDA,NYSE,T1,SELL,495.11028455206207,75.0,495.0556303497888,495.15465137796156,495.1051408638752
2026-01-02 14:52:42+00:00,TSLA,ARCA,T1,BUY,241.9106140356347,335.0,241.80326905668915,241.99678907994382,241.90002906831648
2026-01-02 14:52:44+00:00,AAPL,NASDAQ,T3,SELL,189.9904269719081,196.0,189.97337168891568,190.01137016310088,189.99237092600828
2026-01-02 14:52:48+00:00,AAPL,NASDAQ,T3,SELL,189.96339019087426,102.0,189.80890080401556,190.09382785050647,189.95136432726102
2026-01-02 14:52:58+00:00,NVDA,NYSE,T1,BUY,494.8840303333162,114.0,494.82715486805614,494.92613019656255,494.87664253230935
2026-01-02 14:52:59+00:00,TSLA,ARCA,T1,BUY,242.1700633801332,189.0,242.14478693814874,242.19322073891647,242.1690038385326
2026-01-02 14:53:09+00:00,NVDA,NYSE,T1,SELL,494.8415021204693,193.0,494.78848500075196,494.8874525945115,494.83796879763173
2026-01-02 14:53:23+00:00,TSLA,ARCA,T1,BUY,242.09702061227276,199.0,242.07334482599836,242.12176433691465,242.0975545814565
2026-01-02 14:53:27+00:00,SPY,ARCA,T2,SELL,464.19520677103196,112.0,464.10736006158885,464.29304014162955,464.2002001016092
2026-01-02 14:53:32+00:00,SPY,ARCA,T2,BUY,464.4438250289904,308.0,464.40537323074557,464.49826359442807,464.4518184125868
2026-01-02 14:53:33+00:00,AAPL,NASDAQ,T3,SELL,189.7579855639681,232.0,189.7400401919727,189.77799199519143,189.75901609358206
2026-01-02 14:53:33+00:00,AAPL,NASDAQ,T3,SELL,189.7602888469774,141.0,189.7400401919727,189.77799199519143,189.75901609358206
2026-01-02 14:53:39+00:00,NVDA,NYSE,T1,SELL,494.7562188579654,247.0,494.70548673107083,494.8044377235163,494.75496222729356
2026-01-02 14:53:45+00:00,SPY,ARCA,T2,SELL,464.25137411973805,91.0,464.2053255983542,464.29817594850886,464.2517507734315
2026-01-02 14:53:47+00:00,MSFT,NYSE,T1,BUY,411.78287086160054,46.0,411.73400127666935,411.8163563124283,411.7751787945488
2026-01-02 14:53:53+00:00,SPY,ARCA,T2,BUY,464.52267794944106,290.0,464.4750039422578,464.56790823347535,464.52145608786657
2026-01-02 14:53:54+00:00,MSFT,NYSE,T1,BUY,411.8241836157463,114.0,411.7439510042633,411.9086815307703,411.8263162675168
2026-01-02 14:53:54+00:00,SPY,ARCA,T2,SELL,464.5724530963057,172.0,464.5173155518514,464.6102283062372,464.5637719290443
2026-01-02 14:53:58+00:00,TSLA,ARCA,T1,SELL,242.30568702789813,65.0,242.28039385973435,242.3288547845988,242.30462432216657
2026-01-02 14:53:58+00:00,AAPL,NASDAQ,T3,BUY,189.71750536259415,114.0,189.69607476580867,189.73401777506277,189.71504627043572
2026-01-02 14:54:09+00:00,AAPL,NASDAQ,T3,SELL,189.74156754279218,64.0,189.72407092777698,189.76201953682343,189.7430452323002
2026-01-02 14:54:11+00:00,SPY,ARCA,T2,SELL,464.2711467332679,319.0,463.945680159869,464.64212101074696,464.293900585308
2026-01-02 14:54:19+00:00,AAPL,NASDAQ,T3,SELL,189.70835167544007,76.0,189.68973597029986,189.72767771166804,189.70870684098395
2026-01-02 14:54:32+00:00,NVDA,NYSE,T1,SELL,494.4858471647606,245.0,494.4365027335092,494.5353999237749,494.48595132864205
2026-01-02 14:54:34+00:00,AAPL,NASDAQ,T3,SELL,189.66737243035985,202.0,189.64874714401412,189.68668068679722,189.66771391540567
2026-01-02 14:54:43+00:00,NVDA,NYSE,T1,BUY,494.27112149125435,597.0,494.18024377790283,494.37795541774193,494.2790995978224
2026-01-02 14:54:46+00:00,NVDA,NYSE,T1,BUY,494.2718520056404,229.0,494.22346148776546,494.3223160655208,494.27288877664313
2026-01-02 14:54:51+00:00,NVDA,NYSE,T1,BUY,494.00776144186295,160.0,493.95677016047296,494.0555713946285,494.0061707775507
2026-01-02 14:54:52+00:00,AAPL,NASDAQ,T3,BUY,189.71767276587724,557.0,189.68548909591885,189.76137846943192,189.7234337826754
2026-01-02 14:54:52+00:00,TSLA,ARCA,T1,BUY,242.22206486628693,224.0,242.19243066732605,242.24087399779256,242.2166523325593
2026-01-02 14:55:02+00:00,NVDA,NYSE,T1,BUY,493.9312909535809,94.0,493.7476212927255,494.1427774522235,493.9451993724745
2026-01-02 14:55:03+00:00,NVDA,NYSE,T1,BUY,494.0075728314198,118.0,493.9607317298286,494.05953375637716,494.0101327431029
2026-01-02 14:55:06+00:00,NVDA,NYSE,T1,BUY,494.1468800434879,94.0,494.0934919867009,494.19232056795636,494.1429062773286
2026-01-02 14:55:20+00:00,MSFT,NYSE,T1,BUY,411.2019250408991,233.0,411.05116169312083,411.3801342114827,411.21564795230177
2026-01-02 14:55:28+00:00,MSFT,NYSE,T1,SELL,411.1999671188115,292.0,411.0759378659308,411.40493021316246,411.24043403954664
2026-01-02 14:55:46+00:00,TSLA,ARCA,T1,BUY,242.2769867491309,131.0,242.25412443148508,242.30258010193842,242.27835226671175
2026-01-02 14:55:48+00:00,NVDA,NYSE,T1,SELL,494.46119328333094,97.0,494.4152500119551,494.5141429512514,494.46469648160326
2026-01-02 14:55:48+00:00,SPY,ARCA,T2,BUY,465.3349271247525,182.0,465.2908298932774,465.38389736600334,465.3373636296404
2026-01-02 14:55:49+00:00,MSFT,NYSE,T1,BUY,411.143412298833,174.0,411.1023832994823,411.1846119990122,411.14349764924725
2026-01-02 14:55:49+00:00,TSLA,ARCA,T1,BUY,242.34301326449852,67.0,242.3166363982692,242.36510457236628,242.34087048531774
2026-01-02 14:56:04+00:00,MSFT,NYSE,T1,BUY,410.76327685608584,60.0,410.6858716148519,410.85017882493986,410.7680252198959
2026-01-02 14:56:20+00:00,SPY,ARCA,T2,BUY,465.1763464341188,151.0,464.99480443004484,465.3669491314695,465.18087678075716
2026-01-02 14:56:21+00:00,MSFT,NYSE,T1,BUY,410.6240642663343,31.0,410.5784208473081,410.6605447438672,410.61948279558766
2026-01-02 14:56:26+00:00,MSFT,NYSE,T1,BUY,410.6327616033746,481.0,410.58789382510145,410.67001961644564,410.62895672077354
2026-01-02 14:56:29+00:00,SPY,ARCA,T2,SELL,465.4784809971949,165.0,465.42691646024815,465.5200111530094,465.4734638066288
2026-01-02 14:56:55+00:00,MSFT,NYSE,T1,SELL,410.9662229349335,333.0,410.7940193301774,411.12278605233035,410.95840269125387
2026-01-02 14:56:58+00:00,TSLA,ARCA,T1,SELL,241.7858293249521,347.0,241.75668884353558,241.8050450169216,241.7808669302286
2026-01-02 14:57:00+00:00,NVDA,NYSE,T1,BUY,495.2075918101475,213.0,495.1541246025303,495.2531653315237,495.203644967027
2026-01-02 14:57:02+00:00,AAPL,NASDAQ,T3,BUY,190.11013746327828,85.0,190.09421258336303,190.1322352281442,190.1132239057536
2026-01-02 14:57:05+00:00,MSFT,NYSE,T1,BUY,411.07486840478737,245.0,411.0307329284034,411.1129472964259,411.07184011241463
2026-01-02 14:57:14+00:00,AAPL,NASDAQ,T3,SELL,190.0663089398492,58.0,190.0477104486298,190.08572379205384,190.06671712034182
2026-01-02 14:57:15+00:00,NVDA,NYSE,T1,BUY,495.24230125584467,374.0,495.2018796484196,495.30092992937733,495.25140478889847
2026-01-02 14:57:21+00:00,AAPL,NASDAQ,T3,BUY,190.21711275148442,107.0,190.1977227713798,190.23576612026898,190.2167444458244
2026-01-02 14:57:25+00:00,SPY,ARCA,T2,SELL,464.5762027932878,59.0,464.5301882313876,464.6231035605668,464.5766458959772
2026-01-02 14:57:25+00:00,AAPL,NASDAQ,T3,BUY,190.22960609838245,215.0,190.1476942517466,190.2998732787588,190.2237837652527
2026-01-02 14:57:36+00:00,TSLA,ARCA,T1,SELL,241.48211843790938,59.0,241.45544632118947,241.5037422400456,241.47959428061753
2026-01-02 14:57:38+00:00,TSLA,ARCA,T1,SELL,241.47263213389283,132.0,241.44376553283422,241.492059115299,241.46791232406662
2026-01-02 14:57:47+00:00,TSLA,ARCA,T1,SELL,241.55119085171683,111.0,241.5302191534739,241.57853002839207,241.55437459093298
2026-01-02 14:57:49+00:00,AAPL,NASDAQ,T3,SELL,190.15938118179935,130.0,190.13924389558773,190.17727554753205,190.1582597215599
2026-01-02 14:57:54+00:00,TSLA,ARCA,T1,SELL,241.45413712099966,29.0,241.4318099382409,241.48010112934767,241.45595553379428
2026-01-02 14:58:10+00:00,NVDA,NYSE,T1,SELL,495.7400662131662,188.0,495.6833396699172,495.7824862525094,495.7329129612133
2026-01-02 14:58:12+00:00,SPY,ARCA,T2,SELL,463.8069857531897,212.0,463.7605522019572,463.8533135885362,463.8069328952467
2026-01-02 14:58:16+00:00,MSFT,NYSE,T1,SELL,411.6832704159838,306.0,411.64255183065563,411.72488857469614,411.6837202026759
2026-01-02 14:58:17+00:00,NVDA,NYSE,T1,BUY,495.6193418889847,200.0,495.5756532793521,495.6747783225122,495.62521580093215
2026-01-02 14:58:27+00:00,TSLA,ARCA,T1,SELL,241.51744002876515,186.0,241.49484197929695,241.5431457780727,241.51899387868482
2026-01-02 14:58:41+00:00,SPY,ARCA,T2,BUY,463.82416497680566,169.0,463.7823374642946,463.87510320836185,463.8287203363282
2026-01-02 14:58:50+00:00,SPY,ARCA,T2,SELL,463.5965684870239,293.0,463.49849266754825,463.68392915191214,463.5912109097302
2026-01-02 14:58:58+00:00,SPY,ARCA,T2,SELL,463.4515612922938,217.0,463.2726734890311,463.6434399344004,463.45805671171576
2026-01-02 14:59:00+00:00,TSLA,ARCA,T1,SELL,241.61273673484388,280.0,241.5656633014229,241.66230889586234,241.6139860986426
2026-01-02 14:59:02+00:00,TSLA,ARCA,T1,BUY,241.5374991241031,54.0,241.5120734591739,241.56038070459027,241.5362270818821
2026-01-02 14:59:03+00:00,NVDA,NYSE,T1,BUY,496.17980112826723,107.0,496.13762355641893,496.2368610048751,496.187242280647
2026-01-02 14:59:06+00:00,NVDA,NYSE,T1,BUY,496.2547523251516,156.0,496.0322762278616,496.42926084268976,496.2307685352757
2026-01-02 14:59:13+00:00,TSLA,ARCA,T1,SELL,241.52488893707095,140.0,241.50565898370087,241.55396494609386,241.52981196489736
2026-01-02 14:59:14+00:00,TSLA,ARCA,T1,BUY,241.52789660691798,119.0,241.47282562507584,241.56943407701627,241.52112985104606
2026-01-02 14:59:17+00:00,MSFT,NYSE,T1,SELL,411.0458043570944,99.0,410.97747874445344,411.1419026207265,411.05969068259
2026-01-02 14:59:26+00:00,NVDA,NYSE,T1,SELL,496.0609718672162,202.0,496.0192508454088,496.11846461695507,496.06885773118194
2026-01-02 14:59:26+00:00,SPY,ARCA,T2,BUY,463.8686610052462,89.0,463.82550137208545,463.91827574979766,463.87188856094156
2026-01-02 14:59:29+00:00,TSLA,ARCA,T1,BUY,241.47833209585966,438.0,241.4329440978091,241.52953659394743,241.48124034587826
2026-01-02 14:59:37+00:00,TSLA,ARCA,T1,BUY,241.428917521585,326.0,241.40663486137655,241.4549210169644,241.43077793917047
2026-01-02 14:59:37+00:00,AAPL,NASDAQ,T3,SELL,190.04783665727996,260.0,190.03125873822765,190.06926879098054,190.0502637646041
2026-01-02 14:59:40+00:00,MSFT,NYSE,T1,BUY,411.0517892237051,93.0,411.01267531472587,411.09488607086445,411.05378069279516
2026-01-02 14:59:45+00:00,NVDA,NYSE,T1,SELL,496.1873544920502,223.0,496.1469088018961,496.24614810758703,496.19652845474155
2026-01-02 14:59:51+00:00,NVDA,NYSE,T1,SELL,496.2145795081123,138.0,496.1603347069343,496.2595766980748,496.20995570250454
2026-01-02 14:59:55+00:00,TSLA,ARCA,T1,SELL,241.5223095560451,370.0,241.4973508000802,241.54565510067027,241.52150295037524
2026-01-02 15:00:00+00:00,MSFT,NYSE,T1,SELL,410.99299325766975,252.0,410.95776414729124,411.03996392009793,410.9988640336946
2026-01-02 15:00:04+00:00,SPY,ARCA,T2,BUY,463.15589303763375,160.0,463.0651948843682,463.2504580149481,463.15782644965816
2026-01-02 15:00:11+00:00,NVDA,NYSE,T1,SELL,496.3662716535503,357.0,496.31352101856015,496.412793650027,496.3631573342936
2026-01-02 15:00:12+00:00,MSFT,NYSE,T1,BUY,410.56968811803875,126.0,410.53335504525324,410.61546992775055,410.5744124865019
2026-01-02 15:00:12+00:00,SPY,ARCA,T2,SELL,463.29385210249654,215.0,463.1134355160599,463.4840745200744,463.29875501806714
2026-01-02 15:00:17+00:00,AAPL,NASDAQ,T3,BUY,190.0927973445805,148.0,190.07474755912614,190.1127663105131,190.09375693481962
2026-01-02 15:00:22+00:00,SPY,ARCA,T2,BUY,463.60763725690055,165.0,463.51392987513907,463.69937253562125,463.60665120538016
2026-01-02 15:00:30+00:00,NVDA,NYSE,T1,SELL,495.6999493503691,69.0,495.5986429075383,495.7969220205239,495.6977824640311
2026-01-02 15:00:34+00:00,MSFT,NYSE,T1,BUY,410.3613538828393,126.0,410.3264790791866,410.40855258235274,410.36751583076966
2026-01-02 15:00:35+00:00,TSLA,ARCA,T1,SELL,241.5239769519786,212.0,241.502006214445,241.55031144621105,241.52615883032803
2026-01-02 15:00:39+00:00,MSFT,NYSE,T1,BUY,410.31620891069264,95.0,410.27608425945994,410.35814768265413,410.31711597105704
2026-01-02 15:00:40+00:00,TSLA,ARCA,T1,BUY,241.50405915298148,32.0,241.45824763187548,241.55485025145217,241.50654894166382
2026-01-02 15:00:43+00:00,TSLA,ARCA,T1,SELL,241.51704947144432,233.0,241.47019469143535,241.5668020907918,241.51849839111358
2026-01-02 15:00:49+00:00,AAPL,NASDAQ,T3,BUY,190.05463938725777,280.0,190.0342615281876,190.0722721815586,190.0532668548731
2026-01-02 15:00:49+00:00,MSFT,NYSE,T1,SELL,410.5692708373069,188.0,410.52485623175045,410.6069694143151,410.56591282303276
2026-01-02 15:00:51+00:00,AAPL,NASDAQ,T3,SELL,190.07038770431456,355.0,189.99581253291117,190.1478700059267,190.07184126941894
2026-01-02 15:00:53+00:00,MSFT,NYSE,T1,SELL,410.55120044077364,111.0,410.50703356356206,410.5891431812366,410.5480883723993
2026-01-02 15:00:57+00:00,MSFT,NYSE,T1,BUY,410.5646284544885,129.0,410.52706174054435,410.60917536425484,410.5681185523996
2026-01-02 15:01:02+00:00,AAPL,NASDAQ,T3,BUY,190.06570686864234,147.0,190.04422721302322,190.0822398597305,190.06323353637686
2026-01-02 15:01:03+00:00,SPY,ARCA,T2,BUY,463.84347706207325,283.0,463.7931011295253,463.88586902654095,463.83948507803314
2026-01-02 15:01:07+00:00,MSFT,NYSE,T1,SELL,410.60978907478835,172.0,410.5288084387032,410.6930528109532,410.6109306248282
2026-01-02 15:01:07+00:00,SPY,ARCA,T2,BUY,464.03179516159685,168.0,463.97963330265316,464.07243850983446,464.0260359062438
2026-01-02 15:01:09+00:00,MSFT,NYSE,T1,SELL,410.83714195466393,193.0,410.74815702654337,410.9124891557798,410.8303230911616
2026-01-02 15:01:11+00:00,AAPL,NASDAQ,T3,BUY,189.99721114766353,150.0,189.9556875534099,190.03168502792616,189.99368629066802
2026-01-02 15:01:26+00:00,SPY,ARCA,T2,SELL,464.0149293799511,177.0,463.9574577353331,464.0502585069573,464.0038581211452
2026-01-02 15:01:36+00:00,MSFT,NYSE,T1,BUY,411.4039778072055,541.0,411.3259989075313,411.4905622197568,411.40828056364404
2026-01-02 15:01:41+00:00,AAPL,NASDAQ,T3,BUY,190.28128947598853,701.0,190.24652248072016,190.32263631247878,190.28457939659947
2026-01-02 15:01:43+00:00,NVDA,NYSE,T1,SELL,495.1635821542155,314.0,495.1071172071126,495.20614853368664,495.1566328703996
2026-01-02 15:01:43+00:00,AAPL,NASDAQ,T3,BUY,190.32650571362421,198.0,190.30480842736236,190.34287319552467,190.32384081144352
2026-01-02 15:01:55+00:00,NVDA,NYSE,T1,BUY,495.2465641554803,123.0,495.1978426562254,495.29689212970396,495.2473673929647
2026-01-02 15:01:57+00:00,SPY,ARCA,T2,SELL,464.52135552841537,67.0,464.426034615636,464.6118421909973,464.51893840331667
2026-01-02 15:02:07+00:00,AAPL,NASDAQ,T3,BUY,190.267476381896,77.0,190.2320914917112,190.30819954991952,190.27014552081536
2026-01-02 15:02:35+00:00,MSFT,NYSE,T1,BUY,411.58006332303444,422.0,411.5361222985203,411.6184377545256,411.57728002652294
2026-01-02 15:02:38+00:00,TSLA,ARCA,T1,BUY,241.7502880706908,180.0,241.72230027103274,241.77064956601646,241.7464749185246
2026-01-02 15:02:43+00:00,TSLA,ARCA,T1,SELL,241.89322930166367,79.0,241.8464781888826,241.94323613174674,241.89485716031467
2026-01-02 15:02:44+00:00,TSLA,ARCA,T1,SELL,241.95871212866396,307.0,241.93178339984593,241.98017459564545,241.9559789977457
2026-01-02 15:02:47+00:00,AAPL,NASDAQ,T3,BUY,190.2923175301968,291.0,190.27229858178097,190.3103568473239,190.29132771455244
2026-01-02 15:02:49+00:00,SPY,ARCA,T2,SELL,464.3921678437986,251.0,464.29317581096893,464.4789302321776,464.3860530215733
2026-01-02 15:02:52+00:00,SPY,ARCA,T2,BUY,464.28896412526836,327.0,464.18353695424236,464.3692475111355,464.2763922326889
2026-01-02 15:02:58+00:00,NVDA,NYSE,T1,SELL,495.34918248968637,435.0,495.3009735945198,495.40004369624893,495.35050864538437
2026-01-02 15:03:11+00:00,TSLA,ARCA,T1,BUY,242.2052073195821,176.0,242.18461987846038,242.23306164661287,242.20884076253662
2026-01-02 15:03:17+00:00,NVDA,NYSE,T1,SELL,495.33997775239874,217.0,495.29162300379744,495.3906912352213,495.3411571195094
2026-01-02 15:03:17+00:00,TSLA,ARCA,T1,SELL,242.3211141581645,111.0,242.22530205577252,242.41915984053102,242.32223094815177
2026-01-02 15:03:18+00:00,MSFT,NYSE,T1,BUY,410.85404597222947,194.0,410.68255366161424,411.0112311755491,410.84689241858166
2026-01-02 15:03:25+00:00,TSLA,ARCA,T1,BUY,242.14446018516105,218.0,242.1246191179569,242.17304888475718,242.14883400135705
2026-01-02 15:03:29+00:00,AAPL,NASDAQ,T3,BUY,190.5436915753187,290.0,190.52432499211267,190.56243366797867,190.54337933004567
2026-01-02 15:03:37+00:00,AAPL,NASDAQ,T3,BUY,190.58886704486818,107.0,190.57047106412568,190.60858897012912,190.5895300171274
2026-01-02 15:03:39+00:00,MSFT,NYSE,T1,SELL,410.94771332249735,54.0,410.90403014566994,410.98621917060154,410.94512465813574
2026-01-02 15:03:45+00:00,TSLA,ARCA,T1,BUY,242.22912635365097,187.0,242.20594852433965,242.25439455864796,242.2301715414938
2026-01-02 15:03:49+00:00,SPY,ARCA,T2,BUY,464.19565603563154,111.0,464.1524189532708,464.2452587210383,464.19883883715454
2026-01-02 15:03:59+00:00,TSLA,ARCA,T1,BUY,242.2215956881471,256.0,242.03670870741348,242.40003626614367,242.21837248677858
2026-01-02 15:04:06+00:00,AAPL,NASDAQ,T3,SELL,190.5313389637052,153.0,190.51374095581363,190.5518475146607,190.53279423523716
2026-01-02 15:04:13+00:00,AAPL,NASDAQ,T3,SELL,190.440521367849,189.0,190.40286323718553,190.4790396177565,190.44095142747102
2026-01-02 15:04:13+00:00,NVDA,NYSE,T1,BUY,495.7167557698809,265.0,495.6685711468853,495.7677147754776,495.71814296118146
2026-01-02 15:04:20+00:00,AAPL,NASDAQ,T3,BUY,190.43622059473674,120.0,190.4181727357658,190.4562601790573,190.43721645741155
2026-01-02 15:04:20+00:00,TSLA,ARCA,T1,BUY,242.23867124946608,145.0,242.1829891685607,242.279881742743,242.23143545565185
2026-01-02 15:04:26+00:00,NVDA,NYSE,T1,SELL,495.73050856778457,152.0,495.67886451945316,495.7780102069258,495.72843736318947
2026-01-02 15:04:31+00:00,SPY,ARCA,T2,BUY,464.12622132269763,91.0,464.0789254928584,464.1717505604637,464.12533802666104
2026-01-02 15:04:33+00:00,NVDA,NYSE,T1,BUY,495.6545549268619,360.0,495.60987251207246,495.70900439976367,495.65943845591806
2026-01-02 15:04:38+00:00,NVDA,NYSE,T1,SELL,495.8195377401237,266.0,495.61886971378044,496.0155234710544,495.8171965924174
2026-01-02 15:04:38+00:00,AAPL,NASDAQ,T3,BUY,190.3983869039586,158.0,190.3800222073995,190.41810201982221,190.39906211361085
2026-01-02 15:04:42+00:00,TSLA,ARCA,T1,BUY,242.32757010387346,71.0,242.2380738565752,242.431941862863,242.3350078597191
2026-01-02 15:04:55+00:00,AAPL,NASDAQ,T3,SELL,190.2720254448257,182.0,190.1992447263883,190.35146501028296,190.27535486833563
2026-01-02 15:04:56+00:00,NVDA,NYSE,T1,SELL,495.48852071379184,359.0,495.4397341482696,495.53883200488497,495.4892830765773
2026-01-02 15:05:11+00:00,SPY,ARCA,T2,BUY,464.5955206434216,135.0,464.54829660098227,464.6412155521976,464.59475607658993
2026-01-02 15:05:16+00:00,SPY,ARCA,T2,SELL,464.6227919615368,490.0,464.5109587122593,464.6968002640546,464.60387948815696
2026-01-02 15:05:39+00:00,TSLA,ARCA,T1,SELL,242.36072270801913,200.0,242.33528233069418,242.38375423435068,242.35951828252243
2026-01-02 15:05:46+00:00,TSLA,ARCA,T1,BUY,242.23521685773125,88.0,242.21084692170072,242.25929393578647,242.2350704287436
2026-01-02 15:05:56+00:00,NVDA,NYSE,T1,SELL,494.9504645423445,139.0,494.90289611252393,495.0018865907943,494.9523913516591
2026-01-02 15:05:59+00:00,NVDA,NYSE,T1,SELL,494.7160387999783,68.0,494.6044780581913,494.80235942568805,494.7034187419397
2026-01-02 15:06:02+00:00,SPY,ARCA,T2,SELL,465.19197640508605,481.0,465.0909042477578,465.2769778241722,465.183941035965
2026-01-02 15:06:17+00:00,SPY,ARCA,T2,SELL,462.0637731922995,176.0,464.6651622913003,464.75810461799125,464.7116334546458
2026-01-02 15:06:19+00:00,AAPL,NASDAQ,T3,BUY,190.27258686986082,408.0,190.25673646408757,190.29479161689568,190.27576404049162
2026-01-02 15:06:21+00:00,TSLA,ARCA,T1,BUY,242.15099501518827,65.0,242.11990290143243,242.16833172489507,242.14411731316375
2026-01-02 15:06:23+00:00,AAPL,NASDAQ,T3,BUY,190.22826168221158,195.0,190.21086448338914,190.2489104608836,190.22988747213637
2026-01-02 15:06:24+00:00,MSFT,NYSE,T1,SELL,410.6892577149029,236.0,410.6420699367689,410.72420656441903,410.68313825059397
2026-01-02 15:06:27+00:00,AAPL,NASDAQ,T3,BUY,190.2383996039385,162.0,190.21576456900945,190.253811526619,190.23478804781422
2026-01-02 15:06:30+00:00,NVDA,NYSE,T1,BUY,495.0390770516219,332.0,494.9969099212415,495.0959192041541,495.0464145626978
2026-01-02 15:06:34+00:00,AAPL,NASDAQ,T3,BUY,190.30784638086524,141.0,190.2856832829998,190.32374422575066,190.30471375437523
2026-01-02 15:06:34+00:00,AAPL,NASDAQ,T3,SELL,190.3035064657922,112.0,190.2856832829998,190.32374422575066,190.30471375437523
2026-01-02 15:06:36+00:00,MSFT,NYSE,T1,BUY,410.8728287397976,233.0,410.82970442314513,410.91187858144554,410.87079150229533
2026-01-02 15:06:37+00:00,NVDA,NYSE,T1,BUY,495.4158560632912,194.0,495.3668694549214,495.46595273714064,495.416411096031
2026-01-02 15:07:01+00:00,NVDA,NYSE,T1,SELL,495.74265349017344,112.0,495.70140174903554,495.8005519444049,495.7509768467202
2026-01-02 15:07:03+00:00,AAPL,NASDAQ,T3,BUY,190.37513164095816,110.0,190.3535272363961,190.39160174929467,190.37256449284538
2026-01-02 15:07:03+00:00,TSLA,ARCA,T1,BUY,242.20716777792407,164.0,242.1685920170704,242.26547883124005,242.21703542415523
2026-01-02 15:07:04+00:00,TSLA,ARCA,T1,BUY,242.18702790161979,131.0,242.16228614384687,242.21072344480575,242.1865047943263
2026-01-02 15:07:16+00:00,TSLA,ARCA,T1,BUY,242.4338501966586,115.0,242.40621039192422,242.45469648261167,242.43045343726794
2026-01-02 15:07:30+00:00,MSFT,NYSE,T1,SELL,411.0240240604082,300.0,410.9358762487132,411.10028348065913,411.0180798646862
2026-01-02 15:07:34+00:00,MSFT,NYSE,T1,SELL,411.2969595333008,88.0,411.2513259250401,411.33358441607425,411.29245517055716
2026-01-02 15:07:34+00:00,AAPL,NASDAQ,T3,SELL,190.4879588546769,193.0,190.467327566568,190.50542484180883,190.48637620418842
2026-01-02 15:07:43+00:00,MSFT,NYSE,T1,BUY,411.4002838025103,231.0,411.34947188797173,411.4317500101615,411.3906109490666
2026-01-02 15:07:51+00:00,TSLA,ARCA,T1,BUY,242.6060955912961,67.0,242.5576327243246,242.65467518590663,242.60615395511562
2026-01-02 15:07:55+00:00,MSFT,NYSE,T1,SELL,411.4383231941431,287.0,411.2640653823076,411.5932082917772,411.4286368370424
2026-01-02 15:07:57+00:00,MSFT,NYSE,T1,SELL,411.48679799723374,304.0,411.41490916289536,411.5795080463372,411.4972086046163
2026-01-02 15:07:57+00:00,MSFT,NYSE,T1,BUY,411.5088538283349,144.0,411.41490916289536,411.5795080463372,411.4972086046163
2026-01-02 15:07:58+00:00,SPY,ARCA,T2,SELL,464.4405309146787,89.0,464.4044309715077,464.49732114671946,464.45087605911357
2026-01-02 15:08:01+00:00,NVDA,NYSE,T1,BUY,494.78561953548757,135.0,494.74254357174215,494.8415019762969,494.79202277401953
2026-01-02 15:08:03+00:00,AAPL,NASDAQ,T3,SELL,190.53424258634243,193.0,190.51550812866336,190.5536150409803,190.53456158482183
2026-01-02 15:08:11+00:00,AAPL,NASDAQ,T3,BUY,190.58759306709973,113.0,190.56720906461123,190.60532631814954,190.58626769138039
2026-01-02 15:08:13+00:00,TSLA,ARCA,T1,SELL,242.41400004263323,306.0,242.3942121854047,242.44269587621088,242.4184540308078
2026-01-02 15:08:15+00:00,TSLA,ARCA,T1,SELL,242.36528900563715,127.0,242.3199636191747,242.41691099409735,242.36843730663603
2026-01-02 15:08:16+00:00,SPY,ARCA,T2,BUY,464.2974842829484,106.0,464.2021851630031,464.3879031806718,464.29504417183745
2026-01-02 15:08:25+00:00,SPY,ARCA,T2,SELL,464.39325470813316,77.0,464.3125857738954,464.4983479606424,464.4054668672689
2026-01-02 15:08:28+00:00,TSLA,ARCA,T1,SELL,242.30425486240497,203.0,242.2760049712265,242.32446501822548,242.300234994726
2026-01-02 15:08:30+00:00,MSFT,NYSE,T1,BUY,412.02463281004265,191.0,411.98451719731065,412.06692234126456,412.0257197692876
2026-01-02 15:08:32+00:00,TSLA,ARCA,T1,SELL,242.31626899031036,43.0,242.2924280978417,242.34089142979445,242.31665976381808
2026-01-02 15:08:37+00:00,NVDA,NYSE,T1,SELL,494.7532181105459,98.0,494.711206592515,494.81015872904715,494.7606826607811
2026-01-02 15:08:47+00:00,SPY,ARCA,T2,BUY,464.0151067692674,91.0,463.97307336567684,464.06587726073946,464.01947531320815
2026-01-02 15:08:51+00:00,SPY,ARCA,T2,SELL,464.1084479138606,221.0,464.0676495557163,464.16047236790865,464.11406096181247
2026-01-02 15:08:53+00:00,NVDA,NYSE,T1,SELL,494.43790624501816,155.0,494.0666621143134,494.8083183496613,494.43749023198734
2026-01-02 15:08:56+00:00,TSLA,ARCA,T1,SELL,242.2755069213558,47.0,242.25147935905022,242.29993450043617,242.2757069297432
2026-01-02 15:08:58+00:00,SPY,ARCA,T2,BUY,464.26532400614064,188.0,464.2199209239384,464.3127741934501,464.26634755869424
2026-01-02 15:09:05+00:00,AAPL,NASDAQ,T3,SELL,190.5950994898839,352.0,190.45088901674725,190.73677976833605,190.59383439254165
2026-01-02 15:09:06+00:00,MSFT,NYSE,T1,BUY,412.07122106695255,177.0,411.983968327718,412.1487948803597,412.06638160403884
2026-01-02 15:09:07+00:00,TSLA,ARCA,T1,BUY,242.0907916532613,77.0,242.06362982905398,242.11204739677657,242.08783861291528
2026-01-02 15:09:10+00:00,MSFT,NYSE,T1,SELL,412.1927490019363,101.0,412.0926516010195,412.2575216356669,412.1750866183432
2026-01-02 15:09:20+00:00,AAPL,NASDAQ,T3,SELL,190.71257281635107,200.0,190.69617136797504,190.73431441655347,190.71524289226426
2026-01-02 15:09:27+00:00,MSFT,NYSE,T1,BUY,412.0174094989368,656.0,411.97064691303126,412.0530492826508,412.01184809784104
2026-01-02 15:09:27+00:00,AAPL,NASDAQ,T3,SELL,190.63936723459523,89.0,190.55306588394714,190.70556933803593,190.62931761099154
2026-01-02 15:09:34+00:00,NVDA,NYSE,T1,BUY,494.4975251639891,293.0,494.44246660139294,494.54136498455154,494.49191579297224
2026-01-02 15:09:39+00:00,TSLA,ARCA,T1,BUY,242.06681710982969,171.0,242.04286603868124,242.09127945323044,242.06707274595584
2026-01-02 15:09:39+00:00,TSLA,ARCA,T1,BUY,242.0688655305322,58.0,242.04286603868124,242.09127945323044,242.06707274595584
2026-01-02 15:09:41+00:00,SPY,ARCA,T2,BUY,464.31524981566935,121.0,464.2717525658622,464.364616202739,464.3181843843006
2026-01-02 15:09:56+00:00,SPY,ARCA,T2,SELL,464.24623019544595,205.0,464.0281441648847,464.39951522864214,464.2138296967634
2026-01-02 15:10:08+00:00,TSLA,ARCA,T1,SELL,242.367457472466,174.0,242.34152465855777,242.3899978108047,242.36576123468123
2026-01-02 15:10:12+00:00,NVDA,NYSE,T1,SELL,493.91151003159933,171.0,493.8690827047129,493.9678663996234,493.91847455216816
2026-01-02 15:10:16+00:00,AAPL,NASDAQ,T3,SELL,190.51359956516183,107.0,190.49504589801853,190.53314871748006,190.5140973077493
2026-01-02 15:10:20+00:00,MSFT,NYSE,T1,BUY,412.1889853963113,212.0,412.1075891490208,412.2724651598826,412.1900271544517
2026-01-02 15:10:22+00:00,MSFT,NYSE,T1,BUY,412.20414699960986,125.0,412.1240955694326,412.2889781841833,412.20653687680795
2026-01-02 15:10:26+00:00,TSLA,ARCA,T1,BUY,242.22033389480046,111.0,242.16300534817265,242.25988992722773,242.2114476377002
2026-01-02 15:10:32+00:00,SPY,ARCA,T2,SELL,463.75907593445396,214.0,463.6677166334229,463.8532208209138,463.76046872716836
2026-01-02 15:10:33+00:00,SPY,ARCA,T2,BUY,463.82181871143416,460.0,463.721667942701,463.9071937150325,463.81443082886676
2026-01-02 15:10:40+00:00,AAPL,NASDAQ,T3,BUY,190.58539805120478,133.0,190.56647078611743,190.60458789198523,190.58552933905133
2026-01-02 15:10:42+00:00,AAPL,NASDAQ,T3,BUY,190.57481486676383,504.0,190.5385534970154,190.6147841645477,190.57666883078156
2026-01-02 15:10:56+00:00,TSLA,ARCA,T1,BUY,242.10261338687263,183.0,242.07666202873304,242.12508220315624,242.10087211594464
2026-01-02 15:10:59+00:00,NVDA,NYSE,T1,BUY,494.26679762499344,114.0,494.2141702551422,494.3130229744652,494.2635966148037
2026-01-02 15:11:00+00:00,NVDA,NYSE,T1,BUY,494.31892999002446,85.0,494.2679708298142,494.3668343103283,494.31740257007124
2026-01-02 15:11:05+00:00,NVDA,NYSE,T1,SELL,494.2825373555861,238.0,494.2310279407619,494.3298840319592,494.28045598636055
2026-01-02 15:11:21+00:00,AAPL,NASDAQ,T3,SELL,190.69510949906825,158.0,190.68010318550236,190.7182430201229,190.69917310281264
2026-01-02 15:11:38+00:00,MSFT,NYSE,T1,BUY,413.25330880812845,63.0,413.21203698912046,413.29468766158556,413.253362325353
2026-01-02 15:11:38+00:00,AAPL,NASDAQ,T3,SELL,190.6338460037476,132.0,190.61576986024062,190.65389682690932,190.63483334357497
2026-01-02 15:11:42+00:00,NVDA,NYSE,T1,SELL,494.1972180414062,226.0,494.1456576554114,494.24449667084406,494.19507716312773
2026-01-02 15:11:50+00:00,SPY,ARCA,T2,SELL,464.1494941823491,102.0,464.1118326053045,464.2046642549905,464.1582484301475
2026-01-02 15:11:56+00:00,MSFT,NYSE,T1,SELL,413.16811280137193,176.0,413.1242945649801,413.2069276872054,413.16561112609276
2026-01-02 15:11:56+00:00,SPY,ARCA,T2,SELL,464.0099677991594,443.0,463.621299131742,464.31725304587513,463.96927608880856
2026-01-02 15:12:05+00:00,SPY,ARCA,T2,SELL,464.3090519514744,326.0,464.2673895059755,464.3602522701531,464.3138208880643
2026-01-02 15:12:05+00:00,AAPL,NASDAQ,T3,SELL,190.91085942602905,103.0,190.87577501548964,190.95214059861246,190.91395780705105
2026-01-02 15:12:07+00:00,AAPL,NASDAQ,T3,BUY,190.9292560723399,243.0,190.8930822699118,190.96945477732126,190.93126852361652
2026-01-02 15:12:08+00:00,SPY,ARCA,T2,BUY,464.2943951466816,110.0,464.1094662135605,464.4809023609903,464.2951842872754
2026-01-02 15:12:12+00:00,NVDA,NYSE,T1,SELL,494.61065690557643,224.0,494.56052353902794,494.65944553593545,494.6099845374817
2026-01-02 15:12:16+00:00,NVDA,NYSE,T1,SELL,494.7555389586252,491.0,494.7019855413048,494.8009358334423,494.75146068737354
2026-01-02 15:12:16+00:00,AAPL,NASDAQ,T3,BUY,190.91999182516977,194.0,190.8989426952313,190.93712630213105,190.91803449868118
2026-01-02 15:12:20+00:00,NVDA,NYSE,T1,BUY,494.94019238247273,209.0,494.8475879797301,495.0455666106482,494.9465772951892
2026-01-02 15:12:24+00:00,SPY,ARCA,T2,BUY,464.0525228590831,234.0,464.00703147754524,464.0998421649095,464.05343682122736
2026-01-02 15:12:25+00:00,TSLA,ARCA,T1,SELL,242.50442751432456,60.0,242.45436812336754,242.5513692708464,242.50286869710698
2026-01-02 15:12:30+00:00,TSLA,ARCA,T1,SELL,242.57110919878525,197.0,242.5416875214525,242.59020071027567,242.56594411586408
2026-01-02 15:12:41+00:00,SPY,ARCA,T2,BUY,463.97387210976126,124.0,463.92302457103625,464.0158184553389,463.96942151318757
2026-01-02 15:12:41+00:00,MSFT,NYSE,T1,BUY,412.1237007258019,129.0,412.0913230517947,412.17374955905575,412.1325363054252
2026-01-02 15:12:44+00:00,AAPL,NASDAQ,T3,BUY,190.9273267268852,90.0,190.90799540914907,190.94618082677266,190.92708811796086
2026-01-02 15:12:55+00:00,TSLA,ARCA,T1,BUY,242.6126765297153,100.0,242.58830121958383,242.63682373207897,242.6125624758314
2026-01-02 15:12:58+00:00,NVDA,NYSE,T1,BUY,494.80950639774284,115.0,494.76473615807737,494.8636990015934,494.8142175798354
2026-01-02 15:13:06+00:00,MSFT,NYSE,T1,BUY,412.25734345136397,133.0,412.22079169633827,412.3032440999179,412.2620178981281
2026-01-02 15:13:06+00:00,MSFT,NYSE,T1,SELL,412.26066282882346,300.0,412.22079169633827,412.3032440999179,412.2620178981281
2026-01-02 15:13:08+00:00,MSFT,NYSE,T1,BUY,412.17427920108986,184.0,412.1334852886709,412.2159202292227,412.1747027589468
2026-01-02 15:13:13+00:00,AAPL,NASDAQ,T3,BUY,190.77803345800922,127.0,190.61921173827218,190.9053551634485,190.76228345086034
2026-01-02 15:13:16+00:00,NVDA,NYSE,T1,BUY,494.6055123576542,140.0,494.558637807289,494.6575594270125,494.60809861715074
2026-01-02 15:13:26+00:00,NVDA,NYSE,T1,SELL,494.71846764747164,142.0,494.59996664322875,494.7978462057986,494.69890642451367
2026-01-02 15:13:30+00:00,SPY,ARCA,T2,SELL,464.5587339919921,336.0,464.51394328310903,464.60685536297365,464.56039932304134
2026-01-02 15:13:31+00:00,MSFT,NYSE,T1,BUY,412.5010644752102,52.0,412.42397230318903,412.5889748926282,412.5064735979086
2026-01-02 15:13:31+00:00,AAPL,NASDAQ,T3,BUY,190.71306663813368,90.0,190.67602101684324,190.75230668238308,190.71416384961316
2026-01-02 15:13:36+00:00,MSFT,NYSE,T1,BUY,412.8136833131415,183.0,412.77165554638583,412.8542181337538,412.8129368400698
2026-01-02 15:13:44+00:00,AAPL,NASDAQ,T3,BUY,190.8436288297795,96.0,190.8127339419288,190.8890743035779,190.85090412275335
2026-01-02 15:13:49+00:00,SPY,ARCA,T2,SELL,464.2983206940854,212.0,464.248547896381,464.3414068918599,464.29497739412045
2026-01-02 15:13:49+00:00,TSLA,ARCA,T1,BUY,242.01628005093818,46.0,241.9673845959024,242.06419091100378,242.01578775345308
2026-01-02 15:13:51+00:00,MSFT,NYSE,T1,SELL,412.80760654788696,227.0,412.7684230304307,412.85098497123084,412.8097040008308
2026-01-02 15:13:59+00:00,NVDA,NYSE,T1,SELL,494.9006848633188,181.0,494.84514326068273,494.9441221872275,494.8946327239551
2026-01-02 15:14:05+00:00,SPY,ARCA,T2,BUY,464.81742374324597,128.0,464.63385733119685,465.00571315939305,464.81978524529495
2026-01-02 15:14:09+00:00,MSFT,NYSE,T1,SELL,412.582905962359,108.0,412.5393998167656,412.6219159483421,412.58065788255385
2026-01-02 15:14:09+00:00,NVDA,NYSE,T1,BUY,494.8074387143982,155.0,494.75402663796183,494.8529873393595,494.8035069886607
2026-01-02 15:14:10+00:00,SPY,ARCA,T2,SELL,464.977813267263,333.0,464.92991512334294,465.02291040589586,464.9764127646194
2026-01-02 15:14:15+00:00,AAPL,NASDAQ,T3,SELL,191.0513376579853,144.0,191.01236906450865,191.0887892961808,191.05057918034473
2026-01-02 15:14:21+00:00,MSFT,NYSE,T1,SELL,412.60789127038646,107.0,412.5662378724409,412.64875937216533,412.6074986223031
2026-01-02 15:14:24+00:00,NVDA,NYSE,T1,BUY,494.54823898428657,109.0,494.4346259533126,494.63243936637656,494.5335326598446
2026-01-02 15:14:33+00:00,MSFT,NYSE,T1,SELL,412.6532396458045,88.0,412.61328572335276,412.6958166335885,412.6545511784706
2026-01-02 15:14:33+00:00,SPY,ARCA,T2,BUY,465.35575738479787,195.0,465.3023650934955,465.39543487349215,465.3488999834938
2026-01-02 15:14:38+00:00,AAPL,NASDAQ,T3,SELL,191.05546355295678,90.0,190.98281918842147,191.13566658272995,191.0592428855757
2026-01-02 15:14:49+00:00,TSLA,ARCA,T1,SELL,241.5151859214859,100.0,241.46698757210774,241.56359368835982,241.51529063023378
2026-01-02 15:14:50+00:00,SPY,ARCA,T2,BUY,465.2260517096326,100.0,465.17124887275537,465.26429242688533,465.21777064982035
2026-01-02 15:14:54+00:00,MSFT,NYSE,T1,BUY,412.7020406451357,114.0,412.6129053062776,412.7779834840357,412.69544439515664
2026-01-02 15:15:00+00:00,SPY,ARCA,T2,BUY,465.2493827870068,160.0,465.16264747288955,465.34874975233464,465.2556986126121
2026-01-02 15:15:01+00:00,AAPL,NASDAQ,T3,BUY,190.94020468503143,221.0,190.912232081745,190.98861225061148,190.95042216617824
2026-01-02 15:15:01+00:00,NVDA,NYSE,T1,SELL,494.71666362844303,108.0,494.61981254898933,494.8177000515094,494.71875630024937
2026-01-02 15:15:08+00:00,SPY,ARCA,T2,BUY,465.2041146510263,307.0,465.15703951212697,465.25008022410054,465.20355986811376
2026-01-02 15:15:09+00:00,NVDA,NYSE,T1,BUY,495.15477639266965,69.0,495.04958659741277,495.2476460439411,495.1486163206769
2026-01-02 15:15:14+00:00,TSLA,ARCA,T1,SELL,241.64793705831835,477.0,241.6277852890869,241.67611567918374,241.6519504841353
2026-01-02 15:15:14+00:00,NVDA,NYSE,T1,BUY,495.07049836395277,77.0,494.9725260575147,495.1705546736609,495.0715403655878
2026-01-02 15:15:14+00:00,NVDA,NYSE,T1,BUY,495.08158996810414,78.0,494.9725260575147,495.1705546736609,495.0715403655878
2026-01-02 15:15:19+00:00,SPY,ARCA,T2,BUY,465.140151821513,194.0,465.0915440882066,465.1845716997854,465.138057893996
2026-01-02 15:15:22+00:00,NVDA,NYSE,T1,SELL,494.98197978691945,75.0,494.8840521105647,495.08204533005284,494.9830487203088
2026-01-02 15:15:27+00:00,NVDA,NYSE,T1,BUY,494.85174310007284,131.0,494.76857789648926,494.966524917052,494.86755140677064
2026-01-02 15:15:34+00:00,NVDA,NYSE,T1,SELL,494.67558776626885,70.0,494.6260673499341,494.72500245691475,494.6755349034244
2026-01-02 15:15:39+00:00,MSFT,NYSE,T1,BUY,413.09423476245286,75.0,413.05802414007417,413.1406440068889,413.09933407348154
2026-01-02 15:15:59+00:00,MSFT,NYSE,T1,BUY,413.3371981035178,88.0,413.29533115853565,413.37799849150065,413.33666482501815
2026-01-02 15:16:01+00:00,TSLA,ARCA,T1,BUY,241.87678993232916,188.0,241.85026606587226,241.8986409565745,241.87445351122338
2026-01-02 15:16:07+00:00,AAPL,NASDAQ,T3,SELL,191.28802692385636,156.0,191.2531760012139,191.32969257492914,191.2914342880715
2026-01-02 15:16:11+00:00,NVDA,NYSE,T1,SELL,494.36723795348314,129.0,494.15771110603504,494.5531954686649,494.35545328735
2026-01-02 15:16:12+00:00,MSFT,NYSE,T1,SELL,413.3460620744995,133.0,413.29529557099426,413.377962896841,413.3366292339176
2026-01-02 15:16:20+00:00,SPY,ARCA,T2,SELL,464.6089624416783,120.0,464.5641053813478,464.65702749463543,464.6105664379916
2026-01-02 15:16:22+00:00,MSFT,NYSE,T1,BUY,413.40072106874084,163.0,413.35095080562087,413.43362926362784,413.39229003462435
2026-01-02 15:16:24+00:00,AAPL,NASDAQ,T3,SELL,191.30460850894318,101.0,191.28061569756457,191.318875646699,191.2997456721318
2026-01-02 15:16:30+00:00,AAPL,NASDAQ,T3,BUY,191.31275965838884,106.0,191.29921262250545,191.33747629139683,191.31834445695114
2026-01-02 15:16:34+00:00,AAPL,NASDAQ,T3,BUY,191.39541504957558,210.0,191.37740795881294,191.41568726833563,191.39654761357428
2026-01-02 15:16:39+00:00,NVDA,NYSE,T1,BUY,494.38342486381816,123.0,494.3322288212471,494.4311051546447,494.3816669879459
2026-01-02 15:16:40+00:00,MSFT,NYSE,T1,SELL,413.32003326985455,293.0,413.27955035828,413.3622145347693,413.32088244652465
2026-01-02 15:16:42+00:00,NVDA,NYSE,T1,SELL,494.53474670820407,122.0,494.4768902232612,494.57579549183265,494.5263428575469
2026-01-02 15:16:54+00:00,SPY,ARCA,T2,SELL,464.5479101999085,148.0,464.49186491460233,464.58477257835165,464.538318746477
2026-01-02 15:16:55+00:00,AAPL,NASDAQ,T3,SELL,191.3379970192476,119.0,191.2948515248122,191.37138477207156,191.33311814844188
2026-01-02 15:17:00+00:00,AAPL,NASDAQ,T3,BUY,191.47430992075107,155.0,191.38895600701346,191.54212844079257,191.46554222390301
2026-01-02 15:17:01+00:00,SPY,ARCA,T2,BUY,464.55966416825373,256.0,464.51531154232595,464.6082238958698,464.5617677190979
2026-01-02 15:17:16+00:00,MSFT,NYSE,T1,BUY,413.42010607364193,325.0,413.3818860832953,413.46457072897647,413.4232284061359
2026-01-02 15:17:25+00:00,MSFT,NYSE,T1,SELL,413.2892028890241,92.0,413.2552562637803,413.3379155809648,413.29658592237257
2026-01-02 15:17:32+00:00,SPY,ARCA,T2,BUY,464.1132214854489,397.0,464.0674470295506,464.1602698012337,464.11385841539214
2026-01-02 15:17:38+00:00,SPY,ARCA,T2,BUY,464.233487970417,122.0,464.1852564086491,464.27810274456436,464.2316795766067
2026-01-02 15:17:43+00:00,NVDA,NYSE,T1,SELL,493.89809637251216,159.0,493.8455495600084,493.94432854781917,493.8949390539138
2026-01-02 15:17:46+00:00,NVDA,NYSE,T1,SELL,493.6773236778128,43.0,493.62662838006634,493.7253635792623,493.6759959796643
2026-01-02 15:17:49+00:00,SPY,ARCA,T2,SELL,464.1778021238696,237.0,463.97581997901483,464.3471491666731,464.16148457284396
2026-01-02 15:17:50+00:00,NVDA,NYSE,T1,BUY,493.4897120560705,177.0,493.3141634857198,493.7089727402102,493.511568112965
2026-01-02 15:17:52+00:00,SPY,ARCA,T2,SELL,464.0181430434012,266.0,463.97552912936027,464.0683335156247,464.0219313224925
2026-01-02 15:17:53+00:00,AAPL,NASDAQ,T3,SELL,191.48618357277502,133.0,191.44560274732436,191.52219630713523,191.4838995272298
2026-01-02 15:17:55+00:00,NVDA,NYSE,T1,SELL,493.67342064122437,157.0,493.6258103530046,493.72454538857875,493.6751778707917
2026-01-02 15:18:00+00:00,AAPL,NASDAQ,T3,BUY,191.54309665919322,244.0,191.5111571841186,191.58777697094962,191.5494670775341
2026-01-02 15:18:02+00:00,SPY,ARCA,T2,SELL,464.22984754801496,316.0,463.92431750397134,464.6207262868144,464.27252189539286
2026-01-02 15:18:04+00:00,NVDA,NYSE,T1,BUY,493.450878571466,62.0,493.4059329990899,493.50462405479533,493.4552785269426
2026-01-02 15:18:08+00:00,TSLA,ARCA,T1,SELL,242.48994291348552,178.0,242.43571646181857,242.5327101471404,242.48421330447948
2026-01-02 15:18:17+00:00,MSFT,NYSE,T1,SELL,417.7086290778006,68.0,413.9495888551178,414.0323870527086,413.9909879539132
2026-01-02 15:18:19+00:00,AAPL,NASDAQ,T3,BUY,191.51675861405488,148.0,191.50188251957482,191.54018672649946,191.52103462303714
2026-01-02 15:18:26+00:00,AAPL,NASDAQ,T3,BUY,191.4306087608137,162.0,191.41105086521833,191.44933690399523,191.43019388460678
2026-01-02 15:18:31+00:00,SPY,ARCA,T2,BUY,463.9829344899216,409.0,463.8885332936499,464.0741258254737,463.9813295595618
2026-01-02 15:18:44+00:00,SPY,ARCA,T2,BUY,463.98109050881004,91.0,463.9300824309975,464.0228777270133,463.9764800790054
2026-01-02 15:18:52+00:00,NVDA,NYSE,T1,BUY,492.82176539639545,225.0,492.59396305143866,492.98819591502524,492.79107948323195
2026-01-02 15:18:53+00:00,NVDA,NYSE,T1,SELL,492.72528080014575,157.0,492.5704270459439,492.9646410731916,492.76753405956777
2026-01-02 15:18:56+00:00,NVDA,NYSE,T1,SELL,492.89206089496776,62.0,492.8385796360643,492.9371572097489,492.8878684229066
2026-01-02 15:19:06+00:00,SPY,ARCA,T2,BUY,464.35047815963185,166.0,464.26728553462004,464.45302959764655,464.3601575661333
2026-01-02 15:19:07+00:00,AAPL,NASDAQ,T3,BUY,191.39691542563594,149.0,191.37761001692093,191.4158893668593,191.3967496918901
2026-01-02 15:19:09+00:00,MSFT,NYSE,T1,BUY,414.62997764444873,227.0,414.47182970075886,414.8035398485786,414.63768477466874
2026-01-02 15:19:18+00:00,TSLA,ARCA,T1,SELL,242.5957529495133,80.0,242.57021945006665,242.61873834584623,242.59447889795644
2026-01-02 15:19:18+00:00,MSFT,NYSE,T1,BUY,414.6827710656714,67.0,414.6476217901137,414.73055960825354,414.6890906991836
2026-01-02 15:19:39+00:00,SPY,ARCA,T2,BUY,464.3291820340365,197.0,464.284072534981,464.37693863609815,464.3305055855396
2026-01-02 15:19:41+00:00,SPY,ARCA,T2,BUY,464.0388111565945,244.0,463.9962869190435,464.0890954572811,464.0426911881623
2026-01-02 15:19:42+00:00,MSFT,NYSE,T1,BUY,413.7948704466204,171.0,413.698474827878,413.8639873203077,413.78123107409283
2026-01-02 15:19:48+00:00,NVDA,NYSE,T1,BUY,493.35411342043466,233.0,493.3016494795342,493.4003196764498,493.350984577992
2026-01-02 15:19:51+00:00,SPY,ARCA,T2,SELL,463.6758598341756,301.0,463.6340195738507,463.72675565137325,463.680387612612
2026-01-02 15:19:52+00:00,NVDA,NYSE,T1,BUY,493.5395370779957,163.0,493.43305540677477,493.6304681114784,493.5317617591266
2026-01-02 15:20:01+00:00,AAPL,NASDAQ,T3,SELL,191.4424181185507,138.0,191.42069019202924,191.4589781588643,191.43983417544678
2026-01-02 15:20:21+00:00,TSLA,ARCA,T1,BUY,242.75647712874132,153.0,242.73508608165358,242.78363795405713,242.75936201785535
2026-01-02 15:20:24+00:00,SPY,ARCA,T2,BUY,463.132491106958,274.0,463.04086228691796,463.2261156825119,463.1334889847149
2026-01-02 15:20:25+00:00,TSLA,ARCA,T1,SELL,242.64056206569455,261.0,242.61730702890367,242.66583534314088,242.64157118602228
2026-01-02 15:20:27+00:00,MSFT,NYSE,T1,BUY,414.6910072834086,179.0,414.59590636126364,414.76177789811555,414.6788421296896
2026-01-02 15:20:36+00:00,SPY,ARCA,T2,BUY,463.5334158321837,102.0,463.4923590670037,463.58506680959135,463.5387129382975
2026-01-02 15:20:37+00:00,TSLA,ARCA,T1,SELL,242.67997865809306,76.0,242.62729795013445,242.72436828338112,242.6758331167578
2026-01-02 15:20:37+00:00,TSLA,ARCA,T1,SELL,242.691456274454,1337.0,242.62729795013445,242.72436828338112,242.6758331167578
2026-01-02 15:20:39+00:00,SPY,ARCA,T2,SELL,463.46663208600205,84.0,463.3735066228365,463.5588931027816,463.46619986280905
2026-01-02 15:20:42+00:00,NVDA,NYSE,T1,SELL,493.2161262320734,138.0,493.1651312485286,493.2637741390673,493.21445269379797
2026-01-02 15:20:49+00:00,SPY,ARCA,T2,SELL,463.39042910180615,166.0,463.2895844904635,463.47493739484054,463.382260942652
2026-01-02 15:21:00+00:00,MSFT,NYSE,T1,BUY,414.6341506052572,117.0,414.5891796426778,414.6721057712192,414.6306427069485
2026-01-02 15:21:01+00:00,AAPL,NASDAQ,T3,SELL,191.41819264136052,38.0,191.39643644958886,191.43471956519033,191.4155780073896
2026-01-02 15:21:03+00:00,TSLA,ARCA,T1,BUY,242.75229555555572,165.0,242.70811875374963,242.80522142178475,242.7566700877672
2026-01-02 15:21:07+00:00,MSFT,NYSE,T1,SELL,414.5701614725359,233.0,414.50846363409,414.67430018685417,414.5913819104721
2026-01-02 15:21:07+00:00,AAPL,NASDAQ,T3,SELL,191.49639874022475,79.0,191.47825405228718,191.51655353304574,191.49740379266646
2026-01-02 15:21:14+00:00,SPY,ARCA,T2,SELL,463.83002429501806,232.0,463.78349335546756,463.8762593307362,463.8298763431019
2026-01-02 15:21:15+00:00,AAPL,NASDAQ,T3,BUY,191.384998792283,62.0,191.34304402965387,191.41959655777134,191.3813202937126
2026-01-02 15:21:16+00:00,AAPL,NASDAQ,T3,SELL,191.375756287936,209.0,191.3525682411816,191.39084258226393,191.37170541172276
2026-01-02 15:21:39+00:00,SPY,ARCA,T2,BUY,464.02978752886304,69.0,463.9794751087454,464.0722802842847,464.02587769651507
2026-01-02 15:21:42+00:00,MSFT,NYSE,T1,SELL,414.71394737074695,153.0,414.54524537986185,414.87701428372725,414.71112983179455
2026-01-02 15:21:56+00:00,AAPL,NASDAQ,T3,BUY,191.36229553265449,118.0,191.34139729701036,191.37966940368045,191.3605333503454
2026-01-02 15:21:58+00:00,SPY,ARCA,T2,SELL,464.1937106283362,136.0,464.0944582251011,464.28013314337477,464.18729568423794
2026-01-02 15:22:06+00:00,SPY,ARCA,T2,SELL,464.21779174970993,193.0,464.03909519969994,464.41047502779094,464.22478511374544
2026-01-02 15:22:11+00:00,SPY,ARCA,T2,BUY,464.2025167928402,173.0,464.15901756621713,464.2518586538391,464.2054381100281
2026-01-02 15:22:16+00:00,MSFT,NYSE,T1,BUY,414.34407646779465,35.0,414.3070935687128,414.3899632743971,414.34852842155493
2026-01-02 15:22:19+00:00,AAPL,NASDAQ,T3,SELL,191.40581775918233,142.0,191.28359050007793,191.570731241384,191.42716087073097
2026-01-02 15:22:23+00:00,MSFT,NYSE,T1,BUY,414.22161211685994,125.0,414.1788796502459,414.26172371058203,414.22030168041397
2026-01-02 15:22:23+00:00,SPY,ARCA,T2,BUY,464.31885192367815,295.0,464.22466554386256,464.4103925554824,464.3175290496725
2026-01-02 15:22:26+00:00,MSFT,NYSE,T1,SELL,414.24117829733785,136.0,414.17172593230583,414.3374277630449,414.25457684767537
2026-01-02 15:22:29+00:00,MSFT,NYSE,T1,SELL,414.2136075148618,219.0,414.1683028548613,414.2511447996268,414.20972382724403
2026-01-02 15:22:37+00:00,AAPL,NASDAQ,T3,BUY,191.49812900238774,125.0,191.4186020307077,191.5717981907963,191.495200110752
2026-01-02 15:22:38+00:00,NVDA,NYSE,T1,BUY,494.72645313151816,131.0,494.68029522922046,494.77924118286165,494.72976820604106
2026-01-02 15:22:49+00:00,NVDA,NYSE,T1,BUY,494.39537085423683,216.0,494.3447036727014,494.4435825013189,494.39414308701015
2026-01-02 15:22:50+00:00,TSLA,ARCA,T1,BUY,243.38623989430593,187.0,243.27753040616264,243.4722303104493,243.37488035830597
2026-01-02 15:22:51+00:00,MSFT,NYSE,T1,BUY,414.1796404638045,135.0,414.143090600648,414.2259275024583,414.18450905155316
2026-01-02 15:22:51+00:00,TSLA,ARCA,T1,BUY,243.38430517329954,103.0,243.36087761433072,243.40955465755792,243.38521613594432
2026-01-02 15:22:57+00:00,TSLA,ARCA,T1,SELL,243.45094982881312,52.0,243.42294459572585,243.4716340535908,243.44728932465833
2026-01-02 15:23:06+00:00,NVDA,NYSE,T1,BUY,494.4946828837539,165.0,494.4520680098662,494.5509683134986,494.5015181616824
2026-01-02 15:23:07+00:00,MSFT,NYSE,T1,SELL,414.42994020174876,317.0,414.3875853658931,414.4704711715468,414.42902826871995
2026-01-02 15:23:07+00:00,MSFT,NYSE,T1,BUY,414.42495695688797,213.0,414.3875853658931,414.4704711715468,414.42902826871995
2026-01-02 15:23:08+00:00,NVDA,NYSE,T1,BUY,494.5737770504286,155.0,494.52516328480857,494.624078208958,494.5746207468833
2026-01-02 15:23:12+00:00,AAPL,NASDAQ,T3,SELL,191.35206082550843,150.0,191.30690590597067,191.38344397594705,191.34517494095886
2026-01-02 15:23:16+00:00,NVDA,NYSE,T1,SELL,494.69247401956335,92.0,494.60266282453284,494.8005434657909,494.70160314516187
2026-01-02 15:23:16+00:00,TSLA,ARCA,T1,SELL,243.5841282223893,99.0,243.56272874424644,243.61144616173704,243.58708745299174
2026-01-02 15:23:28+00:00,MSFT,NYSE,T1,SELL,414.0626514523238,377.0,414.0194038305411,414.10221599252344,414.06080991153226
2026-01-02 15:23:29+00:00,TSLA,ARCA,T1,SELL,243.6874803523345,388.0,243.6645706823497,243.713308470265,243.68893957630735
2026-01-02 15:23:38+00:00,AAPL,NASDAQ,T3,SELL,191.13172370495374,124.0,191.11196292578052,191.1501891409872,191.13107603338386
2026-01-02 15:23:39+00:00,AAPL,NASDAQ,T3,BUY,191.05983994893282,257.0,191.0407001376352,191.07891209885884,191.05980611824702
2026-01-02 15:23:39+00:00,TSLA,ARCA,T1,BUY,243.65648615879334,194.0,243.6292615452778,243.6779922706594,243.6536269079686
2026-01-02 15:23:40+00:00,AAPL,NASDAQ,T3,SELL,191.03917611901525,185.0,191.02095498331266,191.0591629951105,191.0400589892116
2026-01-02 15:23:43+00:00,SPY,ARCA,T2,BUY,466.13991040252523,91.0,466.0946065447438,466.1878347888771,466.14122066681045
2026-01-02 15:23:47+00:00,TSLA,ARCA,T1,BUY,243.77448184257847,268.0,243.74801779006037,243.7967722690663,243.77239502956334
2026-01-02 15:23:56+00:00,NVDA,NYSE,T1,BUY,494.3666294955746,113.0,494.318895828051,494.4177694945833,494.36833266131714
2026-01-02 15:24:01+00:00,NVDA,NYSE,T1,SELL,494.67209056454743,186.0,494.4714406689729,494.86717611568673,494.6693083923298
2026-01-02 15:24:02+00:00,SPY,ARCA,T2,BUY,465.7220397372584,201.0,465.6780154860381,465.771160403627,465.72458794483254
2026-01-02 15:24:04+00:00,AAPL,NASDAQ,T3,BUY,191.0216488489748,148.0,191.00263974898792,191.04084409737254,191.02174192318023
2026-01-02 15:24:11+00:00,SPY,ARCA,T2,BUY,465.7346283909853,147.0,465.69442120548695,465.787569404548,465.74099530501746
2026-01-02 15:24:15+00:00,SPY,ARCA,T2,SELL,465.8838661843908,541.0,465.8297659051345,465.9229411758426,465.87635354048854
2026-01-02 15:24:23+00:00,MSFT,NYSE,T1,BUY,414.2827497740967,193.0,414.23938306500605,414.32223922723523,414.28081114612064
2026-01-02 15:24:25+00:00,AAPL,NASDAQ,T3,BUY,191.3719142524226,159.0,191.3563708661375,191.39464596782088,191.3755084169792
2026-01-02 15:24:37+00:00,TSLA,ARCA,T1,SELL,243.9020580003346,109.0,243.8777815854425,243.92656201980304,243.90217180262277
2026-01-02 15:24:41+00:00,TSLA,ARCA,T1,BUY,244.01144197074083,55.0,243.9578949650034,244.0554976435251,244.00669630426424
2026-01-02 15:24:44+00:00,MSFT,NYSE,T1,SELL,414.2945599067151,526.0,414.2523558702842,414.3352146273339,414.29378524880906
2026-01-02 15:24:51+00:00,MSFT,NYSE,T1,BUY,414.5891882348812,126.0,414.5514488657671,414.63436744739846,414.5929081565828
2026-01-02 15:24:59+00:00,TSLA,ARCA,T1,BUY,244.0420543693238,143.0,244.01533365646563,244.06414160399166,244.03973763022864
2026-01-02 15:24:59+00:00,AAPL,NASDAQ,T3,SELL,191.43736797360378,124.0,191.39744007858474,191.47401436947433,191.43572722402953
2026-01-02 15:25:00+00:00,AAPL,NASDAQ,T3,SELL,191.41903904674228,170.0,191.39986873806032,191.43815254018813,191.41901063912422
2026-01-02 15:25:04+00:00,MSFT,NYSE,T1,SELL,414.6147867571846,190.0,414.5743846977898,414.65730786704626,414.61584628241803
2026-01-02 15:25:10+00:00,SPY,ARCA,T2,BUY,465.40783686657375,60.0,465.35743421703324,465.45051501195616,465.4039746144947
2026-01-02 15:25:11+00:00,MSFT,NYSE,T1,BUY,414.59618247508735,205.0,414.5573537489936,414.64027351171967,414.59881363035663
2026-01-02 15:25:13+00:00,TSLA,ARCA,T1,SELL,243.99091195111507,121.0,243.96676183988666,244.01556007207785,243.99116095598225
2026-01-02 15:25:15+00:00,SPY,ARCA,T2,SELL,465.45129779825163,324.0,465.3928520423216,465.4859399215179,465.43939598191974
2026-01-02 15:25:20+00:00,MSFT,NYSE,T1,BUY,414.52544234584474,47.0,414.48661696093177,414.56952257488535,414.52806976790856
2026-01-02 15:25:22+00:00,MSFT,NYSE,T1,SELL,414.4958567745374,328.0,414.41329719815957,414.57909567673454,414.49619643744705
2026-01-02 15:25:36+00:00,SPY,ARCA,T2,BUY,465.24097902673054,64.0,465.19379431763576,465.2868423813057,465.2403183494707
2026-01-02 15:25:39+00:00,SPY,ARCA,T2,BUY,465.24043071467827,216.0,465.19108304429034,465.2841305656513,465.2376068049708
2026-01-02 15:25:39+00:00,AAPL,NASDAQ,T3,BUY,191.2658043491192,167.0,191.19377995228763,191.34679618274163,191.27028806751463
2026-01-02 15:25:42+00:00,NVDA,NYSE,T1,SELL,494.6086655695543,101.0,494.56165956700454,494.6605817911403,494.6111206790724
2026-01-02 15:25:50+00:00,NVDA,NYSE,T1,BUY,494.9426992643675,102.0,494.84132176634364,495.03929789027495,494.9403098283093
2026-01-02 15:25:51+00:00,AAPL,NASDAQ,T3,SELL,191.32159626828894,268.0,191.2802424548101,191.35676985727252,191.3185061560413
2026-01-02 15:25:53+00:00,TSLA,ARCA,T1,SELL,243.981161376988,337.0,243.95494169646489,244.00373756439095,243.97933963042792
2026-01-02 15:25:58+00:00,NVDA,NYSE,T1,SELL,495.0935907882033,173.0,495.04550240693675,495.1445214093184,495.09501190812756
2026-01-02 15:26:04+00:00,MSFT,NYSE,T1,SELL,414.53064794710366,110.0,414.48795522647197,414.5708611081054,414.5294081672887
2026-01-02 15:26:05+00:00,TSLA,ARCA,T1,SELL,243.94798809061388,72.0,243.9270495337648,243.97583982270046,243.95144467823263
2026-01-02 15:26:12+00:00,SPY,ARCA,T2,BUY,465.7666189952702,179.0,465.66746299648815,465.853767242536,465.76061511951207
2026-01-02 15:26:14+00:00,SPY,ARCA,T2,BUY,465.7276122505364,77.0,465.5859177319074,465.9585355132054,465.7722266225564
2026-01-02 15:26:20+00:00,TSLA,ARCA,T1,BUY,243.82162663719723,109.0,243.77628788677652,243.87381790793546,243.825052897356
2026-01-02 15:26:21+00:00,TSLA,ARCA,T1,SELL,243.81975316147037,100.0,243.7804110973075,243.8779427680806,243.82917693269405
2026-01-02 15:26:23+00:00,NVDA,NYSE,T1,BUY,495.6251166437908,205.0,495.57077540241926,495.66989946990645,495.62033743616286
2026-01-02 15:26:34+00:00,SPY,ARCA,T2,SELL,465.91371106069033,99.0,465.86888224325213,465.9620653380103,465.9154737906312
2026-01-02 15:26:58+00:00,NVDA,NYSE,T1,SELL,495.71782064006356,118.0,495.6199110081431,495.81819863007075,495.71905481910693
2026-01-02 15:26:58+00:00,NVDA,NYSE,T1,SELL,495.7112207361202,81.0,495.6199110081431,495.81819863007075,495.71905481910693
2026-01-02 15:27:00+00:00,NVDA,NYSE,T1,SELL,495.80306899465666,87.0,495.70503056442396,495.9033522409851,495.80419140270453
2026-01-02 15:27:01+00:00,SPY,ARCA,T2,BUY,465.55332431670473,183.0,465.5000561539294,465.59316547609245,465.5466108150109
2026-01-02 15:27:05+00:00,SPY,ARCA,T2,SELL,465.48278964916693,273.0,465.4348578156036,465.5279540967949,465.48140595619924
2026-01-02 15:27:08+00:00,MSFT,NYSE,T1,BUY,414.3254410564277,92.0,414.28756617594877,414.37043197576395,414.32899907585636
2026-01-02 15:27:10+00:00,MSFT,NYSE,T1,BUY,414.4523628366364,140.0,414.41073402781234,414.49362446366143,414.4521792457369
2026-01-02 15:27:12+00:00,NVDA,NYSE,T1,SELL,495.64674068239117,161.0,495.5979597540126,495.6970892589139,495.64752450646324
2026-01-02 15:27:13+00:00,MSFT,NYSE,T1,SELL,414.70301868538,108.0,414.66348551862393,414.74642650982673,414.70495601422533
2026-01-02 15:27:18+00:00,MSFT,NYSE,T1,SELL,414.529528683604,93.0,414.4904110795917,414.57331745244494,414.5318642660183
2026-01-02 15:27:22+00:00,MSFT,NYSE,T1,SELL,414.3780410824684,288.0,414.33897869199626,414.421854775343,414.3804167336696
2026-01-02 15:27:28+00:00,TSLA,ARCA,T1,BUY,244.14366379854613,392.0,244.09345969022655,244.19111660548572,244.14228814785614
2026-01-02 15:27:42+00:00,TSLA,ARCA,T1,SELL,244.21531605728157,148.0,244.16394594604517,244.26163106144665,244.2127885037459
2026-01-02 15:27:57+00:00,MSFT,NYSE,T1,SELL,414.59791709611517,83.0,414.5584444175561,414.64136439843764,414.59990440799686
2026-01-02 15:27:59+00:00,SPY,ARCA,T2,SELL,465.8040567986482,196.0,465.75302256821595,465.8461824887217,465.7996025284688
2026-01-02 15:28:05+00:00,MSFT,NYSE,T1,BUY,414.47501740130764,88.0,414.4308312905194,414.5137257462231,414.47227851837124
2026-01-02 15:28:15+00:00,NVDA,NYSE,T1,SELL,496.07213636902617,263.0,496.02252370056425,496.12173812674695,496.0721309136556
2026-01-02 15:28:16+00:00,TSLA,ARCA,T1,SELL,244.32173967366165,209.0,244.2958516837517,244.34471574049414,244.32028371212292
2026-01-02 15:28:20+00:00,TSLA,ARCA,T1,SELL,244.24393120327937,314.0,244.2172871672592,244.26613550952686,244.24171133839303
2026-01-02 15:28:20+00:00,SPY,ARCA,T2,SELL,465.4422487304947,77.0,465.3943046834189,465.48739285317254,465.4408487682957
2026-01-02 15:28:21+00:00,NVDA,NYSE,T1,BUY,496.19357625060326,222.0,496.13955005167753,496.23878788547125,496.1891689685744
2026-01-02 15:28:22+00:00,SPY,ARCA,T2,SELL,465.4255118705088,121.0,465.3766868007286,465.46977144655335,465.42322912364097
2026-01-02 15:28:30+00:00,NVDA,NYSE,T1,SELL,496.58635598649397,83.0,496.54554472621186,496.64486376706117,496.5952042466365
2026-01-02 15:28:30+00:00,TSLA,ARCA,T1,BUY,244.17798310617363,313.0,244.15563745704245,244.20447346813498,244.1800554625887
2026-01-02 15:28:39+00:00,NVDA,NYSE,T1,BUY,496.7794496533412,135.0,496.69192882314894,496.89064533798114,496.79128708056504
2026-01-02 15:28:42+00:00,AAPL,NASDAQ,T3,SELL,191.47799987071022,132.0,191.45266485631294,191.49095921872043,191.47181203751668
2026-01-02 15:28:43+00:00,NVDA,NYSE,T1,SELL,496.79380778458244,109.0,496.7456977381353,496.8450568135904,496.79537727586285
2026-01-02 15:28:45+00:00,TSLA,ARCA,T1,SELL,244.13136430594187,75.0,244.10507778424966,244.15390368239633,244.129490733323
2026-01-02 15:28:47+00:00,SPY,ARCA,T2,BUY,465.107297654008,419.0,465.0623571704439,465.1553789440553,465.1088680572496
2026-01-02 15:28:56+00:00,AAPL,NASDAQ,T3,SELL,191.45445650537025,301.0,191.43411416502855,191.47240481692674,191.45325949097764
2026-01-02 15:29:04+00:00,SPY,ARCA,T2,BUY,464.9501462243731,141.0,464.86112793141416,465.04710957891626,464.9541187551652
2026-01-02 15:29:09+00:00,AAPL,NASDAQ,T3,SELL,191.47119842439787,293.0,191.39217919669414,191.54535421005687,191.4687667033755
2026-01-02 15:29:17+00:00,AAPL,NASDAQ,T3,BUY,191.49660001292673,262.0,191.47681758130233,191.51511677473792,191.49596717802012
2026-01-02 15:29:20+00:00,SPY,ARCA,T2,BUY,464.5473447934229,44.0,464.4693017866342,464.655126672326,464.5622142294801
2026-01-02 15:29:23+00:00,NVDA,NYSE,T1,SELL,496.4315798595757,285.0,496.382438425379,496.48172484170567,496.43208163354234
2026-01-02 15:29:24+00:00,NVDA,NYSE,T1,BUY,496.53194352602344,99.0,496.4290077197515,496.6276190451045,496.528313382428
2026-01-02 15:29:28+00:00,TSLA,ARCA,T1,SELL,243.89941700040168,158.0,243.87566118122342,243.92444119146072,243.90005118634207
2026-01-02 15:29:30+00:00,AAPL,NASDAQ,T3,BUY,191.5872671105326,259.0,191.56917225274523,191.6074899189624,191.5883310858538
2026-01-02 15:29:35+00:00,SPY,ARCA,T2,BUY,464.7964075907142,99.0,464.75798166400966,464.85094255643173,464.8044621102207
2026-01-02 15:29:37+00:00,MSFT,NYSE,T1,SELL,413.8966522565365,325.0,413.8529453535169,413.93572422047424,413.89433478699556
2026-01-02 15:29:37+00:00,SPY,ARCA,T2,SELL,464.8550478606108,68.0,464.803027009019,464.89599691141103,464.849511960215
2026-01-02 15:30:03+00:00,SPY,ARCA,T2,SELL,464.9658579473958,72.0,464.8794384348446,465.0654274080132,464.9724329214289
2026-01-02 15:30:04+00:00,TSLA,ARCA,T1,SELL,243.6983610297702,231.0,243.67305759763957,243.72179708310762,243.6974273403736
2026-01-02 15:30:04+00:00,TSLA,ARCA,T1,SELL,243.69628410238198,221.0,243.67305759763957,243.72179708310762,243.6974273403736
2026-01-02 15:30:16+00:00,AAPL,NASDAQ,T3,SELL,191.27740870814787,351.0,191.25933237220147,191.29758806424513,191.2784602182233
2026-01-02 15:30:27+00:00,AAPL,NASDAQ,T3,BUY,191.4422285095874,92.0,191.4219455624913,191.46023378042557,191.44108967145843
2026-01-02 15:30:28+00:00,MSFT,NYSE,T1,BUY,413.83730372641236,271.0,413.7876345850463,413.8704003885437,413.829017486795
2026-01-02 15:30:32+00:00,AAPL,NASDAQ,T3,SELL,191.36029012668973,103.0,191.34154499108135,191.3798171272932,191.36068105918727
2026-01-02 15:30:39+00:00,MSFT,NYSE,T1,SELL,413.8766660781556,344.0,413.7854898099447,413.95103711532977,413.86826346263723
2026-01-02 15:30:40+00:00,NVDA,NYSE,T1,SELL,496.9037014632945,95.0,496.8551969745852,496.95457795207784,496.90488746333153
2026-01-02 15:30:47+00:00,MSFT,NYSE,T1,SELL,413.7737631383913,87.0,413.7334246901939,413.81617965062793,413.7748021704109
2026-01-02 15:30:50+00:00,AAPL,NASDAQ,T3,BUY,191.08953156844913,214.0,191.07301958659784,191.11123801235775,191.0921287994778
2026-01-02 15:30:52+00:00,SPY,ARCA,T2,BUY,464.31956010414535,312.0,464.2759560509314,464.36882052858937,464.3223882897604
2026-01-02 15:30:54+00:00,TSLA,ARCA,T1,BUY,243.95374768613996,348.0,243.9251590361602,243.9739489469585,243.94955399155936
2026-01-02 15:30:57+00:00,TSLA,ARCA,T1,BUY,244.0787063530234,153.0,244.05572862787315,244.10454465520147,244.0801366415373
2026-01-02 15:31:00+00:00,MSFT,NYSE,T1,SELL,419.55399931533736,119.0,413.79774977129557,413.8805175980325,413.83913368466403
2026-01-02 15:31:06+00:00,MSFT,NYSE,T1,SELL,414.00625249851885,518.0,413.9617693002864,414.0445699342098,414.0031696172481
2026-01-02 15:31:09+00:00,AAPL,NASDAQ,T3,BUY,191.32669782489643,112.0,191.3072074588133,191.34547272683187,191.3263400928226
2026-01-02 15:31:11+00:00,NVDA,NYSE,T1,BUY,496.93908178920685,85.0,496.8847660290564,496.98415292095143,496.9344594750039
2026-01-02 15:31:30+00:00,AAPL,NASDAQ,T3,SELL,191.54940356055423,236.0,191.5312503118752,191.5695603929457,191.55040535241045
2026-01-02 15:31:34+00:00,MSFT,NYSE,T1,SELL,414.19931439152657,263.0,414.1197256304584,414.2854066569159,414.20256614368714
2026-01-02 15:32:06+00:00,TSLA,ARCA,T1,SELL,243.560989909021,156.0,243.53669682709238,243.58540903767886,243.56105293238562
2026-01-02 15:32:26+00:00,SPY,ARCA,T2,SELL,465.03040459377155,110.0,464.98164971168455,465.0746553421899,465.0281525269372
2026-01-02 15:32:28+00:00,MSFT,NYSE,T1,SELL,415.0723727097534,153.0,415.03389593079316,415.11691101148745,415.0754034711403
2026-01-02 15:32:28+00:00,AAPL,NASDAQ,T3,SELL,191.56755065518752,152.0,191.54779890672464,191.58611229784512,191.56695560228488
2026-01-02 15:32:33+00:00,MSFT,NYSE,T1,BUY,415.08743464272794,176.0,415.0576807826787,415.140700620819,415.09919070174885
2026-01-02 15:32:45+00:00,MSFT,NYSE,T1,SELL,415.3805544193044,59.0,415.33072510585004,415.4137995583165,415.37226233208327
2026-01-02 15:32:46+00:00,SPY,ARCA,T2,SELL,464.698509412037,112.0,464.6480645922548,464.7410034990639,464.69453404565934
2026-01-02 15:32:46+00:00,TSLA,ARCA,T1,SELL,243.9746691022436,91.0,243.92229506763175,244.01988350334597,243.97108928548886
2026-01-02 15:32:47+00:00,MSFT,NYSE,T1,BUY,415.2970103626054,150.0,415.20429734340865,415.37041228533445,415.28735481437155
2026-01-02 15:32:49+00:00,TSLA,ARCA,T1,BUY,243.9007130309491,36.0,243.84819806662733,243.9457568576122,243.89697746211976
2026-01-02 15:32:59+00:00,NVDA,NYSE,T1,SELL,497.94268836450846,204.0,497.8434598060601,498.0426370254264,497.94304841574325
2026-01-02 15:33:14+00:00,NVDA,NYSE,T1,BUY,498.1187229776392,424.0,498.06951888817184,498.1691427543361,498.119330821254
2026-01-02 15:33:15+00:00,NVDA,NYSE,T1,BUY,498.20338536931285,684.0,498.15429276580517,498.25393358844065,498.2041131771229
2026-01-02 15:33:17+00:00,SPY,ARCA,T2,BUY,464.3900227702086,167.0,464.34232934936426,464.4352071030095,464.38876822618687
2026-01-02 15:33:24+00:00,MSFT,NYSE,T1,BUY,415.11161776584356,212.0,415.0651284539826,415.1481497818061,415.10663911789436
2026-01-02 15:33:24+00:00,TSLA,ARCA,T1,SELL,243.5969693621193,125.0,243.56674255697428,243.61546077730773,243.591101667141
2026-01-02 15:33:27+00:00,MSFT,NYSE,T1,BUY,415.05591996789417,104.0,415.01046444916295,415.0934748430922,415.0519696461276
2026-01-02 15:33:31+00:00,TSLA,ARCA,T1,BUY,243.42263535296684,71.0,243.2718426524181,243.6370243026344,243.45443347752624
2026-01-02 15:33:39+00:00,SPY,ARCA,T2,SELL,464.56619060489624,127.0,464.5165026196192,464.60941521140234,464.56295891551076
2026-01-02 15:33:48+00:00,MSFT,NYSE,T1,BUY,415.148223156779,59.0,415.10886269004857,415.19189276559416,415.15037772782136
2026-01-02 15:33:49+00:00,SPY,ARCA,T2,BUY,464.47760098009365,111.0,464.429037474683,464.52193257168767,464.47548502318534
2026-01-02 15:33:58+00:00,NVDA,NYSE,T1,SELL,497.51340022937006,273.0,497.47104932412765,497.5705534844085,497.52080140426807
2026-01-02 15:34:03+00:00,AAPL,NASDAQ,T3,BUY,191.4685768988693,202.0,191.45097490075685,191.48926892513944,191.47012191294814
2026-01-02 15:34:05+00:00,TSLA,ARCA,T1,BUY,243.3875120637239,106.0,243.33727425603166,243.43462863661017,243.38595144632092
2026-01-02 15:34:18+00:00,TSLA,ARCA,T1,SELL,243.47130562139697,156.0,243.41834520703497,243.5157320224809,243.46703861475794
2026-01-02 15:34:21+00:00,MSFT,NYSE,T1,BUY,415.19263938014086,165.0,415.1435043527028,415.2265413572738,415.1850228549883
2026-01-02 15:34:22+00:00,NVDA,NYSE,T1,BUY,497.7813147143309,201.0,497.7304587420147,497.8300147893679,497.7802367656913
2026-01-02 15:34:24+00:00,AAPL,NASDAQ,T3,SELL,191.31156380657737,85.0,191.29110629669825,191.3293683441623,191.31023732043028
2026-01-02 15:34:26+00:00,SPY,ARCA,T2,SELL,464.59260789774993,59.0,464.55004317075253,464.6429624713167,464.5965028210346
2026-01-02 15:34:27+00:00,NVDA,NYSE,T1,SELL,497.77157815325614,203.0,497.7245767823294,497.82413165317297,497.7743542177512
2026-01-02 15:34:35+00:00,MSFT,NYSE,T1,BUY,415.37614061181586,103.0,415.3417003855843,415.4247770333262,415.38323870945527
2026-01-02 15:34:36+00:00,MSFT,NYSE,T1,SELL,415.4179654711484,851.0,415.3411902485163,415.50735995855774,415.424275103537
2026-01-02 15:34:43+00:00,MSFT,NYSE,T1,BUY,415.4307540837444,176.0,415.3581362272252,415.5243127170141,415.44122447211964
2026-01-02 15:34:48+00:00,SPY,ARCA,T2,SELL,465.0128076958072,96.0,464.95631273190935,465.04931329451205,465.0028130132107
2026-01-02 15:34:50+00:00,NVDA,NYSE,T1,BUY,497.2333036366648,202.0,497.140928249096,497.3398243996258,497.2403763243609
2026-01-02 15:34:51+00:00,SPY,ARCA,T2,SELL,465.0452495602835,214.0,464.99379725645093,465.0868053167082,465.04030128657956
2026-01-02 15:34:51+00:00,NVDA,NYSE,T1,SELL,497.38457998744406,48.0,497.33449452103935,497.43397136762826,497.3842329443338
2026-01-02 15:34:59+00:00,TSLA,ARCA,T1,BUY,243.46495945501974,142.0,243.41626826026138,243.51365424476236,243.46496125251187
2026-01-02 15:35:02+00:00,AAPL,NASDAQ,T3,BUY,191.11778078550682,119.0,191.09427487723096,191.13249755447416,191.11338621585256
2026-01-02 15:35:05+00:00,SPY,ARCA,T2,BUY,465.0751095189426,206.0,464.9067369040122,465.278811123223,465.0927740136176
2026-01-02 15:35:09+00:00,AAPL,NASDAQ,T3,BUY,191.02510747930606,106.0,190.94765407374132,191.10047332470072,191.02406369922102
2026-01-02 15:35:20+00:00,TSLA,ARCA,T1,BUY,243.50761674414562,114.0,243.4814496778102,243.53015083786175,243.50580025783597
2026-01-02 15:35:39+00:00,NVDA,NYSE,T1,SELL,497.7380531597973,128.0,497.67200026740466,497.77154462189355,497.7217724446491
2026-01-02 15:35:41+00:00,AAPL,NASDAQ,T3,SELL,191.16867880632503,112.0,191.14759043824498,191.18582377966678,191.16670710895588
2026-01-02 15:35:43+00:00,MSFT,NYSE,T1,BUY,415.72295354360784,134.0,415.67835485487336,415.76149884024284,415.7199268475581
2026-01-02 15:35:46+00:00,SPY,ARCA,T2,SELL,464.87514350292486,112.0,464.699810394169,465.0717190059291,464.88576470004904
2026-01-02 15:35:52+00:00,AAPL,NASDAQ,T3,BUY,191.26823286620572,204.0,191.2480699848081,191.286323424149,191.26719670447855
2026-01-02 15:35:56+00:00,TSLA,ARCA,T1,BUY,243.6028383965078,108.0,243.57774175366154,243.62646217405432,243.60210196385793
2026-01-02 15:35:58+00:00,TSLA,ARCA,T1,BUY,243.66293528831926,78.0,243.63298612470936,243.68171759508135,243.65735185989536
2026-01-02 15:36:09+00:00,SPY,ARCA,T2,SELL,464.78446688834623,75.0,464.74379115139885,464.8367492054345,464.7902701784167
2026-01-02 15:36:14+00:00,TSLA,ARCA,T1,BUY,243.61519803335742,159.0,243.52604867141275,243.72094746986926,243.623498070641
2026-01-02 15:36:16+00:00,TSLA,ARCA,T1,SELL,243.59921915386647,170.0,243.57376904596296,243.62248867173471,243.59812885884884
2026-01-02 15:36:19+00:00,SPY,ARCA,T2,SELL,464.9188058968209,90.0,464.8706136564336,464.963597077507,464.9171053669703
2026-01-02 15:36:21+00:00,TSLA,ARCA,T1,BUY,243.64837563979913,182.0,243.62439090009826,243.67312065125338,243.64875577567582
2026-01-02 15:36:21+00:00,AAPL,NASDAQ,T3,BUY,193.0653748790754,191.0,191.13482419733631,191.1730549852546,191.15393959129545
2026-01-02 15:36:26+00:00,TSLA,ARCA,T1,SELL,243.4935671601646,329.0,243.4692365896337,243.51793530682338,243.49358594822854
2026-01-02 15:36:27+00:00,SPY,ARCA,T2,SELL,465.03313697532826,203.0,464.98876187872224,465.08176893180325,465.03526540526275
2026-01-02 15:36:32+00:00,MSFT,NYSE,T1,BUY,415.78059711805275,163.0,415.740442152377,415.8235985564479,415.78202035441245
2026-01-02 15:36:35+00:00,NVDA,NYSE,T1,BUY,497.2549105708818,130.0,497.2156643037595,497.31511738192813,497.26539084284383
2026-01-02 15:36:39+00:00,AAPL,NASDAQ,T3,BUY,191.50664898540566,81.0,191.48619299036667,191.5244940590716,191.50534352471914
2026-01-02 15:36:51+00:00,MSFT,NYSE,T1,BUY,415.46142419734326,182.0,415.4224922029779,415.5055850106993,415.4640386068386
2026-01-02 15:36:52+00:00,AAPL,NASDAQ,T3,SELL,191.5411579660442,127.0,191.52312514157018,191.56143359744408,191.54227936950713
2026-01-02 15:36:52+00:00,AAPL,NASDAQ,T3,SELL,191.54363713551498,66.0,191.52312514157018,191.56143359744408,191.54227936950713
2026-01-02 15:37:01+00:00,MSFT,NYSE,T1,BUY,415.3850246642227,156.0,415.215011374196,415.5473163052678,415.3811638397319
2026-01-02 15:37:05+00:00,MSFT,NYSE,T1,SELL,415.2063617595303,48.0,415.1603651747092,415.24340555178185,415.20188536324554
2026-01-02 15:37:10+00:00,SPY,ARCA,T2,SELL,464.6721587253916,114.0,464.5999343967646,464.7858115459531,464.69287297135884
2026-01-02 15:37:35+00:00,NVDA,NYSE,T1,SELL,497.2287492367968,130.0,497.11982011579914,497.3187078213866,497.2192639685929
2026-01-02 15:37:35+00:00,AAPL,NASDAQ,T3,SELL,191.6210411053357,168.0,191.6039495348574,191.6422741572266,191.623111846042
2026-01-02 15:37:37+00:00,AAPL,NASDAQ,T3,BUY,191.6041646648139,391.0,191.5818387081517,191.6201589079133,191.6009988080325
2026-01-02 15:37:40+00:00,NVDA,NYSE,T1,BUY,496.953891945522,215.0,496.9105022200268,497.0098942596748,496.9601982398508
2026-01-02 15:37:42+00:00,SPY,ARCA,T2,SELL,465.2020083462056,141.0,464.78538292751625,465.4830842779203,465.13423360271827
2026-01-02 15:37:49+00:00,MSFT,NYSE,T1,SELL,415.4401851058577,524.0,415.35322132522913,415.51939584866386,415.4363085869465
2026-01-02 15:37:55+00:00,TSLA,ARCA,T1,SELL,243.3179611542747,141.0,243.2618271209662,243.3591513166537,243.31048921880995
2026-01-02 15:37:58+00:00,NVDA,NYSE,T1,BUY,497.1199158878326,139.0,497.06614997794196,497.16557315025483,497.1158615640984
2026-01-02 15:38:02+00:00,TSLA,ARCA,T1,BUY,243.30668625156832,185.0,243.2849479462678,243.33360980204262,243.3092788741552
2026-01-02 15:38:03+00:00,TSLA,ARCA,T1,SELL,243.3410333464114,113.0,243.3200804727867,243.36874935576955,243.34441491427813
2026-01-02 15:38:09+00:00,MSFT,NYSE,T1,BUY,414.76813512208054,160.0,414.68628570855407,414.8521934043767,414.7692395564654
2026-01-02 15:38:12+00:00,AAPL,NASDAQ,T3,BUY,191.59550494544865,135.0,191.57614298585398,191.6144620463572,191.5953025161056
2026-01-02 15:38:25+00:00,SPY,ARCA,T2,BUY,465.8245705732281,260.0,465.77485958976587,465.86802387811264,465.82144173393925
2026-01-02 15:38:32+00:00,SPY,ARCA,T2,BUY,465.90861977773045,71.0,465.861977208668,465.95515892228116,465.9085680654746
2026-01-02 15:38:34+00:00,AAPL,NASDAQ,T3,BUY,191.79564432439764,141.0,191.78097888495415,191.8193389167343,191.80015890084422
2026-01-02 15:38:39+00:00,AAPL,NASDAQ,T3,SELL,191.69363571168063,183.0,191.67621685808157,191.7145559353609,191.69538639672123
2026-01-02 15:38:47+00:00,AAPL,NASDAQ,T3,SELL,191.63359323897842,256.0,191.61583440922928,191.65416140881106,191.63499790902017
2026-01-02 15:38:51+00:00,AAPL,NASDAQ,T3,SELL,191.51304793027202,73.0,191.4949401701691,191.53324298848494,191.51409157932702
2026-01-02 15:38:52+00:00,AAPL,NASDAQ,T3,SELL,191.52010946549626,112.0,191.4824185433728,191.55902683244798,191.5207226879104
2026-01-02 15:39:00+00:00,SPY,ARCA,T2,SELL,466.5052763050406,92.0,466.4532336825187,466.54653365925293,466.4998836708858
2026-01-02 15:39:10+00:00,AAPL,NASDAQ,T3,SELL,191.72191242568894,215.0,191.70265436740186,191.7409987327119,191.72182655005687
2026-01-02 15:39:23+00:00,MSFT,NYSE,T1,BUY,415.0828769546784,236.0,415.0447526778619,415.12776993012267,415.0862613039923
2026-01-02 15:39:56+00:00,SPY,ARCA,T2,BUY,466.53777189137605,94.0,466.4914925370554,466.5848001663258,466.5381463516906
2026-01-02 15:39:56+00:00,MSFT,NYSE,T1,SELL,415.2716547171011,195.0,415.229359486577,415.312413663892,415.2708865752345
2026-01-02 15:39:57+00:00,TSLA,ARCA,T1,SELL,243.597463971925,87.0,243.5761930980165,243.62491320864714,243.60055315333182
2026-01-02 15:39:59+00:00,AAPL,NASDAQ,T3,SELL,192.0185335735888,109.0,192.00294949213983,192.0413539224813,192.02215170731057
2026-01-02 15:40:02+00:00,NVDA,NYSE,T1,SELL,497.4180670493032,314.0,497.3108774985271,497.5098416423553,497.4103595704412
2026-01-02 15:40:03+00:00,SPY,ARCA,T2,BUY,466.53366170941683,362.0,466.48329832432955,466.5766043145934,466.5299513194615
2026-01-02 15:40:08+00:00,TSLA,ARCA,T1,BUY,243.67251696499684,147.0,243.62011135523488,243.7175788932846,243.66884512425975
2026-01-02 15:40:19+00:00,TSLA,ARCA,T1,BUY,243.5330967893323,302.0,243.3605474345953,243.72586224185264,243.54320483822397
2026-01-02 15:40:30+00:00,MSFT,NYSE,T1,BUY,415.44659125834306,194.0,415.40440692505956,415.48749611536357,415.44595152021157
2026-01-02 15:40:30+00:00,SPY,ARCA,T2,BUY,466.22426583424016,123.0,466.1806752225538,466.27392068214425,466.22729795234903
2026-01-02 15:40:32+00:00,MSFT,NYSE,T1,SELL,415.58664871242183,72.0,415.5343881730983,415.61750336225185,415.5759457676751
2026-01-02 15:40:50+00:00,TSLA,ARCA,T1,SELL,243.57214352669482,65.0,243.53052299307828,243.6279546886146,243.57923884084644
2026-01-02 15:40:52+00:00,MSFT,NYSE,T1,SELL,415.5825440621682,259.0,415.40264848192567,415.73510358275155,415.5688760323386
2026-01-02 15:40:57+00:00,SPY,ARCA,T2,SELL,464.99973774411103,126.0,464.94855446493455,465.0415534757286,464.9950539703316
2026-01-02 15:41:00+00:00,NVDA,NYSE,T1,SELL,496.9627927722085,376.0,496.91792875241333,497.0173222775163,496.9676255149648
2026-01-02 15:41:03+00:00,SPY,ARCA,T2,BUY,465.0334612524631,61.0,464.9927838015441,465.0857916590901,465.0392877303171
2026-01-02 15:41:12+00:00,SPY,ARCA,T2,SELL,465.1281750638221,243.0,464.9040690924466,465.2761411765542,465.0901051345004
2026-01-02 15:41:13+00:00,NVDA,NYSE,T1,BUY,496.80251073552034,357.0,496.75447477744535,496.8538356084839,496.80415519296463
2026-01-02 15:41:19+00:00,AAPL,NASDAQ,T3,BUY,192.1376631833104,243.0,192.11605356601024,192.1544806194288,192.13526709271952
2026-01-02 15:41:22+00:00,MSFT,NYSE,T1,BUY,414.8366152327055,178.0,414.78910752976606,414.8720736478838,414.8305905888249
2026-01-02 15:41:25+00:00,TSLA,ARCA,T1,SELL,243.89800984126526,205.0,243.87451608646825,243.92329586766368,243.89890597706597
2026-01-02 15:41:33+00:00,TSLA,ARCA,T1,SELL,243.77600244058183,107.0,243.75105572065175,243.79981080730457,243.77543326397816
2026-01-02 15:41:38+00:00,SPY,ARCA,T2,SELL,464.44225207900905,171.0,464.079763471645,464.7764055984475,464.42808453504625
2026-01-02 15:41:39+00:00,SPY,ARCA,T2,SELL,464.42766197267895,165.0,464.22734022247323,464.598870706845,464.4131054646591
2026-01-02 15:41:43+00:00,TSLA,ARCA,T1,BUY,243.60457110746643,115.0,243.51196875695635,243.70685628697393,243.60941252196514
2026-01-02 15:41:51+00:00,MSFT,NYSE,T1,BUY,414.36235715793845,39.0,414.17827270107455,414.50974790931866,414.3440103051966
2026-01-02 15:41:51+00:00,AAPL,NASDAQ,T3,BUY,192.21636520501016,180.0,192.197328969403,192.23577227952788,192.21655062446544
2026-01-02 15:41:54+00:00,NVDA,NYSE,T1,BUY,497.000366173529,131.0,496.9514546207976,497.0508548517449,497.00115473627125
2026-01-02 15:42:00+00:00,TSLA,ARCA,T1,SELL,243.7145005756118,118.0,243.6910216494187,243.73976472805646,243.71539318873758
2026-01-02 15:42:15+00:00,AAPL,NASDAQ,T3,BUY,192.1245550421538,175.0,192.10621793928524,192.14464302538173,192.12543048233348
2026-01-02 15:42:18+00:00,NVDA,NYSE,T1,BUY,496.4476966538305,388.0,496.39462188593427,496.49391073919674,496.4442663125655
2026-01-02 15:42:18+00:00,TSLA,ARCA,T1,BUY,243.5109767163887,90.0,243.45707400146088,243.55447631152347,243.50577515649218
2026-01-02 15:42:19+00:00,TSLA,ARCA,T1,SELL,243.50777069735554,283.0,243.48518186678857,243.53388377335258,243.50953282007058
2026-01-02 15:42:22+00:00,SPY,ARCA,T2,SELL,464.56169956528066,138.0,464.46035159790614,464.6461729028063,464.5532622503562
2026-01-02 15:42:43+00:00,MSFT,NYSE,T1,BUY,413.30424129079256,325.0,413.25916236390213,413.34182246238475,413.30049241314344
2026-01-02 15:42:52+00:00,MSFT,NYSE,T1,SELL,413.2038949720945,175.0,413.1644418832046,413.24708303569645,413.2057624594505
2026-01-02 15:42:52+00:00,NVDA,NYSE,T1,SELL,496.3461558233645,337.0,495.95288022794796,496.69736791405444,496.3251240710012
2026-01-02 15:42:59+00:00,SPY,ARCA,T2,SELL,464.31384147941947,52.0,464.2673624487452,464.3602252075108,464.313793828128
2026-01-02 15:43:04+00:00,AAPL,NASDAQ,T3,SELL,191.87279973371653,63.0,191.85462472812765,191.89299949054953,191.8738121093386
2026-01-02 15:43:11+00:00,NVDA,NYSE,T1,BUY,495.95203791605377,472.0,495.7443335219624,496.1410876904474,495.9427106062049
2026-01-02 15:43:34+00:00,AAPL,NASDAQ,T3,SELL,191.39975590997062,199.0,191.3795749976133,191.41785474058713,191.39871486910022
2026-01-02 15:43:37+00:00,SPY,ARCA,T2,BUY,464.0570216090393,194.0,464.0106363461103,464.10344775452035,464.0570420503153
2026-01-02 15:43:46+00:00,SPY,ARCA,T2,SELL,463.9930091056312,299.0,463.90481577035604,464.09041481647336,463.9976152934147
2026-01-02 15:43:50+00:00,MSFT,NYSE,T1,SELL,413.6797707130403,251.0,413.63294214905545,413.7156770109715,413.67430958001347
2026-01-02 15:43:53+00:00,SPY,ARCA,T2,BUY,464.25932847181514,118.0,464.1680669588146,464.3537713264717,464.26091914264316
2026-01-02 15:43:54+00:00,MSFT,NYSE,T1,SELL,413.89508324556874,125.0,413.8547862827706,413.93756551795065,413.8961759003606
2026-01-02 15:43:59+00:00,AAPL,NASDAQ,T3,SELL,191.0943344543152,143.0,191.01823587037546,191.17111160936736,191.0946737398714
2026-01-02 15:44:02+00:00,SPY,ARCA,T2,SELL,464.401673795223,161.0,464.35425336274454,464.4471335014309,464.40069343208773
2026-01-02 15:44:02+00:00,TSLA,ARCA,T1,BUY,243.49298573709308,82.0,243.467907007054,243.51660545830055,243.49225623267728
2026-01-02 15:44:06+00:00,SPY,ARCA,T2,BUY,464.63551606164464,226.0,464.2707466073368,464.96767542386016,464.61921101559847
2026-01-02 15:44:16+00:00,SPY,ARCA,T2,BUY,464.45698327600206,100.0,464.41257728311,464.50546908774714,464.4590231854286
2026-01-02 15:44:16+00:00,SPY,ARCA,T2,SELL,464.45596727060735,164.0,464.41257728311,464.50546908774714,464.4590231854286
2026-01-02 15:44:27+00:00,NVDA,NYSE,T1,SELL,495.5615216104466,182.0,495.5058082503457,495.604919323103,495.55536378672434
2026-01-02 15:44:29+00:00,AAPL,NASDAQ,T3,BUY,191.25648993631293,115.0,191.23931484880532,191.2775665369439,191.25844069287461
2026-01-02 15:44:34+00:00,AAPL,NASDAQ,T3,SELL,191.20607299410753,107.0,191.19166037903187,191.22990253532333,191.2107814571776
2026-01-02 15:44:36+00:00,MSFT,NYSE,T1,SELL,414.5494431732153,107.0,414.4705797291205,414.63640112529134,414.55349042720593
2026-01-02 15:44:39+00:00,TSLA,ARCA,T1,SELL,243.1172213271816,270.0,243.09344511232578,243.14206866370338,243.11775688801458
2026-01-02 15:44:43+00:00,NVDA,NYSE,T1,SELL,495.90055458789016,251.0,495.8486644734203,495.9478441242801,495.8982542988502
2026-01-02 15:45:00+00:00,NVDA,NYSE,T1,SELL,495.58061432877844,120.0,495.535405135267,495.6345221279933,495.58496363163016
2026-01-02 15:45:01+00:00,SPY,ARCA,T2,SELL,463.9187512731023,353.0,463.8680587274112,463.96084161744574,463.9144501724285
2026-01-02 15:45:10+00:00,TSLA,ARCA,T1,BUY,243.0856193499344,101.0,243.05681512046894,243.10543134511548,243.0811232327922
2026-01-02 15:45:10+00:00,MSFT,NYSE,T1,SELL,415.2452717311103,134.0,415.20161221946626,415.2846608467729,415.2431365331196
2026-01-02 15:45:12+00:00,MSFT,NYSE,T1,SELL,415.2898935567078,140.0,415.2505229572789,415.3335813677114,415.29205216249517
2026-01-02 15:45:18+00:00,NVDA,NYSE,T1,BUY,495.20124552712775,491.0,495.15596287324263,495.255003969927,495.2054834215848
2026-01-02 15:45:21+00:00,MSFT,NYSE,T1,SELL,415.1696438322731,108.0,415.1260706094666,415.2091041269402,415.1675873682034
2026-01-02 15:45:29+00:00,AAPL,NASDAQ,T3,SELL,191.12817708748923,54.0,191.08951134137837,191.16596243613387,191.12773688875612
2026-01-02 15:45:38+00:00,SPY,ARCA,T2,SELL,463.8125386383219,74.0,463.77371841962565,463.8664824397116,463.8201004296686
2026-01-02 15:45:39+00:00,TSLA,ARCA,T1,BUY,243.00896494663596,237.0,242.9851371754852,243.03373906310907,243.00943811929713
2026-01-02 15:45:41+00:00,AAPL,NASDAQ,T3,BUY,191.3431985043142,89.0,191.32052143321232,191.35878936429208,191.3396553987522
2026-01-02 15:45:41+00:00,MSFT,NYSE,T1,SELL,415.0010332653024,439.0,414.9563605640534,415.0393601361234,414.9978603500884
2026-01-02 15:45:44+00:00,MSFT,NYSE,T1,SELL,414.95214405817256,163.0,414.9129394428779,414.99593032985524,414.9544348863666
2026-01-02 15:45:46+00:00,MSFT,NYSE,T1,BUY,414.91226304528664,9100.0,414.75681472845315,415.08875295552673,414.92278384198994
2026-01-02 15:45:49+00:00,TSLA,ARCA,T1,SELL,242.99299453620688,111.0,242.97485721863947,243.02345705006636,242.9991571343529
2026-01-02 15:46:06+00:00,SPY,ARCA,T2,BUY,463.7869171925433,474.0,463.7322057740214,463.8249614907479,463.77858363238465
2026-01-02 15:46:09+00:00,MSFT,NYSE,T1,BUY,414.56436725348556,113.0,414.4766239372963,414.64244775163417,414.55953584446524
2026-01-02 15:46:12+00:00,AAPL,NASDAQ,T3,SELL,191.28094177084435,211.0,191.26127145921507,191.2995275391149,191.280399499165
2026-01-02 15:46:12+00:00,AAPL,NASDAQ,T3,SELL,191.27962816745642,291.0,191.26127145921507,191.2995275391149,191.280399499165
2026-01-02 15:46:18+00:00,AAPL,NASDAQ,T3,SELL,191.30654764515097,81.0,191.2683787283242,191.3449013843467,191.30664005633545
2026-01-02 15:46:28+00:00,MSFT,NYSE,T1,SELL,414.42792865393625,146.0,414.3888780948582,414.4717641590836,414.4303211269709
2026-01-02 15:46:31+00:00,AAPL,NASDAQ,T3,BUY,191.31870411047325,349.0,191.2979782644444,191.3362416864395,191.31710997544195
2026-01-02 15:46:34+00:00,SPY,ARCA,T2,BUY,463.4168211874123,281.0,463.37281615592406,463.46549998753835,463.4191580717312
2026-01-02 15:46:40+00:00,TSLA,ARCA,T1,BUY,243.32268566634633,135.0,243.3032548125435,243.3519203300578,243.32758757130065
2026-01-02 15:46:40+00:00,MSFT,NYSE,T1,SELL,414.10478461109784,144.0,414.07194005501793,414.15476272529594,414.11335139015694
2026-01-02 15:46:42+00:00,AAPL,NASDAQ,T3,SELL,191.34497719017122,299.0,191.3041321281312,191.38066908837447,191.34240060825283
2026-01-02 15:46:47+00:00,MSFT,NYSE,T1,BUY,414.02912573462226,109.0,413.9929964433936,414.07580332337034,414.034399883382
2026-01-02 15:46:52+00:00,MSFT,NYSE,T1,BUY,413.89269405519883,153.0,413.8459393533042,413.92871681892143,413.8873280861128
2026-01-02 15:46:59+00:00,MSFT,NYSE,T1,SELL,413.967419457766,111.0,413.8063315694062,414.13750910567626,413.97192033754123
2026-01-02 15:47:08+00:00,MSFT,NYSE,T1,BUY,413.90122491832636,36.0,413.8610396750365,413.9438201610201,413.9024299180283
2026-01-02 15:47:15+00:00,MSFT,NYSE,T1,BUY,413.82718539356927,127.0,413.7467948799597,413.91232670427655,413.8295607921181
2026-01-02 15:47:23+00:00,TSLA,ARCA,T1,BUY,243.42564868273766,299.0,243.40236871943455,243.45105406171268,243.42671139057362
2026-01-02 15:47:23+00:00,NVDA,NYSE,T1,BUY,495.61260657557125,98.0,495.56704807523033,495.66617139717755,495.61660973620394
2026-01-02 15:47:30+00:00,TSLA,ARCA,T1,SELL,243.50845631092142,75.0,243.45709586482923,243.55449818363894,243.50579702423408
2026-01-02 15:47:31+00:00,SPY,ARCA,T2,BUY,463.00379629158454,64.0,462.95582337129224,463.04842379600893,463.0021235836506
2026-01-02 15:47:33+00:00,MSFT,NYSE,T1,SELL,413.7925938196248,152.0,413.7123440360354,413.87786207725804,413.7951030566467
2026-01-02 15:47:47+00:00,MSFT,NYSE,T1,BUY,413.6653303740316,285.0,413.626415786342,413.70914934285497,413.6677825645985
2026-01-02 15:47:51+00:00,NVDA,NYSE,T1,BUY,495.9839149431934,76.0,495.53715297320906,496.28101660038925,495.90908478679916
2026-01-02 15:47:55+00:00,MSFT,NYSE,T1,BUY,414.00871855929626,54.0,413.9731725328197,414.0559754476178,414.01457399021876
2026-01-02 15:48:01+00:00,TSLA,ARCA,T1,SELL,243.71836312439174,428.0,243.67001336801718,243.76750087086498,243.71875711944108
2026-01-02 15:48:01+00:00,AAPL,NASDAQ,T3,BUY,191.57380443513412,337.0,191.55321494033842,191.59152941477396,191.5723721775562
2026-01-02 15:48:25+00:00,SPY,ARCA,T2,SELL,463.00316707113814,69.0,462.9522172162531,463.0448169196667,462.9985170679599
2026-01-02 15:48:41+00:00,AAPL,NASDAQ,T3,BUY,191.8359791976004,191.0,191.81772964821226,191.85609703088016,191.83691333954621
2026-01-02 15:48:43+00:00,TSLA,ARCA,T1,BUY,243.57597281831295,47.0,243.5343982896289,243.63183153559393,243.58311491261142
2026-01-02 15:48:45+00:00,MSFT,NYSE,T1,BUY,413.33634616674556,174.0,413.29778312186653,413.38045094527325,413.3391170335699
2026-01-02 15:48:47+00:00,TSLA,ARCA,T1,SELL,243.69155455142524,104.0,243.66626987227443,243.7150080000617,243.69063893616806
2026-01-02 15:48:48+00:00,NVDA,NYSE,T1,SELL,496.1454312595545,241.0,496.0971296748962,496.19635902376604,496.14674434933113
2026-01-02 15:49:09+00:00,MSFT,NYSE,T1,SELL,413.4116863599914,206.0,413.3754567231425,413.4581400828231,413.4167984029828
2026-01-02 15:49:16+00:00,NVDA,NYSE,T1,SELL,496.38581730165123,205.0,496.23315355641677,496.63029893741435,496.43172624691556
2026-01-02 15:49:26+00:00,AAPL,NASDAQ,T3,SELL,191.9379111786162,109.0,191.9198805087979,191.95826832368115,191.93907441623952
2026-01-02 15:49:32+00:00,MSFT,NYSE,T1,SELL,413.3806330999628,158.0,413.3471777356864,413.42985543900386,413.3885165873451
2026-01-02 15:49:38+00:00,TSLA,ARCA,T1,BUY,243.4386083815161,140.0,243.4160687137255,243.4647567962765,243.440412755001
2026-01-02 15:49:46+00:00,NVDA,NYSE,T1,SELL,496.44969569340077,130.0,496.40589880471947,496.5051899135913,496.4555443591554
2026-01-02 15:49:49+00:00,SPY,ARCA,T2,BUY,462.4405650474526,203.0,462.3267941274871,462.5117618386804,462.41927798308376
2026-01-02 15:49:51+00:00,TSLA,ARCA,T1,BUY,243.58711900838003,258.0,243.56232964538648,243.6110469830493,243.5866883142179
2026-01-02 15:49:55+00:00,NVDA,NYSE,T1,SELL,496.4279531823049,282.0,496.3810492952378,496.48033543371065,496.4306923644742
2026-01-02 15:49:57+00:00,MSFT,NYSE,T1,SELL,413.2067261371996,323.0,413.161493127751,413.2441336904328,413.2028134090919
2026-01-02 15:50:05+00:00,SPY,ARCA,T2,BUY,462.7094201432057,173.0,462.6660616851478,462.7586041517315,462.71233291843964
2026-01-02 15:50:06+00:00,MSFT,NYSE,T1,SELL,412.9198993658024,218.0,412.84083016251043,413.00599952844857,412.9234148454795
2026-01-02 15:50:07+00:00,TSLA,ARCA,T1,SELL,243.49110576916988,81.0,243.39411683221377,243.58891004296382,243.4915134375888
2026-01-02 15:50:12+00:00,SPY,ARCA,T2,SELL,462.68577187754414,100.0,462.64650512738064,462.73904368226164,462.69277440482114
2026-01-02 15:50:16+00:00,TSLA,ARCA,T1,SELL,243.58884569309348,121.0,243.54187038577797,243.63930662117937,243.59058850347867
2026-01-02 15:50:25+00:00,TSLA,ARCA,T1,BUY,243.57492113425033,178.0,243.5480663069545,243.59678079166437,243.57242354930943
2026-01-02 15:50:27+00:00,MSFT,NYSE,T1,SELL,412.6624182014263,53.0,412.46850192206233,412.79860876633774,412.63355534420003
2026-01-02 15:50:28+00:00,MSFT,NYSE,T1,SELL,412.60152931138396,182.0,412.56387642752,412.6463974549082,412.6051369412141
2026-01-02 15:50:37+00:00,AAPL,NASDAQ,T3,BUY,191.90049685886328,227.0,191.8672749259443,191.94403718836713,191.9056560571557
2026-01-02 15:50:43+00:00,TSLA,ARCA,T1,BUY,243.29078303473617,340.0,243.2515817051909,243.3489018018923,243.3002417535416
2026-01-02 15:50:48+00:00,NVDA,NYSE,T1,SELL,496.92405753893706,77.0,496.8232766061408,497.02204567059607,496.9226611383684
2026-01-02 15:50:48+00:00,MSFT,NYSE,T1,BUY,412.71978378909444,139.0,412.680658826694,412.76320321289796,412.721931019796
2026-01-02 15:50:49+00:00,TSLA,ARCA,T1,SELL,243.0986875801479,85.0,243.07507082726664,243.1236907034197,243.09938076534317
2026-01-02 15:50:53+00:00,AAPL,NASDAQ,T3,SELL,192.01279080873513,150.0,191.99418715150316,192.0325898292012,192.01338849035218
2026-01-02 15:50:56+00:00,AAPL,NASDAQ,T3,SELL,191.97266469873813,242.0,191.93501376950783,192.01180313288833,191.97340845119808
2026-01-02 15:51:03+00:00,AAPL,NASDAQ,T3,BUY,191.86301942129472,147.0,191.84021605100924,191.87858793140748,191.85940199120836
2026-01-02 15:51:08+00:00,TSLA,ARCA,T1,SELL,243.24350351390277,183.0,243.1383646642225,243.33295319136474,243.23565892779362
2026-01-02 15:51:09+00:00,NVDA,NYSE,T1,SELL,496.4138756496264,252.0,496.291084938375,496.4896410835794,496.3903630109772
2026-01-02 15:51:18+00:00,NVDA,NYSE,T1,SELL,496.80123826494656,104.0,496.4046485797431,497.14981442699815,496.7772315033706
2026-01-02 15:51:18+00:00,SPY,ARCA,T2,SELL,463.09504288566626,351.0,462.91808110255914,463.28856376050436,463.10332243153175
2026-01-02 15:51:26+00:00,MSFT,NYSE,T1,BUY,412.57000677696107,225.0,412.52987356876145,412.6123877948978,412.57113068182963
2026-01-02 15:51:26+00:00,AAPL,NASDAQ,T3,SELL,192.0384366427416,222.0,192.02188614539875,192.06029436344966,192.0410902544242
2026-01-02 15:51:29+00:00,TSLA,ARCA,T1,BUY,243.24014044490815,251.0,243.2145357025362,243.26318347445388,243.23885958849505
2026-01-02 15:51:30+00:00,AAPL,NASDAQ,T3,SELL,192.04489709271178,245.0,192.00256973767208,192.07938612884536,192.04097793325872
2026-01-02 15:51:34+00:00,SPY,ARCA,T2,SELL,463.58377869372805,292.0,463.5460854370534,463.6388039259897,463.59244468152156
2026-01-02 15:51:34+00:00,TSLA,ARCA,T1,BUY,243.24903195241328,118.0,243.22435798161175,243.27300771818173,243.24868284989674
2026-01-02 15:51:43+00:00,AAPL,NASDAQ,T3,SELL,192.01301775384587,210.0,191.99292408965673,192.03132651471716,192.01212530218694
2026-01-02 15:51:44+00:00,MSFT,NYSE,T1,BUY,412.5304616336593,138.0,412.48800688384637,412.57051273580834,412.52925980982735
2026-01-02 15:51:44+00:00,AAPL,NASDAQ,T3,BUY,191.99089795545524,262.0,191.95346755606536,192.03026430243708,191.99186592925122
2026-01-02 15:51:53+00:00,SPY,ARCA,T2,SELL,463.48838355552965,274.0,463.4480418542264,463.5407407324851,463.49439129335576
2026-01-02 15:52:09+00:00,AAPL,NASDAQ,T3,SELL,191.84050940617408,226.0,191.82163569428764,191.86000385824286,191.84081977626525
2026-01-02 15:52:12+00:00,TSLA,ARCA,T1,BUY,243.40453791108854,116.0,243.38162266922333,243.43030386187647,243.4059632655499
2026-01-02 15:52:23+00:00,NVDA,NYSE,T1,SELL,496.9696293744491,153.0,496.9138335372333,497.01322624321136,496.96352989022233
2026-01-02 15:52:28+00:00,SPY,ARCA,T2,SELL,463.12978554409926,58.0,463.05576777747734,463.2410271364601,463.1483974569687
2026-01-02 15:52:31+00:00,MSFT,NYSE,T1,BUY,413.1617390155812,58.0,413.1194006884348,413.2020328317868,413.1607167601108
2026-01-02 15:52:41+00:00,AAPL,NASDAQ,T3,SELL,192.04272105823495,123.0,192.0232884334012,192.06169693193772,192.04249268266946
2026-01-02 15:52:45+00:00,NVDA,NYSE,T1,BUY,496.720422133687,39.0,496.54326913378407,496.94066270652024,496.74196592015215
2026-01-02 15:52:46+00:00,MSFT,NYSE,T1,BUY,413.2123445874765,425.0,413.1289991967018,413.29428385331175,413.21164152500677
2026-01-02 15:52:48+00:00,NVDA,NYSE,T1,SELL,496.53332592779134,108.0,496.3204578646767,496.7176731170694,496.51906549087306
2026-01-02 15:52:54+00:00,TSLA,ARCA,T1,BUY,243.11656910534606,63.0,243.09333719802774,243.1419607278203,243.11764896292402
2026-01-02 15:52:54+00:00,AAPL,NASDAQ,T3,BUY,192.02961184437095,209.0,192.01140684149814,192.04981296347862,192.03060990248838
2026-01-02 15:52:56+00:00,SPY,ARCA,T2,BUY,463.13016590223094,125.0,463.08112707467956,463.17375256264324,463.1274398186614
2026-01-02 15:52:59+00:00,TSLA,ARCA,T1,BUY,243.1566301668151,96.0,243.1012158899941,243.19847582833776,243.14984585916594
2026-01-02 15:53:04+00:00,AAPL,NASDAQ,T3,SELL,192.00764309065136,324.0,191.97304840221585,192.04985298249278,192.01145069235432
2026-01-02 15:53:11+00:00,MSFT,NYSE,T1,SELL,413.27801854341277,66.0,413.23535897124555,413.31801430857354,413.27668663990954
2026-01-02 15:53:26+00:00,AAPL,NASDAQ,T3,SELL,192.25868110539338,416.0,192.24054097778813,192.27899293117903,192.25976695448358
2026-01-02 15:53:29+00:00,TSLA,ARCA,T1,BUY,243.16722733444428,196.0,243.14259758515698,243.1912309680123,243.16691427658463
2026-01-02 15:53:34+00:00,AAPL,NASDAQ,T3,BUY,192.25913876626055,110.0,192.24116252564096,192.27961460335388,192.26038856449742
2026-01-02 15:53:36+00:00,MSFT,NYSE,T1,SELL,413.5227319463483,137.0,413.4809775531961,413.56368201915336,413.52232978617474
2026-01-02 15:53:43+00:00,NVDA,NYSE,T1,BUY,496.60304173840166,59.0,496.5183463602435,496.71699342820125,496.6176698942224
2026-01-02 15:53:46+00:00,MSFT,NYSE,T1,SELL,413.54377150466007,295.0,413.3855604240223,413.7164012086754,413.55098081634884
2026-01-02 15:53:50+00:00,TSLA,ARCA,T1,SELL,243.10342336079398,82.0,243.0588331830609,243.1560761649305,243.1074546739957
2026-01-02 15:53:52+00:00,MSFT,NYSE,T1,BUY,413.5544910880831,252.0,413.5122145401702,413.5949252541496,413.5535698971599
2026-01-02 15:53:53+00:00,SPY,ARCA,T2,SELL,463.34696047781256,564.0,463.301345768206,463.3940153043132,463.3476805362596
2026-01-02 15:54:05+00:00,SPY,ARCA,T2,BUY,463.7090785680455,65.0,463.6632530114569,463.7559949362516,463.70962397385426
2026-01-02 15:54:06+00:00,AAPL,NASDAQ,T3,SELL,192.28580044322507,166.0,192.25296713799588,192.32988370816514,192.2914254230805
2026-01-02 15:54:06+00:00,MSFT,NYSE,T1,BUY,413.45038128958635,250.0,413.40712385685134,413.48981355059203,413.4484687037217
2026-01-02 15:54:15+00:00,TSLA,ARCA,T1,SELL,242.8947322759645,164.0,242.87349466950792,242.9220742263975,242.89778444795272
2026-01-02 15:54:18+00:00,NVDA,NYSE,T1,BUY,495.86483860713247,137.0,495.7643486654206,495.96269407396846,495.8635213696945
2026-01-02 15:54:21+00:00,SPY,ARCA,T2,SELL,464.0089225760862,185.0,463.91003618747436,464.09563732217634,464.00283675482535
2026-01-02 15:54:29+00:00,SPY,ARCA,T2,BUY,463.865012145693,219.0,463.8165673564685,463.90933994719893,463.8629536518337
2026-01-02 15:54:31+00:00,SPY,ARCA,T2,SELL,463.88152885140914,253.0,463.84167760910225,463.9344552223854,463.8880664157438
2026-01-02 15:54:39+00:00,TSLA,ARCA,T1,BUY,242.78048747032565,250.0,242.7557521877155,242.80430819375366,242.78003019073458
2026-01-02 15:54:46+00:00,AAPL,NASDAQ,T3,BUY,192.310396507569,169.0,192.29392874000624,192.33239137201744,192.31316005601184
2026-01-02 15:54:47+00:00,TSLA,ARCA,T1,BUY,242.92997145080335,104.0,242.8823007309823,242.97947308574567,242.930886908364
2026-01-02 15:54:54+00:00,SPY,ARCA,T2,BUY,463.93103605242675,121.0,463.88157139852075,463.9743569913597,463.9279641949402
2026-01-02 15:54:55+00:00,MSFT,NYSE,T1,BUY,412.46238279630313,99.0,412.42895121354366,412.51144525319035,412.470198233367
2026-01-02 15:54:56+00:00,NVDA,NYSE,T1,SELL,495.6524821101268,433.0,495.60848923792344,495.70762084893215,495.6580550434278
2026-01-02 15:55:08+00:00,SPY,ARCA,T2,SELL,464.21493461460904,58.0,464.17135037826256,464.2641939326936,464.2177721554781
2026-01-02 15:55:14+00:00,NVDA,NYSE,T1,BUY,495.58956697840415,390.0,495.4854098974779,495.68364370819904,495.58452680283847
2026-01-02 15:55:15+00:00,NVDA,NYSE,T1,SELL,495.4585998692489,250.0,495.2547949799519,495.65115736088825,495.4529761704201
2026-01-02 15:55:26+00:00,SPY,ARCA,T2,BUY,463.7664317049227,118.0,463.72619180089345,463.818946314705,463.7725690577992
2026-01-02 15:55:30+00:00,TSLA,ARCA,T1,BUY,242.70733040016924,189.0,242.68175449224236,242.73029569726134,242.70602509475185
2026-01-02 15:55:35+00:00,SPY,ARCA,T2,SELL,464.012640494379,298.0,463.9682673274131,464.061070261172,464.01466879429256
2026-01-02 15:55:35+00:00,AAPL,NASDAQ,T3,SELL,191.809686975896,101.0,191.73726000456472,191.89071119304376,191.81398559880424
2026-01-02 15:55:38+00:00,SPY,ARCA,T2,SELL,464.03324436816774,261.0,463.99289144867254,464.08569930774814,464.03929537821034
2026-01-02 15:55:42+00:00,AAPL,NASDAQ,T3,BUY,191.7568483471711,243.0,191.73875401223367,191.7771055981947,191.7579298052142
2026-01-02 15:55:50+00:00,SPY,ARCA,T2,BUY,463.36586798025104,116.0,463.28122470494736,463.4665742647413,463.37389948484434
2026-01-02 15:55:53+00:00,NVDA,NYSE,T1,BUY,496.2549272386227,282.0,496.2067030020219,496.30595426774886,496.2563286348854
2026-01-02 15:55:58+00:00,TSLA,ARCA,T1,BUY,242.68086324043765,181.0,242.582865457689,242.77700940763512,242.67993743266206
2026-01-02 15:56:01+00:00,SPY,ARCA,T2,SELL,463.7640283261488,221.0,463.7258883453218,463.81864279843614,463.77226557187896
2026-01-02 15:56:04+00:00,TSLA,ARCA,T1,BUY,242.6557405418256,110.0,242.63150221534454,242.68003336890297,242.65576779212375
2026-01-02 15:56:07+00:00,TSLA,ARCA,T1,BUY,242.6798401646473,176.0,242.65877640027432,242.70731300921526,242.6830447047448
2026-01-02 15:56:13+00:00,TSLA,ARCA,T1,SELL,242.7073002485276,111.0,242.6815097211179,242.73005087717775,242.70578029914782
2026-01-02 15:56:15+00:00,TSLA,ARCA,T1,SELL,242.71030490287643,379.0,242.62492352803324,242.8191011378996,242.72201233296641
2026-01-02 15:56:23+00:00,AAPL,NASDAQ,T3,SELL,191.61151272675195,99.0,191.5938719380423,191.63219454469055,191.61303324136642
2026-01-02 15:56:33+00:00,NVDA,NYSE,T1,SELL,496.6804997294972,83.0,496.59033129694257,496.7890071646348,496.6896692307887
2026-01-02 15:56:46+00:00,MSFT,NYSE,T1,SELL,412.98228834819747,505.0,412.80191667681237,413.1322903596269,412.96710351821963
2026-01-02 15:56:52+00:00,NVDA,NYSE,T1,SELL,496.9121916428389,29.0,496.86640855681065,496.965791776844,496.91610016682733
2026-01-02 15:56:54+00:00,AAPL,NASDAQ,T3,BUY,191.45929692100603,174.0,191.439309516356,191.4776012074284,191.4584553618922
2026-01-02 15:56:55+00:00,MSFT,NYSE,T1,BUY,412.8352936988313,95.0,412.7964405602587,412.8790081051252,412.83772433269195
2026-01-02 15:57:03+00:00,AAPL,NASDAQ,T3,SELL,191.54385379745725,147.0,191.5244932941209,191.56280202365267,191.54364765888678
2026-01-02 15:57:15+00:00,TSLA,ARCA,T1,SELL,242.53454869861645,148.0,242.50944505460131,242.55795179428623,242.53369842444377
2026-01-02 15:57:15+00:00,SPY,ARCA,T2,BUY,464.4637466812534,264.0,464.4210608139528,464.5139543154657,464.46750756470925
2026-01-02 15:57:33+00:00,TSLA,ARCA,T1,BUY,242.58439660811862,85.0,242.5583290431009,242.60684556056128,242.5825873018311
2026-01-02 15:57:37+00:00,AAPL,NASDAQ,T3,BUY,191.50886314722817,121.0,191.49161783899606,191.5299199927792,191.51076891588764
2026-01-02 15:57:38+00:00,TSLA,ARCA,T1,SELL,242.73787933795012,261.0,242.7194010514685,242.7679497865523,242.7436754190104
2026-01-02 15:57:40+00:00,AAPL,NASDAQ,T3,BUY,191.585279953759,74.0,191.56706682143061,191.60538406651943,191.58622544397502
2026-01-02 15:57:59+00:00,SPY,ARCA,T2,SELL,464.1965627251683,101.0,464.151350288722,464.2441898427352,464.1977700657286
2026-01-02 15:58:06+00:00,SPY,ARCA,T2,BUY,464.4276230010725,99.0,464.38378411246805,464.47667015789506,464.43022713518155
2026-01-02 15:58:20+00:00,TSLA,ARCA,T1,BUY,242.8641323881973,164.0,242.8387610096221,242.88733361908498,242.86304731435354
2026-01-02 15:58:22+00:00,NVDA,NYSE,T1,BUY,497.10903622380783,330.0,497.06336505457904,497.1627876698515,497.1130763622153
2026-01-02 15:58:25+00:00,SPY,ARCA,T2,SELL,464.9494102998337,144.0,464.7483586989436,465.1203061648891,464.93433243191635
2026-01-02 15:58:27+00:00,SPY,ARCA,T2,SELL,464.94112700793926,176.0,464.8968470050541,464.9898356733219,464.943341339188
2026-01-02 15:58:29+00:00,MSFT,NYSE,T1,BUY,412.32781384112286,104.0,412.2895720242662,412.3720381852872,412.3308051047767
2026-01-02 15:58:33+00:00,SPY,ARCA,T2,BUY,464.93913640221643,480.0,464.89495782801015,464.98794611840475,464.94145197320745
2026-01-02 15:58:36+00:00,TSLA,ARCA,T1,BUY,242.97728829143588,188.0,242.95359252131837,243.00218809938045,242.9778903103494
2026-01-02 15:58:39+00:00,TSLA,ARCA,T1,BUY,243.07332358549232,222.0,243.04863841295602,243.09725300209752,243.07294570752677
2026-01-02 15:58:41+00:00,MSFT,NYSE,T1,SELL,412.36175600346655,117.0,412.3190872926371,412.4015593573021,412.3603233249696
2026-01-02 15:58:41+00:00,TSLA,ARCA,T1,SELL,243.0550158274987,121.0,243.0342563658856,243.08286807833002,243.0585622221078
2026-01-02 15:58:50+00:00,TSLA,ARCA,T1,SELL,242.86008925308715,44.0,242.84009211112377,242.88866498683356,242.86437854897866
2026-01-02 15:58:53+00:00,SPY,ARCA,T2,SELL,464.38651992806393,198.0,464.28613718305746,464.4718887882517,464.3790129856546
2026-01-02 15:59:00+00:00,TSLA,ARCA,T1,BUY,242.9144647868323,225.0,242.89161329184802,242.9401964728245,242.91590488233626
2026-01-02 15:59:02+00:00,SPY,ARCA,T2,BUY,463.97766584506587,138.0,463.8788146503953,464.0644032939842,463.97160897218976
2026-01-02 15:59:09+00:00,TSLA,ARCA,T1,BUY,242.7948750087377,78.0,242.76651696966292,242.81507512887276,242.79079604926784
2026-01-02 15:59:09+00:00,AAPL,NASDAQ,T3,SELL,191.13262302624,216.0,191.09713990114156,191.1735940479314,191.13536697453648
2026-01-02 15:59:20+00:00,AAPL,NASDAQ,T3,SELL,191.02598252665376,203.0,191.00520220631952,191.04340706724687,191.0243046367832
2026-01-02 15:59:22+00:00,TSLA,ARCA,T1,SELL,242.8663230014531,195.0,242.7748045814238,242.96910214411403,242.87195336276892
2026-01-02 15:59:36+00:00,AAPL,NASDAQ,T3,BUY,191.06822494503447,228.0,191.05016773826773,191.08838159320086,191.0692746657343
2026-01-02 15:59:36+00:00,TSLA,ARCA,T1,BUY,242.79572594222407,127.0,242.76591960940064,242.81447764912647,242.79019862926356
2026-01-02 15:59:47+00:00,TSLA,ARCA,T1,BUY,242.66207109080622,288.0,242.56166100409573,242.75578798369085,242.6587244938933
2026-01-02 15:59:53+00:00,SPY,ARCA,T2,SELL,463.94080127716376,351.0,463.846200056138,464.0317756512795,463.93898785370874
2026-01-02 16:00:02+00:00,NVDA,NYSE,T1,SELL,497.4828442457801,119.0,497.37606885468136,497.5750590802683,497.47556396747484
2026-01-02 16:00:04+00:00,TSLA,ARCA,T1,SELL,242.5953514722308,134.0,242.57311852101202,242.62163799666376,242.5973782588379
2026-01-02 16:00:08+00:00,TSLA,ARCA,T1,BUY,242.47193309986017,68.0,242.4221068095613,242.5190950499332,242.47060092974726
2026-01-02 16:00:14+00:00,AAPL,NASDAQ,T3,BUY,191.1597461671732,115.0,191.14144044967156,191.17967256097262,191.1605565053221
2026-01-02 16:00:16+00:00,NVDA,NYSE,T1,SELL,497.3084609993375,102.0,497.26086480697205,497.3603269261453,497.3105958665587
2026-01-02 16:00:26+00:00,MSFT,NYSE,T1,BUY,412.89897695804336,359.0,412.85893408645154,412.94151413127327,412.9002241088624
2026-01-02 16:00:30+00:00,TSLA,ARCA,T1,BUY,242.45533128941685,273.0,242.40645173420825,242.50343371129736,242.4549427227528
2026-01-02 16:00:31+00:00,MSFT,NYSE,T1,BUY,412.8469981850968,338.0,412.8057487617883,412.8883181684813,412.8470334651348
2026-01-02 16:00:31+00:00,SPY,ARCA,T2,BUY,464.0427091597985,113.0,463.9969922314536,464.0898009107678,464.0433965711107
2026-01-02 16:00:36+00:00,SPY,ARCA,T2,BUY,463.7934646222532,87.0,463.6231845002436,463.99423146663037,463.808707983437
2026-01-02 16:00:45+00:00,MSFT,NYSE,T1,BUY,412.62405711000827,145.0,412.58555729363457,412.6680826576297,412.62681997563215
2026-01-02 16:00:51+00:00,MSFT,NYSE,T1,BUY,412.4871093443902,196.0,412.3326587454308,412.6626568716777,412.49765780855427
2026-01-02 16:01:01+00:00,MSFT,NYSE,T1,BUY,412.91882831327104,163.0,412.82386816037194,412.9890307401521,412.906449450262
2026-01-02 16:01:10+00:00,MSFT,NYSE,T1,SELL,412.5696230452033,67.0,412.5338901822483,412.6164052117877,412.575147697018
2026-01-02 16:01:15+00:00,TSLA,ARCA,T1,SELL,241.8188815281349,197.0,241.79448232174514,241.84284605458276,241.81866418816395
2026-01-02 16:01:16+00:00,AAPL,NASDAQ,T3,SELL,191.36067941008756,277.0,191.3425243055036,191.3807966375979,191.36166047155075
2026-01-02 16:01:20+00:00,TSLA,ARCA,T1,BUY,241.9309199119627,101.0,241.90564379535616,241.95402976271194,241.92983677903405
2026-01-02 16:01:20+00:00,NVDA,NYSE,T1,BUY,497.011175657528,66.0,496.8119720624499,497.20958068354827,497.0107763729991
2026-01-02 16:01:30+00:00,TSLA,ARCA,T1,SELL,242.10031631466865,87.0,242.05099037616134,242.1478301402646,242.09941025821297
2026-01-02 16:01:40+00:00,TSLA,ARCA,T1,BUY,242.0749976719941,121.0,241.97229606433163,242.1659513633027,242.06912371381716
2026-01-02 16:01:42+00:00,TSLA,ARCA,T1,SELL,242.12384681696264,114.0,242.0751416275887,242.17199105412502,242.12356634085685
2026-01-02 16:01:46+00:00,SPY,ARCA,T2,BUY,463.31979854725614,157.0,463.28043382499976,463.37309917830004,463.3267665016499
2026-01-02 16:01:51+00:00,TSLA,ARCA,T1,SELL,242.04437090088837,204.0,242.00036529000826,242.09718480002627,242.04877504501727
2026-01-02 16:01:58+00:00,TSLA,ARCA,T1,SELL,242.0313270810098,307.0,242.00545068097972,242.05385661170897,242.02965364634434
2026-01-02 16:02:02+00:00,SPY,ARCA,T2,SELL,463.429752212807,81.0,463.38215993978264,463.4748456403407,463.42850279006166
2026-01-02 16:02:04+00:00,TSLA,ARCA,T1,SELL,242.25059881314914,598.0,242.2003614217162,242.2972609461898,242.248811183953
2026-01-02 16:02:05+00:00,TSLA,ARCA,T1,SELL,242.26192083805836,158.0,242.06839642812596,242.43177155411266,242.2500839911193
2026-01-02 16:02:06+00:00,MSFT,NYSE,T1,SELL,412.28402483312243,85.0,412.1978211473685,412.3627332582496,412.28027720280903
2026-01-02 16:02:09+00:00,NVDA,NYSE,T1,BUY,496.9097784491981,74.0,496.85730311444246,496.9566845132052,496.9069938138238
2026-01-02 16:02:12+00:00,NVDA,NYSE,T1,SELL,496.9137526386269,73.0,496.86445161170633,496.9638344403116,496.91414302600896
2026-01-02 16:02:25+00:00,NVDA,NYSE,T1,SELL,496.7093565160402,122.0,496.65842487355656,496.75776649269324,496.7080956831249
2026-01-02 16:02:33+00:00,SPY,ARCA,T2,SELL,463.80912954209043,38.0,463.75797798232543,463.850738854009,463.8043584181672
2026-01-02 16:02:38+00:00,TSLA,ARCA,T1,SELL,242.36725645510194,229.0,242.32244006506258,242.41938843076176,242.37091424791217
2026-01-02 16:02:42+00:00,TSLA,ARCA,T1,BUY,242.3229618027414,115.0,242.2973059895877,242.3457702972164,242.32153814340205
2026-01-02 16:02:44+00:00,TSLA,ARCA,T1,SELL,242.23889410347246,134.0,242.21753570991606,242.26598406189325,242.24175988590466
2026-01-02 16:02:44+00:00,TSLA,ARCA,T1,SELL,242.24476126271148,156.0,242.21753570991606,242.26598406189325,242.24175988590466
2026-01-02 16:02:50+00:00,AAPL,NASDAQ,T3,BUY,193.23340712297488,160.0,191.88717652685798,191.9255578002907,191.90636716357434
2026-01-02 16:02:50+00:00,NVDA,NYSE,T1,SELL,497.057569161333,57.0,497.0143625623023,497.11377537609616,497.06406896919924
2026-01-02 16:02:56+00:00,NVDA,NYSE,T1,BUY,493.3591746776146,245.0,496.79225337148927,496.89162175900236,496.8419375652458
2026-01-02 16:02:57+00:00,MSFT,NYSE,T1,BUY,412.34761698895863,113.0,412.2573040037571,412.42223991254036,412.33977195814873
2026-01-02 16:03:02+00:00,TSLA,ARCA,T1,BUY,242.07342641564273,45.0,242.0522854322612,242.1007007308775,242.07649308156934
2026-01-02 16:03:08+00:00,NVDA,NYSE,T1,BUY,496.6046760613684,253.0,496.3992690302441,496.7965473567989,496.5979081935215
2026-01-02 16:03:09+00:00,MSFT,NYSE,T1,SELL,412.1693296911155,200.0,412.12617868124823,412.20861216033234,412.1673954207903
2026-01-02 16:03:13+00:00,MSFT,NYSE,T1,SELL,412.0606412518307,311.0,412.0212792657583,412.10369176286116,412.06248551430974
2026-01-02 16:03:19+00:00,TSLA,ARCA,T1,SELL,242.22227837024658,131.0,242.20036800118407,242.24881291927613,242.2245904602301
2026-01-02 16:03:21+00:00,NVDA,NYSE,T1,SELL,496.2336462307111,145.0,496.1817666924229,496.28101297038916,496.23138983140603
2026-01-02 16:03:27+00:00,TSLA,ARCA,T1,SELL,242.48655515909599,137.0,242.4615451133343,242.51004227207284,242.48579369270357
2026-01-02 16:03:33+00:00,TSLA,ARCA,T1,SELL,242.37955831266407,215.0,242.35725151907516,242.4057278170088,242.38148966804198
2026-01-02 16:03:36+00:00,AAPL,NASDAQ,T3,BUY,191.90981938013155,358.0,191.87254083663896,191.94930520584745,191.9109230212432
2026-01-02 16:03:36+00:00,AAPL,NASDAQ,T3,BUY,191.91127250621838,141.0,191.87254083663896,191.94930520584745,191.9109230212432
2026-01-02 16:03:40+00:00,NVDA,NYSE,T1,BUY,495.8798097671974,442.0,495.82356365781493,495.92273828800955,495.87315097291224
2026-01-02 16:03:43+00:00,AAPL,NASDAQ,T3,BUY,191.877720332757,74.0,191.86002338380862,191.89839922606959,191.8792113049391
2026-01-02 16:03:49+00:00,SPY,ARCA,T2,BUY,463.37436805984515,191.0,463.32274645886304,463.4154202755365,463.3690833671998
2026-01-02 16:03:52+00:00,NVDA,NYSE,T1,BUY,495.606602507349,172.0,495.55426490267314,495.65338566773016,495.60382528520165
2026-01-02 16:03:52+00:00,MSFT,NYSE,T1,SELL,412.6112090914842,67.0,412.4579529468698,412.78805134858794,412.62300214772887
2026-01-02 16:03:55+00:00,MSFT,NYSE,T1,SELL,412.5638443671414,95.0,412.533718840962,412.61623383622975,412.5749763385959
2026-01-02 16:03:56+00:00,MSFT,NYSE,T1,BUY,412.6726076734174,249.0,412.6331139722361,412.71564884851824,412.6743814103772
2026-01-02 16:04:02+00:00,NVDA,NYSE,T1,SELL,495.17769810760234,127.0,495.1290433980547,495.22807911030554,495.1785612541801
2026-01-02 16:04:07+00:00,SPY,ARCA,T2,BUY,463.51023247169405,81.0,463.2820935745688,463.65286755902224,463.46748056679553
2026-01-02 16:04:07+00:00,SPY,ARCA,T2,SELL,463.4682248983968,87.0,463.2820935745688,463.65286755902224,463.46748056679553
2026-01-02 16:04:21+00:00,SPY,ARCA,T2,BUY,463.2435203654972,166.0,463.19616669835784,463.2888151965474,463.2424909474526
2026-01-02 16:04:22+00:00,MSFT,NYSE,T1,BUY,412.8632274395415,75.0,412.81738041654637,412.89995214980297,412.85866628317467
2026-01-02 16:04:29+00:00,AAPL,NASDAQ,T3,SELL,192.0419739406163,165.0,192.00338998249563,192.0802067018325,192.04179834216407
2026-01-02 16:04:35+00:00,MSFT,NYSE,T1,BUY,413.0370628101165,76.0,413.0018266021762,413.08443522835927,413.04313091526774
2026-01-02 16:04:52+00:00,SPY,ARCA,T2,BUY,462.8270467101589,322.0,462.7800065885213,462.8725718463648,462.82628921744305
2026-01-02 16:04:55+00:00,MSFT,NYSE,T1,BUY,413.06161069551763,118.0,412.99485125510466,413.16008224180405,413.07746674845436
2026-01-02 16:05:03+00:00,NVDA,NYSE,T1,SELL,493.95834775816616,40.0,493.75574095715973,494.15090361498864,493.9533222860742
2026-01-02 16:05:05+00:00,SPY,ARCA,T2,BUY,462.78989303537884,163.0,462.74175668854025,462.8343142956387,462.7880354920895
2026-01-02 16:05:06+00:00,TSLA,ARCA,T1,BUY,242.0866862206834,213.0,242.0605515838315,242.10896853584347,242.0847600598375
2026-01-02 16:05:07+00:00,NVDA,NYSE,T1,SELL,494.1231825330985,85.0,494.06564863395033,494.1644716459783,494.1150601399643
2026-01-02 16:05:08+00:00,SPY,ARCA,T2,BUY,462.8360032156887,127.0,462.67471780051886,463.04500568991506,462.85986174521696
2026-01-02 16:05:13+00:00,AAPL,NASDAQ,T3,BUY,192.35220686408928,322.0,192.33244732850542,192.37091766500478,192.3516824967551
2026-01-02 16:05:19+00:00,AAPL,NASDAQ,T3,SELL,192.4615422238523,167.0,192.4247171064548,192.50170239035418,192.4632097484045
2026-01-02 16:05:19+00:00,MSFT,NYSE,T1,SELL,413.04360553141544,139.0,412.9985131778471,413.08112114127897,413.03981715956303
2026-01-02 16:05:24+00:00,MSFT,NYSE,T1,BUY,413.30179834646265,143.0,413.12813000814157,413.4587647660513,413.2934473870964
2026-01-02 16:05:26+00:00,TSLA,ARCA,T1,BUY,241.94292157396427,159.0,241.91636074637657,241.96474885733696,241.94055480185676
2026-01-02 16:05:32+00:00,NVDA,NYSE,T1,SELL,494.4386412919959,111.0,494.3898792629525,494.4887671275916,494.43932319527204
2026-01-02 16:05:33+00:00,TSLA,ARCA,T1,SELL,241.7721333248988,98.0,241.72657366739998,241.82328363886126,241.77492865313062
2026-01-02 16:05:37+00:00,AAPL,NASDAQ,T3,SELL,192.56225934671352,78.0,192.54470511718446,192.5832179094871,192.56396151333578
2026-01-02 16:05:42+00:00,AAPL,NASDAQ,T3,BUY,192.56560823672388,123.0,192.5476985349603,192.58621192600637,192.56695523048333
2026-01-02 16:05:45+00:00,AAPL,NASDAQ,T3,BUY,192.54878772151082,377.0,192.53015895247006,192.56866883524884,192.54941389385945
2026-01-02 16:05:47+00:00,AAPL,NASDAQ,T3,BUY,192.5352817422331,85.0,192.51529843157886,192.5538053419562,192.53455188676753
2026-01-02 16:05:47+00:00,TSLA,ARCA,T1,BUY,241.74615252962357,131.0,241.71990462509874,241.76825344090534,241.74407903300204
2026-01-02 16:05:52+00:00,SPY,ARCA,T2,SELL,464.22710261727616,66.0,464.1842916581743,464.27713780112026,464.2307147296473
2026-01-02 16:05:54+00:00,NVDA,NYSE,T1,SELL,494.9614904893876,87.0,494.90898243737036,495.00797413302735,494.95847828519885
2026-01-02 16:05:56+00:00,TSLA,ARCA,T1,BUY,241.77359208169727,64.0,241.6853725979829,241.8787982663286,241.78208543215575
2026-01-02 16:05:59+00:00,NVDA,NYSE,T1,BUY,495.2433732711076,215.0,495.1949171659574,495.29396605427945,495.24444161011843
2026-01-02 16:06:02+00:00,SPY,ARCA,T2,SELL,464.2242602444633,115.0,464.1775928194123,464.2704376224565,464.2240152209344
2026-01-02 16:06:03+00:00,TSLA,ARCA,T1,SELL,241.85288558276642,330.0,241.82943158935456,241.8778023127448,241.85361695104967
2026-01-02 16:06:11+00:00,SPY,ARCA,T2,BUY,463.85113170621435,158.0,463.8073871375702,463.9001578920731,463.8537725148216
2026-01-02 16:06:15+00:00,TSLA,ARCA,T1,SELL,241.95909315357048,153.0,241.93359171744189,241.98198327494114,241.95778749619151
2026-01-02 16:06:22+00:00,MSFT,NYSE,T1,SELL,413.75780040597493,52.0,413.7139776989532,413.79672876960007,413.75535323427664
2026-01-02 16:06:26+00:00,NVDA,NYSE,T1,SELL,494.2322766446925,73.0,494.190099476037,494.28894738072273,494.23952342837987
2026-01-02 16:06:29+00:00,MSFT,NYSE,T1,SELL,413.85571933819386,76.0,413.8231622887989,413.9059351985477,413.8645487436733
2026-01-02 16:06:37+00:00,AAPL,NASDAQ,T3,BUY,192.58087218124675,58.0,192.56275701748825,192.60127342053204,192.58201521901015
2026-01-02 16:06:37+00:00,SPY,ARCA,T2,SELL,464.0770710420999,277.0,463.87608626800437,464.2473356367663,464.06171095238534
2026-01-02 16:06:53+00:00,SPY,ARCA,T2,BUY,464.2158505025697,280.0,464.17534697607607,464.2681913299067,464.2217691529914
2026-01-02 16:06:53+00:00,TSLA,ARCA,T1,BUY,241.9403376042124,143.0,241.8833444911101,241.98011718344503,241.93173083727757
2026-01-02 16:06:57+00:00,NVDA,NYSE,T1,SELL,494.4693157741779,292.0,494.3783646231323,494.57615552716237,494.47726007514734
2026-01-02 16:07:13+00:00,TSLA,ARCA,T1,BUY,241.97189745747252,64.0,241.94818307878492,241.9965775548483,241.9723803168166
2026-01-02 16:07:14+00:00,SPY,ARCA,T2,BUY,463.9602584903572,263.0,463.90638784826575,463.9991784048911,463.9527831265784
2026-01-02 16:07:17+00:00,TSLA,ARCA,T1,SELL,242.00060291200683,212.0,241.97738592891096,242.02578624612846,242.0015860875197
2026-01-02 16:07:18+00:00,AAPL,NASDAQ,T3,SELL,192.57116976803428,172.0,192.5568932133202,192.59540844348587,192.57615082840303
2026-01-02 16:07:21+00:00,TSLA,ARCA,T1,BUY,242.02906091233757,233.0,241.97796671461515,242.07477726341074,242.02637198901294
2026-01-02 16:07:23+00:00,TSLA,ARCA,T1,BUY,241.9681449624933,80.0,241.86780414280824,242.06137581479126,241.96458997879975
2026-01-02 16:07:29+00:00,MSFT,NYSE,T1,BUY,413.6741715837162,177.0,413.6274418306683,413.7101755924107,413.6688087115395
2026-01-02 16:07:29+00:00,SPY,ARCA,T2,SELL,464.2328144313202,128.0,464.1929608025045,464.2858086794527,464.2393847409786
2026-01-02 16:07:35+00:00,NVDA,NYSE,T1,BUY,494.9338431791543,68.0,494.83028795135846,495.0282596608809,494.9292738061197
2026-01-02 16:07:36+00:00,NVDA,NYSE,T1,SELL,494.90571558005865,264.0,494.86898116184756,494.96796485644944,494.9184730091485
2026-01-02 16:07:37+00:00,MSFT,NYSE,T1,SELL,413.56884238637974,339.0,413.5259814716275,413.60869493926856,413.56733820544804
2026-01-02 16:07:45+00:00,NVDA,NYSE,T1,BUY,494.83321887378037,149.0,494.7810217424976,494.8799878434562,494.8305047929769
2026-01-02 16:07:46+00:00,NVDA,NYSE,T1,SELL,494.69568466186223,43.0,494.5438991680565,494.93969260476564,494.74179588641107
2026-01-02 16:07:49+00:00,MSFT,NYSE,T1,BUY,413.4973794045277,328.0,413.45474397692885,413.5374431956461,413.4960935862875
2026-01-02 16:07:51+00:00,SPY,ARCA,T2,SELL,463.5944737909549,92.0,463.54876459113717,463.64148361595784,463.5951241035475
2026-01-02 16:07:57+00:00,SPY,ARCA,T2,SELL,463.7584215797086,88.0,463.7211990982251,463.8139526133962,463.76757585581066
2026-01-02 16:07:58+00:00,AAPL,NASDAQ,T3,SELL,192.76775001890545,133.0,192.73577121967384,192.8128809501078,192.77432608489082
2026-01-02 16:08:10+00:00,AAPL,NASDAQ,T3,BUY,192.82393082261086,182.0,192.8050946107842,192.8436594861939,192.82437704848905
2026-01-02 16:08:10+00:00,SPY,ARCA,T2,BUY,463.719994840867,73.0,463.6218050449609,463.8072908641428,463.71454795455185
2026-01-02 16:08:10+00:00,SPY,ARCA,T2,BUY,463.71705092660693,190.0,463.6218050449609,463.8072908641428,463.71454795455185
2026-01-02 16:08:20+00:00,NVDA,NYSE,T1,SELL,495.23962889349895,175.0,495.19754491848227,495.2965943324073,495.2470696254448
2026-01-02 16:08:23+00:00,AAPL,NASDAQ,T3,BUY,192.8580612773504,176.0,192.83821860504744,192.87679010591856,192.857504355483
2026-01-02 16:08:33+00:00,AAPL,NASDAQ,T3,SELL,192.80133442584514,93.0,192.7655486258532,192.8426702696323,192.80410944774275
2026-01-02 16:08:35+00:00,SPY,ARCA,T2,SELL,463.9834840238559,134.0,463.9364484236541,464.02924499299576,463.9828467083249
2026-01-02 16:08:38+00:00,SPY,ARCA,T2,BUY,463.9796022953856,233.0,463.93804027952405,464.03083716726877,463.9844387233964
2026-01-02 16:08:39+00:00,SPY,ARCA,T2,SELL,464.04371577738857,190.0,463.99293744622423,464.0857453145003,464.03934138036226
2026-01-02 16:08:40+00:00,MSFT,NYSE,T1,BUY,412.9664573071989,125.0,412.8876740921486,413.05286219940695,412.97026814577777
2026-01-02 16:08:44+00:00,AAPL,NASDAQ,T3,SELL,192.53761573140093,126.0,192.51839927152076,192.55690680212814,192.53765303682445
2026-01-02 16:08:47+00:00,AAPL,NASDAQ,T3,BUY,192.55868527642076,62.0,192.53930324906017,192.57781496088117,192.55855910497067
2026-01-02 16:08:48+00:00,TSLA,ARCA,T1,SELL,242.48836983193118,208.0,242.37090140365692,242.56487571450415,242.46788855908054
2026-01-02 16:08:51+00:00,SPY,ARCA,T2,BUY,464.22797555755227,158.0,464.18310069975087,464.2759466044813,464.2295236521161
2026-01-02 16:08:55+00:00,MSFT,NYSE,T1,BUY,412.81374168118293,54.0,412.7748479849861,412.85741121090564,412.81612959794586
2026-01-02 16:08:57+00:00,AAPL,NASDAQ,T3,BUY,192.52477568250902,132.0,192.50779370466947,192.54629911395133,192.5270464093104
2026-01-02 16:09:01+00:00,AAPL,NASDAQ,T3,SELL,192.54337144354275,88.0,192.49995927310994,192.57697465989656,192.53846696650325
2026-01-02 16:09:02+00:00,MSFT,NYSE,T1,BUY,412.9508125338445,446.0,412.9064548781308,412.9890444280614,412.9477496530961
2026-01-02 16:09:03+00:00,MSFT,NYSE,T1,BUY,412.96262265567526,115.0,412.88598675468205,413.05117418687036,412.9685804707762
2026-01-02 16:09:10+00:00,NVDA,NYSE,T1,SELL,495.5783121050285,270.0,495.374256759267,495.7707147478698,495.5724857535684
2026-01-02 16:09:17+00:00,SPY,ARCA,T2,SELL,464.60486897621365,81.0,464.5636956206358,464.6566176519631,464.61015663629945
2026-01-02 16:09:18+00:00,TSLA,ARCA,T1,BUY,242.30498206191473,63.0,242.27775975900718,242.3262201569988,242.301989958003
2026-01-02 16:09:19+00:00,TSLA,ARCA,T1,BUY,242.27618376686863,108.0,242.1751954886675,242.36901317213182,242.27210433039966
2026-01-02 16:09:20+00:00,NVDA,NYSE,T1,BUY,495.50692728621783,145.0,495.46733224024644,495.56643561703214,495.5168839286393
2026-01-02 16:09:22+00:00,MSFT,NYSE,T1,BUY,412.8092776499599,116.0,412.77151487295254,412.85407743218303,412.8127961525678
2026-01-02 16:09:29+00:00,SPY,ARCA,T2,SELL,464.1337398716785,195.0,464.0380222021213,464.22367454147,464.13084837179565
2026-01-02 16:09:30+00:00,AAPL,NASDAQ,T3,BUY,192.64884471110582,192.0,192.63166329141205,192.6701934770889,192.65092838425048
2026-01-02 16:09:31+00:00,SPY,ARCA,T2,BUY,464.17017848043986,230.0,463.9652398283068,464.3365605484575,464.15090018838214
2026-01-02 16:09:31+00:00,SPY,ARCA,T2,SELL,464.1609821376831,198.0,463.9652398283068,464.3365605484575,464.15090018838214
2026-01-02 16:09:32+00:00,AAPL,NASDAQ,T3,SELL,192.63517058593462,102.0,192.61477398091225,192.6533007883892,192.63403738465072
2026-01-02 16:09:37+00:00,TSLA,ARCA,T1,SELL,242.21769498214175,39.0,242.19440152067403,242.24284524535062,242.21862338301233
2026-01-02 16:09:49+00:00,NVDA,NYSE,T1,BUY,495.69070038509074,145.0,495.4811741054612,495.8777176621682,495.6794458838147
2026-01-02 16:09:51+00:00,AAPL,NASDAQ,T3,BUY,192.748583062548,233.0,192.72989136501693,192.76844119827328,192.7491662816451
2026-01-02 16:09:52+00:00,SPY,ARCA,T2,SELL,463.8725961502799,131.0,463.8267095195399,463.9194841389058,463.87309682922285
2026-01-02 16:09:53+00:00,AAPL,NASDAQ,T3,SELL,192.7092307701046,413.0,192.68717989009568,192.72572118020273,192.7064505351492
2026-01-02 16:10:02+00:00,MSFT,NYSE,T1,SELL,413.1483996760658,133.0,413.0749518890091,413.2402149223714,413.1575834056903
2026-01-02 16:10:06+00:00,MSFT,NYSE,T1,BUY,413.2292395384211,208.0,413.14866536154426,413.3139578861938,413.23131162386903
2026-01-02 16:10:08+00:00,NVDA,NYSE,T1,SELL,495.6549899702501,202.0,495.54887273392603,495.7471319348598,495.6480023343929
2026-01-02 16:10:09+00:00,SPY,ARCA,T2,SELL,464.0794400858191,122.0,464.03644676913405,464.1292633401449,464.0828550546395
2026-01-02 16:10:11+00:00,NVDA,NYSE,T1,BUY,495.84278845462234,160.0,495.76581122654335,495.9641572202327,495.86498422338803
2026-01-02 16:10:14+00:00,AAPL,NASDAQ,T3,BUY,192.6519254832102,123.0,192.63186041110407,192.67039063620882,192.65112552365645
2026-01-02 16:10:17+00:00,SPY,ARCA,T2,BUY,464.2766838897913,78.0,464.23178235756,464.3246379995957,464.27821017857787
2026-01-02 16:10:25+00:00,TSLA,ARCA,T1,BUY,242.52118237218625,157.0,242.4983211260869,242.54682564076356,242.52257338342523
2026-01-02 16:10:29+00:00,MSFT,NYSE,T1,BUY,413.74563598591453,90.0,413.7090654998607,413.7918155879695,413.7504405439151
2026-01-02 16:10:32+00:00,SPY,ARCA,T2,SELL,464.47526891326356,66.0,464.4339973400573,464.52689342913425,464.4804453845958
2026-01-02 16:10:33+00:00,NVDA,NYSE,T1,SELL,496.0981747577592,311.0,496.04659526104626,496.1458145020225,496.0962048815344
2026-01-02 16:10:34+00:00,TSLA,ARCA,T1,SELL,242.69970728228802,146.0,242.67425850103598,242.72279820670673,242.69852835387135
2026-01-02 16:10:41+00:00,NVDA,NYSE,T1,BUY,496.26281161865677,253.0,496.2043779270824,496.3036287277479,496.25400332741515
2026-01-02 16:10:44+00:00,MSFT,NYSE,T1,BUY,413.88491537241043,178.0,413.84406812125917,413.9268452125925,413.88545666692585
2026-01-02 16:10:46+00:00,MSFT,NYSE,T1,SELL,413.77345243450804,289.0,413.72712908236304,413.8098827835496,413.7685059329563
2026-01-02 16:10:46+00:00,SPY,ARCA,T2,BUY,464.77150371340065,165.0,464.6746556050138,464.8605626486646,464.7676091268392
2026-01-02 16:10:50+00:00,AAPL,NASDAQ,T3,SELL,192.5157136693418,246.0,192.49656066205281,192.53506382450146,192.51581224327714
2026-01-02 16:10:51+00:00,AAPL,NASDAQ,T3,SELL,192.6033594846985,96.0,192.58394654314918,192.62246718452195,192.60320686383557
2026-01-02 16:11:03+00:00,NVDA,NYSE,T1,BUY,496.300217742537,127.0,496.2505260617465,496.349786092962,496.30015607735425
2026-01-02 16:11:10+00:00,TSLA,ARCA,T1,BUY,242.9228473458436,276.0,242.8716751362927,242.96884323996795,242.92025918813033
2026-01-02 16:11:14+00:00,TSLA,ARCA,T1,BUY,242.82733885307658,31.0,242.8002291569475,242.84879405926912,242.8245116081083
2026-01-02 16:11:29+00:00,AAPL,NASDAQ,T3,BUY,192.3941257668359,169.0,192.37588381149158,192.41436283615633,192.39512332382395
2026-01-02 16:11:36+00:00,MSFT,NYSE,T1,BUY,413.2993131596165,75.0,413.2649230392187,413.3475842899516,413.30625366458514
2026-01-02 16:11:36+00:00,AAPL,NASDAQ,T3,BUY,192.60067032491435,207.0,192.5662476698348,192.64328957728424,192.60476862355952
2026-01-02 16:11:38+00:00,MSFT,NYSE,T1,BUY,413.1157316075766,125.0,413.07086216436903,413.1534845990453,413.1121733817072
2026-01-02 16:11:41+00:00,TSLA,ARCA,T1,BUY,242.76974133476904,237.0,242.74237873261438,242.79093206369402,242.7666553981542
2026-01-02 16:11:44+00:00,SPY,ARCA,T2,BUY,465.06892839932203,152.0,465.0249984507326,465.1180127518528,465.0715056012927
2026-01-02 16:11:48+00:00,MSFT,NYSE,T1,SELL,413.24182051095875,78.0,413.17566111286595,413.3409644379761,413.258312775421
2026-01-02 16:11:51+00:00,MSFT,NYSE,T1,BUY,413.1869954269244,85.0,413.14540416653665,413.2280415111044,413.1867228388205
2026-01-02 16:11:54+00:00,AAPL,NASDAQ,T3,SELL,192.52253735935201,94.0,192.49967634448308,192.5381801301305,192.5189282373068
2026-01-02 16:11:54+00:00,MSFT,NYSE,T1,BUY,413.2297031382498,195.0,413.1870500644374,413.2696957390178,413.2283729017276
2026-01-02 16:11:54+00:00,TSLA,ARCA,T1,SELL,242.58780347502815,60.0,242.56409659931109,242.61261427039807,242.58835543485458
2026-01-02 16:11:55+00:00,MSFT,NYSE,T1,BUY,413.33128800404853,251.0,413.2568180877325,413.42215388212645,413.33948598492947
2026-01-02 16:11:56+00:00,NVDA,NYSE,T1,BUY,496.9464136125467,224.0,496.8400503113358,497.0388260866154,496.9394381989756
2026-01-02 16:11:58+00:00,TSLA,ARCA,T1,BUY,242.55543116786578,297.0,242.53581521369605,242.58432722794024,242.56007122081814
2026-01-02 16:12:00+00:00,MSFT,NYSE,T1,SELL,413.38457660524415,136.0,413.35051005814546,413.4331884279941,413.39184924306977
2026-01-02 16:12:02+00:00,NVDA,NYSE,T1,BUY,497.0101590601038,127.0,496.89745453584857,497.0962532774112,496.9968539066299
2026-01-02 16:12:07+00:00,TSLA,ARCA,T1,BUY,242.65098076922388,227.0,242.62774490721512,242.67627530923676,242.65201010822594
2026-01-02 16:12:09+00:00,SPY,ARCA,T2,SELL,465.02311726280533,133.0,464.9780196179385,465.0710245223525,465.0245220701455
2026-01-02 16:12:10+00:00,NVDA,NYSE,T1,BUY,497.5445010213055,68.0,497.4937137510139,497.59322244463345,497.5434680978237
2026-01-02 16:12:16+00:00,MSFT,NYSE,T1,SELL,413.10730135932795,127.0,412.9324360351754,413.2629141752596,413.0976751052175
2026-01-02 16:12:21+00:00,AAPL,NASDAQ,T3,SELL,192.4427387385899,89.0,192.42478202381514,192.46327082910042,192.44402642645778
2026-01-02 16:12:23+00:00,NVDA,NYSE,T1,SELL,497.25195484787116,105.0,497.1599692078729,497.3588729763097,497.2594210920913
2026-01-02 16:12:26+00:00,TSLA,ARCA,T1,SELL,242.96709398825607,23.0,242.93831887827352,242.98691140130146,242.9626151397875
2026-01-02 16:12:27+00:00,AAPL,NASDAQ,T3,BUY,192.31374781116935,410.0,192.27957051003875,192.3564977236855,192.31803411686212
2026-01-02 16:12:34+00:00,TSLA,ARCA,T1,BUY,242.95807273162936,98.0,242.90649430047415,243.00367633460115,242.95508531753765
2026-01-02 16:12:44+00:00,SPY,ARCA,T2,BUY,465.34395576582966,92.0,465.29704668667347,465.3901154028824,465.3435810447779
2026-01-02 16:12:47+00:00,NVDA,NYSE,T1,BUY,497.2067285693264,191.0,497.09647354417086,497.2953519092615,497.1959127267162
2026-01-02 16:12:48+00:00,MSFT,NYSE,T1,SELL,412.9826219401729,88.0,412.9398587583583,413.02245498973315,412.9811568740457
2026-01-02 16:12:54+00:00,NVDA,NYSE,T1,SELL,497.5385611134818,122.0,497.4874944518994,497.58700190153473,497.53724817671707
2026-01-02 16:12:55+00:00,TSLA,ARCA,T1,BUY,243.02803224820798,78.0,242.92826427356496,243.12268465313562,243.0254744633503
2026-01-02 16:12:57+00:00,TSLA,ARCA,T1,SELL,243.01323215046872,213.0,242.99311465919638,243.04171814247653,243.01741640083645
2026-01-02 16:12:59+00:00,NVDA,NYSE,T1,SELL,497.62309850754775,180.0,497.53283581270676,497.7318887576209,497.6323622851638
2026-01-02 16:13:00+00:00,AAPL,NASDAQ,T3,SELL,192.26787951847146,136.0,192.24672127269116,192.28517446226465,192.2659478674779
2026-01-02 16:13:15+00:00,NVDA,NYSE,T1,BUY,497.7056434804399,248.0,497.6528620986318,497.7524026251042,497.702632361868
2026-01-02 16:13:22+00:00,MSFT,NYSE,T1,SELL,412.80102836026623,86.0,412.45236395280546,413.071506855912,412.7619354043587
2026-01-02 16:13:22+00:00,MSFT,NYSE,T1,SELL,412.76336735685453,158.0,412.45236395280546,413.071506855912,412.7619354043587
2026-01-02 16:13:30+00:00,MSFT,NYSE,T1,SELL,412.5329179316438,122.0,412.48891285269525,412.57141888586915,412.5301658692822
2026-01-02 16:13:30+00:00,MSFT,NYSE,T1,BUY,412.5295713742411,212.0,412.48891285269525,412.57141888586915,412.5301658692822
2026-01-02 16:13:31+00:00,SPY,ARCA,T2,BUY,464.59046084473914,372.0,464.2206976350384,464.91755132175604,464.5691244783972
2026-01-02 16:13:34+00:00,MSFT,NYSE,T1,SELL,412.4474492846509,179.0,412.3789107443305,412.54389530554045,412.46140302493546
2026-01-02 16:13:35+00:00,AAPL,NASDAQ,T3,BUY,192.25990442947528,345.0,192.2414838428667,192.27993598484946,192.26070991385808
2026-01-02 16:13:51+00:00,SPY,ARCA,T2,SELL,464.3268453924084,70.0,464.2743869876196,464.36725115143355,464.3208190695266
2026-01-02 16:14:01+00:00,MSFT,NYSE,T1,SELL,412.1798244675758,88.0,412.1350942782768,412.2175295406587,412.17631190946776
2026-01-02 16:14:02+00:00,TSLA,ARCA,T1,BUY,243.00562209574565,331.0,242.94467672137085,243.04187403152144,242.99327537644615
2026-01-02 16:14:08+00:00,MSFT,NYSE,T1,BUY,412.08266836342256,369.0,412.03681637414246,412.1192319789778,412.0780241765601
2026-01-02 16:14:14+00:00,AAPL,NASDAQ,T3,BUY,192.15118039555423,214.0,192.13191814740154,192.1703483740537,192.15113326072762
2026-01-02 16:14:14+00:00,AAPL,NASDAQ,T3,SELL,192.14870619871024,57.0,192.13191814740154,192.1703483740537,192.15113326072762
2026-01-02 16:14:27+00:00,SPY,ARCA,T2,SELL,463.6184350250614,213.0,463.5211034752387,463.70654900573487,463.6138262404868
2026-01-02 16:14:33+00:00,SPY,ARCA,T2,BUY,463.6238955948979,118.0,463.58302273075697,463.6757486078908,463.6293856693239
2026-01-02 16:14:40+00:00,AAPL,NASDAQ,T3,SELL,192.40494511803595,254.0,192.36406950720715,192.44103052721402,192.4025500172106
2026-01-02 16:14:46+00:00,MSFT,NYSE,T1,SELL,411.8388150767939,161.0,411.79739373956085,411.8797614550803,411.8385775973206
2026-01-02 16:14:50+00:00,MSFT,NYSE,T1,BUY,411.77208283419213,184.0,411.73531476875144,411.817670067235,411.7764924179932
2026-01-02 16:14:50+00:00,MSFT,NYSE,T1,SELL,411.77420685215645,265.0,411.73531476875144,411.817670067235,411.7764924179932
2026-01-02 16:15:04+00:00,TSLA,ARCA,T1,BUY,243.4243709592663,111.0,243.36954919474522,243.46691648788175,243.41823284131348
2026-01-02 16:15:05+00:00,TSLA,ARCA,T1,SELL,243.44909804471123,186.0,243.42450647534466,243.47319624561678,243.44885136048072
2026-01-02 16:15:12+00:00,SPY,ARCA,T2,BUY,463.1526290547296,162.0,463.1006522335222,463.19328162690823,463.1469669302152
2026-01-02 16:15:18+00:00,AAPL,NASDAQ,T3,SELL,192.82719258469342,1406.0,192.7540958210716,192.9083608037215,192.83122831239655
2026-01-02 16:15:21+00:00,SPY,ARCA,T2,BUY,463.3635928796176,159.0,463.3072615303881,463.3999322497661,463.3535968900771
2026-01-02 16:15:26+00:00,AAPL,NASDAQ,T3,SELL,192.74261467017428,128.0,192.72215781392865,192.76070610032005,192.74143195712435
2026-01-02 16:15:36+00:00,SPY,ARCA,T2,BUY,462.9399365050812,98.0,462.89308427074127,462.98567214638297,462.9393782085621
2026-01-02 16:15:38+00:00,MSFT,NYSE,T1,SELL,412.37326327263867,108.0,412.32784485388095,412.4103186702333,412.36908176205714
2026-01-02 16:15:51+00:00,NVDA,NYSE,T1,BUY,497.38081859691283,270.0,497.3310335573698,497.4305097116967,497.38077163453323
2026-01-02 16:16:01+00:00,NVDA,NYSE,T1,SELL,497.3210051990255,112.0,497.27970833986205,497.3791742281188,497.32944128399043
2026-01-02 16:16:05+00:00,NVDA,NYSE,T1,BUY,497.4327651465392,55.0,497.3866618809982,497.4861491621025,497.43640552155034
2026-01-02 16:16:12+00:00,NVDA,NYSE,T1,SELL,497.2868775633142,170.0,497.1806602171977,497.3795722636939,497.2801162404458
2026-01-02 16:16:19+00:00,MSFT,NYSE,T1,BUY,412.3221617899508,111.0,412.2820120242865,412.3644766731562,412.32324434872135
2026-01-02 16:16:19+00:00,SPY,ARCA,T2,BUY,462.66011621397143,248.0,462.6146834269315,462.7072156168359,462.6609495218837
2026-01-02 16:16:20+00:00,NVDA,NYSE,T1,BUY,497.1386319776061,48.0,497.0997551458857,497.1991850399043,497.149470092895
2026-01-02 16:16:27+00:00,MSFT,NYSE,T1,SELL,412.1564948744871,171.0,412.11738160473544,412.19981332422833,412.1585974644819
2026-01-02 16:16:27+00:00,TSLA,ARCA,T1,SELL,243.7646831855857,146.0,243.67053350354252,243.8655479361184,243.76804071983045
2026-01-02 16:16:37+00:00,MSFT,NYSE,T1,SELL,412.00207165339856,405.0,411.95503623100103,412.0374354781719,411.9962358545865
2026-01-02 16:17:12+00:00,MSFT,NYSE,T1,SELL,411.91291771279856,282.0,411.87105039488927,411.953432843213,411.91224161905114
2026-01-02 16:17:19+00:00,TSLA,ARCA,T1,SELL,243.84070196598827,217.0,243.81541707940406,243.86418503961593,243.83980105951
2026-01-02 16:17:21+00:00,AAPL,NASDAQ,T3,BUY,192.23342793153742,181.0,192.2122912464243,192.25073754930384,192.23151439786406
2026-01-02 16:17:27+00:00,AAPL,NASDAQ,T3,SELL,192.2134313267535,89.0,192.19066913441807,192.22911111244278,192.20989012343043
2026-01-02 16:17:27+00:00,MSFT,NYSE,T1,BUY,411.6151885036644,81.0,411.4624100542868,411.7917117029897,411.62706087863825
2026-01-02 16:17:30+00:00,TSLA,ARCA,T1,BUY,243.91039202814812,194.0,243.85870701746137,243.95627001286744,243.9074885151644
2026-01-02 16:17:30+00:00,MSFT,NYSE,T1,SELL,411.59789725993477,67.0,411.27922420695535,411.89660607967033,411.58791514331284
2026-01-02 16:17:31+00:00,SPY,ARCA,T2,SELL,462.6761460875261,159.0,462.63565307357925,462.72818945783234,462.6819212657058
2026-01-02 16:17:41+00:00,NVDA,NYSE,T1,BUY,497.5546573400898,50.0,497.4991763469732,497.59868613322124,497.5489312400972
2026-01-02 16:17:45+00:00,NVDA,NYSE,T1,SELL,497.324603641451,286.0,497.1085785247726,497.5064245259929,497.30750152538275
2026-01-02 16:17:54+00:00,SPY,ARCA,T2,BUY,462.4860645693717,164.0,462.3076235375291,462.6776176339977,462.4926205857634
2026-01-02 16:18:03+00:00,TSLA,ARCA,T1,BUY,243.8636340783181,82.0,243.841906669716,243.89067992837582,243.8662932990459
2026-01-02 16:18:12+00:00,NVDA,NYSE,T1,BUY,497.4655843102185,50.0,497.4179166659467,497.5174101986331,497.4676634322899
2026-01-02 16:18:14+00:00,NVDA,NYSE,T1,SELL,497.6803318433283,135.0,497.6265686788238,497.72610394608625,497.676336312455
2026-01-02 16:18:17+00:00,NVDA,NYSE,T1,SELL,497.6676836704952,104.0,497.6217500028432,497.72128430627413,497.67151715455867
2026-01-02 16:18:34+00:00,TSLA,ARCA,T1,SELL,243.61905133189205,103.0,243.5936084945658,243.64233208862416,243.617970291595
2026-01-02 16:18:40+00:00,AAPL,NASDAQ,T3,BUY,191.92428704426203,147.0,191.90695001331486,191.94533524184035,191.9261426275776
2026-01-02 16:18:42+00:00,TSLA,ARCA,T1,SELL,243.6109485576593,164.0,243.5878944878049,243.63661693894758,243.61225571337624
2026-01-02 16:18:43+00:00,AAPL,NASDAQ,T3,BUY,192.04604098506044,92.0,191.97130026751705,192.1249387631293,192.04811951532318
2026-01-02 16:18:44+00:00,AAPL,NASDAQ,T3,SELL,192.04607812648374,201.0,192.02874076589836,192.06715035501043,192.0479455604544
2026-01-02 16:18:51+00:00,NVDA,NYSE,T1,SELL,497.13849666391695,52.0,497.0936590222539,497.19308769692583,497.1433733595899
2026-01-02 16:19:09+00:00,AAPL,NASDAQ,T3,BUY,192.03354378318588,183.0,192.0013367757979,192.0781526736878,192.03974472474286
2026-01-02 16:19:16+00:00,AAPL,NASDAQ,T3,BUY,191.96340219626666,227.0,191.9439927919503,191.9823854297725,191.9631891108614
2026-01-02 16:19:31+00:00,NVDA,NYSE,T1,SELL,496.56716822860335,337.0,496.41412779835656,496.8114180166826,496.61277290751957
2026-01-02 16:19:39+00:00,SPY,ARCA,T2,BUY,461.95900278129284,152.0,461.9181995177624,462.0105923969539,461.96439595735814
2026-01-02 16:19:41+00:00,NVDA,NYSE,T1,SELL,496.54226503793825,225.0,496.48981152672803,496.5891194198227,496.53946547327536
2026-01-02 16:19:45+00:00,TSLA,ARCA,T1,SELL,243.60533098191272,126.0,243.5820196059353,243.6307408819841,243.6063802439597
2026-01-02 16:19:47+00:00,AAPL,NASDAQ,T3,BUY,192.2001806870768,193.0,192.1808227147529,192.21926272329674,192.20004271902482
2026-01-02 16:19:50+00:00,TSLA,ARCA,T1,SELL,243.75161379358053,285.0,243.72358481435063,243.77233440627268,243.74795961031165
2026-01-02 16:19:51+00:00,MSFT,NYSE,T1,SELL,410.609599850338,82.0,410.56857524388835,410.6506971711298,410.6096362075091
2026-01-02 16:19:53+00:00,TSLA,ARCA,T1,SELL,243.73961167636392,231.0,243.71292341614893,243.76167087557812,243.73729714586352
2026-01-02 16:20:01+00:00,TSLA,ARCA,T1,SELL,243.75631844898945,316.0,243.6637258813529,243.85873486565168,243.7612303735023
2026-01-02 16:20:08+00:00,MSFT,NYSE,T1,SELL,410.84910941518876,160.0,410.7677349273772,410.9320748893406,410.8499049083589
2026-01-02 16:20:11+00:00,SPY,ARCA,T2,SELL,462.6862993295759,94.0,462.5833659718278,462.7684363322886,462.6759011520582
2026-01-02 16:20:12+00:00,TSLA,ARCA,T1,BUY,243.79894822006187,170.0,243.77576574319804,243.82452577234957,243.8001457577738
2026-01-02 16:20:13+00:00,TSLA,ARCA,T1,BUY,243.85925069440898,129.0,243.83282774270768,243.88159918540052,243.8572134640541
2026-01-02 16:20:29+00:00,AAPL,NASDAQ,T3,SELL,191.93675125291432,58.0,191.91603711543635,191.95442416156405,191.9352306385002
2026-01-02 16:20:33+00:00,MSFT,NYSE,T1,BUY,410.4228471123701,96.0,410.3794508045024,410.46153490307313,410.4204928537878
2026-01-02 16:20:34+00:00,MSFT,NYSE,T1,BUY,410.40914958599467,220.0,410.3676806481985,410.4497623925026,410.4087215203505
2026-01-02 16:20:40+00:00,TSLA,ARCA,T1,BUY,243.93181772439507,50.0,243.84171079559587,244.03686222480405,243.93928651019996
2026-01-02 16:20:43+00:00,NVDA,NYSE,T1,BUY,496.85619739462817,218.0,496.8055470454697,496.90491809198346,496.8552325687266
2026-01-02 16:20:48+00:00,MSFT,NYSE,T1,BUY,410.72722771243815,369.0,410.6886492289321,410.7707951733723,410.7297222011522
2026-01-02 16:20:54+00:00,NVDA,NYSE,T1,BUY,497.3583626337756,78.0,497.31413723254565,497.4136100072696,497.3638736199076
2026-01-02 16:20:57+00:00,MSFT,NYSE,T1,BUY,410.83396119637547,246.0,410.78756947435426,410.8697352048221,410.8286523395882
2026-01-02 16:20:59+00:00,MSFT,NYSE,T1,SELL,410.8239604924927,87.0,410.78331672878375,410.8654816086175,410.8243991687006
2026-01-02 16:21:03+00:00,MSFT,NYSE,T1,BUY,410.80943989418057,261.0,410.77518321275716,410.85734646572496,410.81626483924106
2026-01-02 16:21:16+00:00,AAPL,NASDAQ,T3,BUY,191.55971953977794,90.0,191.54016247282712,191.57847433650804,191.55931840466758
2026-01-02 16:21:21+00:00,AAPL,NASDAQ,T3,BUY,191.52705416072178,406.0,191.50789782062645,191.54620323073158,191.52705052567902
2026-01-02 16:21:23+00:00,MSFT,NYSE,T1,SELL,410.8050352859331,272.0,410.7612540356762,410.84341450253,410.8023342691031
2026-01-02 16:21:48+00:00,MSFT,NYSE,T1,BUY,411.23135666718076,325.0,411.0752554887732,411.40424728988467,411.23975138932894
2026-01-02 16:21:49+00:00,NVDA,NYSE,T1,BUY,497.49898419693665,138.0,497.44724557874474,497.54674497780036,497.49699527827255
2026-01-02 16:21:57+00:00,AAPL,NASDAQ,T3,SELL,191.49043783073486,157.0,191.47012940501412,191.50842726068066,191.4892783328474
2026-01-02 16:21:57+00:00,SPY,ARCA,T2,SELL,462.15477689385597,122.0,462.1115455870871,462.2039771393597,462.1577613632234
2026-01-02 16:21:57+00:00,SPY,ARCA,T2,SELL,462.14941834706553,706.0,462.1115455870871,462.2039771393597,462.1577613632234
2026-01-02 16:22:00+00:00,TSLA,ARCA,T1,BUY,243.79472868426404,117.0,243.73958660844164,243.8371019461526,243.7883442772971
2026-01-02 16:22:06+00:00,NVDA,NYSE,T1,SELL,497.56529604039395,160.0,497.5144095668004,497.613922399997,497.5641659833987
2026-01-02 16:22:10+00:00,SPY,ARCA,T2,BUY,461.87868924561036,111.0,461.7814325154991,461.9661820384099,461.8738072769545
2026-01-02 16:22:12+00:00,TSLA,ARCA,T1,SELL,243.89515167414496,31.0,243.87186863937384,243.9206478910269,243.89625826520037
2026-01-02 16:22:17+00:00,SPY,ARCA,T2,SELL,461.64724635844937,622.0,461.60660582608136,461.69893638030203,461.6527711031917
2026-01-02 16:22:18+00:00,MSFT,NYSE,T1,SELL,410.9101697351204,133.0,410.8682094093141,410.95039126938195,410.909300339348
2026-01-02 16:22:21+00:00,MSFT,NYSE,T1,BUY,410.87330465788443,113.0,410.8352613579658,410.91743662776435,410.8763489928651
2026-01-02 16:22:22+00:00,NVDA,NYSE,T1,SELL,497.38383887496303,218.0,497.33504712093367,497.4345240780536,497.3847855994936
2026-01-02 16:22:24+00:00,NVDA,NYSE,T1,BUY,497.55077772640635,52.0,497.4902972418714,497.58980525212087,497.54005124699614
2026-01-02 16:22:24+00:00,MSFT,NYSE,T1,SELL,410.81408797441094,106.0,410.7712930081304,410.85345548297954,410.81237424555496
2026-01-02 16:22:31+00:00,TSLA,ARCA,T1,BUY,243.94877151642666,95.0,243.92249712236176,243.97128650072406,243.9468918115429
2026-01-02 16:22:40+00:00,MSFT,NYSE,T1,SELL,410.9431764339125,335.0,410.90024170196017,410.9824299691273,410.9413358355437
2026-01-02 16:22:46+00:00,SPY,ARCA,T2,SELL,461.7599016277391,80.0,461.717772087053,461.8101248767494,461.7639484819012
2026-01-02 16:22:51+00:00,SPY,ARCA,T2,BUY,461.87292108761307,230.0,461.8193890622535,461.9117621773775,461.8655756198155
2026-01-02 16:22:54+00:00,TSLA,ARCA,T1,BUY,244.0730949272551,182.0,244.04699481306335,244.09580909345402,244.0714019532587
2026-01-02 16:22:57+00:00,MSFT,NYSE,T1,BUY,410.79106377549004,107.0,410.75000648442926,410.83216470154787,410.79108559298857
2026-01-02 16:22:58+00:00,NVDA,NYSE,T1,BUY,497.19822542767633,91.0,497.1520497106374,497.251490064615,497.2017698876262
2026-01-02 16:23:00+00:00,TSLA,ARCA,T1,BUY,244.05228224247267,197.0,244.00281224531577,244.1004328943437,244.05162256982973
2026-01-02 16:23:00+00:00,TSLA,ARCA,T1,BUY,244.04641112237795,222.0,244.00281224531577,244.1004328943437,244.05162256982973
2026-01-02 16:23:01+00:00,TSLA,ARCA,T1,BUY,244.07698827931225,168.0,244.05126506004225,244.1000801945677,244.07567262730498
2026-01-02 16:23:07+00:00,AAPL,NASDAQ,T3,BUY,191.02428995341936,539.0,191.00368423522892,191.0418887925317,191.0227865138803
2026-01-02 16:23:09+00:00,NVDA,NYSE,T1,SELL,497.4809051389043,262.0,497.4284003546541,497.527895984288,497.47814816947107
2026-01-02 16:23:15+00:00,MSFT,NYSE,T1,BUY,411.1273835842173,124.0,410.9664303715881,411.29533507776785,411.130882724678
2026-01-02 16:23:20+00:00,TSLA,ARCA,T1,BUY,243.93665215872852,113.0,243.9128592499326,243.96164670052767,243.93725297523014
2026-01-02 16:23:20+00:00,NVDA,NYSE,T1,SELL,497.4165891755963,86.0,497.3611480006017,497.4606301784196,497.41088908951065
2026-01-02 16:23:30+00:00,SPY,ARCA,T2,SELL,461.7753555030486,611.0,461.7389074676902,461.8312644848854,461.7850859762878
2026-01-02 16:23:39+00:00,TSLA,ARCA,T1,BUY,243.84231308529496,187.0,243.78793017936016,243.8854648583677,243.83669751886393
2026-01-02 16:23:42+00:00,AAPL,NASDAQ,T3,SELL,190.9913708453061,177.0,190.97050136390288,191.00869928396764,190.98960032393526
2026-01-02 16:23:43+00:00,TSLA,ARCA,T1,BUY,243.82615277356655,198.0,243.77372130636698,243.8712503006884,243.82248580352768
2026-01-02 16:23:49+00:00,TSLA,ARCA,T1,SELL,243.69842652179884,197.0,243.6754791128176,243.72421908263718,243.6998490977274
2026-01-02 16:23:50+00:00,AAPL,NASDAQ,T3,BUY,191.05746732144652,247.0,191.01330698749217,191.08972759440854,191.05151729095036
2026-01-02 16:23:52+00:00,NVDA,NYSE,T1,SELL,497.29511159603874,142.0,497.24736052190974,497.34681993995594,497.29709023093284
2026-01-02 16:24:03+00:00,SPY,ARCA,T2,SELL,461.6294524137876,198.0,461.5433707940649,461.7280250732384,461.63569793365167
2026-01-02 16:24:06+00:00,MSFT,NYSE,T1,BUY,411.16780080063853,211.0,411.12567758586084,411.2079109447139,411.16679426528736
2026-01-02 16:24:11+00:00,SPY,ARCA,T2,BUY,461.6806916537064,198.0,461.624956722849,461.717290947616,461.6711238352325
2026-01-02 16:24:16+00:00,SPY,ARCA,T2,BUY,461.63097250203475,193.0,461.5809560465973,461.673281470349,461.62711875847316
2026-01-02 16:24:16+00:00,SPY,ARCA,T2,BUY,461.61959624164535,61.0,461.5809560465973,461.673281470349,461.62711875847316
2026-01-02 16:24:20+00:00,TSLA,ARCA,T1,BUY,243.37719427915502,145.0,243.34942598911272,243.3981007417858,243.37376336544926
2026-01-02 16:24:43+00:00,AAPL,NASDAQ,T3,SELL,190.944856967408,243.0,190.9046005408079,190.98097765644735,190.94278909862763
2026-01-02 16:24:47+00:00,SPY,ARCA,T2,BUY,461.5330625142799,250.0,461.4484855910332,461.63310190853315,461.5407937497832
2026-01-02 16:24:47+00:00,TSLA,ARCA,T1,SELL,243.4438834732728,116.0,243.4206874011697,243.46937640755056,243.44503190436012
2026-01-02 16:24:51+00:00,TSLA,ARCA,T1,SELL,243.5129041204002,65.0,243.486557824806,243.53526000658914,243.51090891569757
2026-01-02 16:25:03+00:00,TSLA,ARCA,T1,SELL,243.37021326071624,145.0,243.3187528527092,243.41609982324437,243.36742633797678
2026-01-02 16:25:05+00:00,MSFT,NYSE,T1,SELL,410.8201921637525,254.0,410.7830484212399,410.86521324740676,410.82413083432334
2026-01-02 16:25:08+00:00,AAPL,NASDAQ,T3,BUY,190.8796308785705,211.0,190.86321936863666,190.90139583015653,190.8823075993966
2026-01-02 16:25:09+00:00,TSLA,ARCA,T1,BUY,243.36571577226698,61.0,243.341641288894,243.39031448447136,243.36597788668269
2026-01-02 16:25:10+00:00,MSFT,NYSE,T1,BUY,410.7336180227631,177.0,410.60040375245245,410.9290155201615,410.764709636307
2026-01-02 16:25:12+00:00,TSLA,ARCA,T1,SELL,243.30286369269953,323.0,243.28078634102198,243.3294473643925,243.30511685270724
2026-01-02 16:25:12+00:00,MSFT,NYSE,T1,SELL,410.7920405751177,189.0,410.7553658590979,410.83752514819855,410.7964455036482
2026-01-02 16:25:22+00:00,TSLA,ARCA,T1,BUY,243.16462071406866,316.0,243.13964128472082,243.1882740762569,243.16395768048886
2026-01-02 16:25:22+00:00,TSLA,ARCA,T1,BUY,243.16521822297008,54.0,243.13964128472082,243.1882740762569,243.16395768048886
2026-01-02 16:25:29+00:00,AAPL,NASDAQ,T3,BUY,190.8677241876384,100.0,190.7896740056244,190.9423668219554,190.8660204137899
2026-01-02 16:25:44+00:00,NVDA,NYSE,T1,BUY,498.0754363395565,231.0,497.8736365419284,498.272094834479,498.0728656882037
2026-01-02 16:25:45+00:00,NVDA,NYSE,T1,BUY,498.0669093145713,169.0,498.0185727758681,498.1181864517909,498.0683796138295
2026-01-02 16:25:49+00:00,SPY,ARCA,T2,SELL,461.1030910571674,310.0,461.064584657993,461.15680679713853,461.11069572756577
2026-01-02 16:25:51+00:00,AAPL,NASDAQ,T3,SELL,191.02014911095677,232.0,191.00049560186955,191.0386995213819,191.01959756162572
2026-01-02 16:25:53+00:00,TSLA,ARCA,T1,SELL,245.4882818076443,178.0,243.160654714304,243.25793843293346,243.20929657361873
2026-01-02 16:25:54+00:00,MSFT,NYSE,T1,BUY,411.13879442035756,157.0,411.0934376072159,411.1756645174284,411.13455106232215
2026-01-02 16:25:57+00:00,MSFT,NYSE,T1,BUY,411.04434759743435,190.0,411.00706998891405,411.0892796238753,411.0481748063947
2026-01-02 16:25:58+00:00,NVDA,NYSE,T1,BUY,497.7855662288226,75.0,497.6776978057326,497.87680870703514,497.77725325638386
2026-01-02 16:26:08+00:00,TSLA,ARCA,T1,SELL,243.15955765660297,134.0,243.13254589337552,243.18117726569145,243.15686157953348
2026-01-02 16:26:12+00:00,NVDA,NYSE,T1,BUY,497.20012936261213,111.0,497.1117855943594,497.3106700854954,497.2112278399274
2026-01-02 16:26:19+00:00,NVDA,NYSE,T1,BUY,497.01713429152994,197.0,496.9044458338779,497.1032473725192,497.00384660319855
2026-01-02 16:26:22+00:00,TSLA,ARCA,T1,BUY,243.0575503200427,463.0,243.03400711705308,243.08261877964276,243.05831294834792
2026-01-02 16:26:23+00:00,MSFT,NYSE,T1,BUY,411.4307440996648,211.0,411.3488381483628,411.51341059811205,411.4311243732374
2026-01-02 16:26:25+00:00,TSLA,ARCA,T1,BUY,243.09917541081077,92.0,243.0763681561343,243.1249882917791,243.1006782239567
2026-01-02 16:26:28+00:00,SPY,ARCA,T2,BUY,461.31854519660607,164.0,461.2700218832501,461.3622851139498,461.31615349859993
2026-01-02 16:26:28+00:00,SPY,ARCA,T2,BUY,461.3126855677183,93.0,461.2700218832501,461.3622851139498,461.31615349859993
2026-01-02 16:26:33+00:00,SPY,ARCA,T2,SELL,461.30729621994965,220.0,461.26388409239115,461.3561460954099,461.3100150939005
2026-01-02 16:26:40+00:00,NVDA,NYSE,T1,SELL,496.4675086281057,65.0,496.42406431024904,496.5233590525853,496.47371168141717
2026-01-02 16:26:40+00:00,AAPL,NASDAQ,T3,BUY,190.98356243215315,54.0,190.96553317804762,191.00373010437585,190.98463164121173
2026-01-02 16:26:43+00:00,SPY,ARCA,T2,BUY,461.0520643506124,352.0,460.89173456831674,461.2605955003442,461.0761650343305
2026-01-02 16:26:44+00:00,SPY,ARCA,T2,BUY,461.1100914058238,180.0,461.0100146031586,461.1944554971787,461.10223505016864
2026-01-02 16:26:53+00:00,TSLA,ARCA,T1,BUY,243.3564622775134,119.0,243.27163385025926,243.46632903541354,243.3689814428364
2026-01-02 16:26:58+00:00,TSLA,ARCA,T1,BUY,243.2983229239503,37.0,243.27530431896275,243.32396424581924,243.299634282391
2026-01-02 16:27:07+00:00,AAPL,NASDAQ,T3,SELL,191.1253993416933,145.0,190.97696570014037,191.26364615903478,191.12030592958757
2026-01-02 16:27:10+00:00,TSLA,ARCA,T1,SELL,243.1588006105247,50.0,243.1333196690066,243.1819511960931,243.15763543254985
2026-01-02 16:27:11+00:00,AAPL,NASDAQ,T3,BUY,191.0414641798284,60.0,191.0222886478749,191.0604969264323,191.0413927871536
2026-01-02 16:27:21+00:00,TSLA,ARCA,T1,BUY,243.26393408766467,229.0,243.23548717267823,243.28413913530903,243.25981315399363
2026-01-02 16:27:22+00:00,MSFT,NYSE,T1,BUY,410.9070749206311,128.0,410.8594149105622,410.9415950115544,410.9005049610583
2026-01-02 16:27:22+00:00,NVDA,NYSE,T1,SELL,495.9059710039657,250.0,495.8057473294269,496.0041093007529,495.9049283150899
2026-01-02 16:27:24+00:00,TSLA,ARCA,T1,BUY,243.33542130125153,148.0,243.3135910500342,243.3622586350027,243.33792484251845
2026-01-02 16:27:27+00:00,NVDA,NYSE,T1,BUY,495.8606289599625,208.0,495.8241053160837,495.92328005462076,495.87369268535224
2026-01-02 16:27:42+00:00,MSFT,NYSE,T1,SELL,410.8303532308439,112.0,410.7858171052668,410.86798248522587,410.82689979524633
2026-01-02 16:27:51+00:00,TSLA,ARCA,T1,SELL,243.39881501152325,67.0,243.37553570054814,243.4242156756858,243.39987568811696
2026-01-02 16:27:54+00:00,AAPL,NASDAQ,T3,BUY,190.9004197440794,176.0,190.8797434924816,190.91792325915677,190.89883337581918
2026-01-02 16:27:55+00:00,MSFT,NYSE,T1,SELL,410.286136085206,92.0,410.2484388424338,410.33049673599163,410.2894677892127
2026-01-02 16:27:55+00:00,SPY,ARCA,T2,SELL,460.92947868710115,98.0,460.86526311950274,461.04964610134687,460.9574546104248
2026-01-02 16:27:56+00:00,SPY,ARCA,T2,BUY,460.81990928069325,181.0,460.7820879900504,460.87425362421186,460.82817080713113
2026-01-02 16:27:58+00:00,SPY,ARCA,T2,SELL,460.7625270118286,98.0,460.6670877990249,460.8513914948837,460.7592396469543
2026-01-02 16:28:03+00:00,MSFT,NYSE,T1,SELL,410.5130957124651,363.0,410.47034976922276,410.5524520494046,410.5114009093137
2026-01-02 16:28:12+00:00,SPY,ARCA,T2,BUY,460.9996786208834,56.0,460.9603981275439,461.0525994272994,461.00649877742165
2026-01-02 16:28:23+00:00,SPY,ARCA,T2,SELL,460.90392609916665,218.0,460.8020018166788,460.98635948893997,460.8941806528094
2026-01-02 16:28:24+00:00,AAPL,NASDAQ,T3,BUY,190.74478487899037,327.0,190.70510110640836,190.7813984063109,190.74324975635963
2026-01-02 16:28:27+00:00,MSFT,NYSE,T1,BUY,410.59210739330933,166.0,410.54257340091937,410.62469012727223,410.5836317640958
2026-01-02 16:28:28+00:00,NVDA,NYSE,T1,BUY,495.71968642025286,88.0,495.67030327515124,495.7694472502038,495.71987526267753
2026-01-02 16:28:31+00:00,NVDA,NYSE,T1,BUY,495.7569703558773,294.0,495.7150404682493,495.8141933916353,495.7646169299423
2026-01-02 16:28:55+00:00,TSLA,ARCA,T1,BUY,243.16315172993052,255.0,243.14181515663782,243.19044838299178,243.1661317698148
2026-01-02 16:28:56+00:00,TSLA,ARCA,T1,BUY,243.1637371622276,72.0,243.1081075350428,243.20537023059592,243.15673888281935
2026-01-02 16:28:57+00:00,SPY,ARCA,T2,BUY,460.95763571430996,97.0,460.91255273423053,461.0047444639504,460.95864859909045
2026-01-02 16:29:05+00:00,AAPL,NASDAQ,T3,SELL,190.95173044014015,95.0,190.93059001589555,190.96877995289245,190.949684984394
2026-01-02 16:29:05+00:00,AAPL,NASDAQ,T3,SELL,190.95297244658659,134.0,190.93059001589555,190.96877995289245,190.949684984394
2026-01-02 16:29:16+00:00,NVDA,NYSE,T1,BUY,495.5305995924003,207.0,495.44191655191173,495.6401329618145,495.5410247568631
2026-01-02 16:29:31+00:00,NVDA,NYSE,T1,BUY,495.65271639278484,174.0,495.46302364465254,495.8595526751805,495.6612881599165
2026-01-02 16:29:34+00:00,NVDA,NYSE,T1,SELL,495.75417562796235,181.0,495.5300753719191,495.92665806529396,495.72836671860654
2026-01-02 16:29:34+00:00,MSFT,NYSE,T1,SELL,410.84413222150647,175.0,410.80365386230864,410.8858228099759,410.84473833614226
2026-01-02 16:29:40+00:00,SPY,ARCA,T2,SELL,460.54678703990265,53.0,460.4470841898689,460.6312998666802,460.53919202827456
2026-01-02 16:29:42+00:00,TSLA,ARCA,T1,BUY,245.92192646579278,203.0,242.72672112913762,242.82383123961137,242.7752761843745
2026-01-02 16:29:43+00:00,TSLA,ARCA,T1,BUY,242.7523998036428,126.0,242.7294790888381,242.77802983973095,242.75375446428453
2026-01-02 16:29:44+00:00,SPY,ARCA,T2,BUY,460.51166782506385,187.0,460.4657746985678,460.5578770637441,460.51182588115597
2026-01-02 16:29:44+00:00,MSFT,NYSE,T1,SELL,411.00685788513596,280.0,410.96016050903944,411.04236076116644,411.00126063510294
2026-01-02 16:29:48+00:00,NVDA,NYSE,T1,SELL,495.8770211094783,423.0,495.6880923574017,496.0848015149506,495.8864469361761
2026-01-02 16:29:53+00:00,TSLA,ARCA,T1,SELL,242.7345364556112,100.0,242.69447039142548,242.79156759902358,242.74301899522453
2026-01-02 16:29:53+00:00,NVDA,NYSE,T1,SELL,496.23354972628624,28.0,496.1438829891976,496.34238024184384,496.2431316155207
2026-01-02 16:30:03+00:00,TSLA,ARCA,T1,BUY,242.6871056159109,83.0,242.66232460935808,242.71086192801184,242.68659326868496
2026-01-02 16:30:03+00:00,NVDA,NYSE,T1,BUY,496.4410483400288,85.0,496.39239743142036,496.49168583974745,496.4420416355839
2026-01-02 16:30:04+00:00,TSLA,ARCA,T1,BUY,242.7297199807028,534.0,242.70591586242523,242.75446190020148,242.73018888131335
2026-01-02 16:30:06+00:00,MSFT,NYSE,T1,BUY,411.48871306246264,99.0,411.4118125437079,411.5764101882543,411.4941113659811
2026-01-02 16:30:08+00:00,SPY,ARCA,T2,SELL,459.8238878511889,148.0,459.73089743210454,459.91482657690636,459.82286200450545
2026-01-02 16:30:12+00:00,TSLA,ARCA,T1,BUY,242.9264872894369,94.0,242.90104185204348,242.94962691892056,242.92533438548202
2026-01-02 16:30:17+00:00,TSLA,ARCA,T1,SELL,243.11542554519446,320.0,243.06038581477551,243.15762941782205,243.10900761629878
2026-01-02 16:30:25+00:00,AAPL,NASDAQ,T3,BUY,190.63919970538396,226.0,190.6206787738595,190.65880672240914,190.63974274813432
2026-01-02 16:30:35+00:00,NVDA,NYSE,T1,SELL,496.50190156917546,172.0,496.41270020617145,496.6113050072142,496.5120026066928
2026-01-02 16:30:46+00:00,MSFT,NYSE,T1,SELL,411.64399953999146,165.0,411.5989177569008,411.6812457732538,411.6400817650773
2026-01-02 16:30:52+00:00,AAPL,NASDAQ,T3,SELL,190.76706662391533,209.0,190.69572065701303,190.84833828058808,190.77202946880055
2026-01-02 16:31:05+00:00,MSFT,NYSE,T1,BUY,411.57792793601806,323.0,411.42395423593604,411.7532251076735,411.58858967180475
2026-01-02 16:31:10+00:00,SPY,ARCA,T2,SELL,458.91306421808093,168.0,458.8683634148231,458.9601462657912,458.91425484030714
2026-01-02 16:31:21+00:00,NVDA,NYSE,T1,SELL,496.59563814932187,172.0,496.5512411703589,496.650561350611,496.60090126048493
2026-01-02 16:31:24+00:00,AAPL,NASDAQ,T3,SELL,190.76505284218686,227.0,190.7480708885158,190.78622431803646,190.76714760327613
2026-01-02 16:31:33+00:00,NVDA,NYSE,T1,SELL,496.70347731863626,122.0,496.48362173021764,496.88096756593615,496.6822946480769
2026-01-02 16:31:34+00:00,NVDA,NYSE,T1,SELL,496.6411610622254,82.0,496.59444133060384,496.69377015175206,496.64410574117795
2026-01-02 16:31:36+00:00,TSLA,ARCA,T1,BUY,243.14532047718586,206.0,243.09926626294686,243.1965254212837,243.14789584211528
2026-01-02 16:31:36+00:00,TSLA,ARCA,T1,BUY,243.15070717614933,70.0,243.09926626294686,243.1965254212837,243.14789584211528
2026-01-02 16:31:40+00:00,AAPL,NASDAQ,T3,BUY,190.81620940034853,288.0,190.798459099499,190.83662260766974,190.81754085358438
2026-01-02 16:31:41+00:00,NVDA,NYSE,T1,SELL,496.9358238674366,499.0,496.8824135595954,496.9817999809495,496.93210677027247
2026-01-02 16:31:41+00:00,TSLA,ARCA,T1,BUY,243.15005431737248,128.0,243.04440566652565,243.23891899639082,243.14166233145824
2026-01-02 16:31:45+00:00,TSLA,ARCA,T1,BUY,243.15686166890436,125.0,243.1347305932125,243.1833624025121,243.1590464978623
2026-01-02 16:31:59+00:00,MSFT,NYSE,T1,BUY,411.8679228473667,313.0,411.82246954239815,411.9048422735798,411.86365590798897
2026-01-02 16:32:03+00:00,SPY,ARCA,T2,BUY,458.7818372016797,244.0,458.7344557080802,458.8262117748285,458.78033374145434
2026-01-02 16:32:10+00:00,TSLA,ARCA,T1,BUY,243.12262813757118,177.0,243.0767102970996,243.17396043124526,243.12533536417243
2026-01-02 16:32:10+00:00,NVDA,NYSE,T1,BUY,496.8399549170921,77.0,496.7906070541232,496.88997511233987,496.84029108323153
2026-01-02 16:32:20+00:00,TSLA,ARCA,T1,BUY,243.1755673101232,100.0,243.15366695900798,243.20230255595948,243.17798475748373
2026-01-02 16:32:24+00:00,NVDA,NYSE,T1,BUY,496.94108969117127,60.0,496.73845321282374,497.13600299530697,496.93722810406535
2026-01-02 16:32:25+00:00,SPY,ARCA,T2,BUY,458.4935860943679,121.0,458.4182784188157,458.60168241098165,458.5099804148987
2026-01-02 16:32:37+00:00,AAPL,NASDAQ,T3,SELL,191.12296478947644,157.0,191.10077100935885,191.13899498595836,191.1198829976586
2026-01-02 16:32:38+00:00,SPY,ARCA,T2,BUY,458.28138141525596,176.0,458.2428650750632,458.33452281385206,458.28869394445763
2026-01-02 16:33:05+00:00,AAPL,NASDAQ,T3,BUY,191.2194605953477,125.0,191.19986769555635,191.23811149347523,191.2189895945158
2026-01-02 16:33:07+00:00,MSFT,NYSE,T1,SELL,412.1128234577865,238.0,412.0715989472435,412.1540215092891,412.1128102282663
2026-01-02 16:33:10+00:00,AAPL,NASDAQ,T3,BUY,191.24421125871783,116.0,191.22116906993662,191.25941712855646,191.24029309924654
2026-01-02 16:33:11+00:00,TSLA,ARCA,T1,SELL,243.2054452164159,74.0,243.09332621069885,243.2878786926602,243.19060245167952
2026-01-02 16:33:15+00:00,AAPL,NASDAQ,T3,BUY,191.23893655691938,189.0,191.2164266878562,191.2546737979048,191.2355502428805
2026-01-02 16:33:17+00:00,SPY,ARCA,T2,BUY,457.66943961402524,201.0,457.6207823101947,457.71231561998775,457.66654896509124
2026-01-02 16:33:19+00:00,MSFT,NYSE,T1,BUY,412.42939542737827,360.0,412.06518290508944,412.68374460071885,412.37446375290415
2026-01-02 16:33:20+00:00,MSFT,NYSE,T1,SELL,412.39830681821354,53.0,412.35704832292924,412.43952798055955,412.3982881517444
2026-01-02 16:33:23+00:00,AAPL,NASDAQ,T3,BUY,191.2695585977778,219.0,191.25036538426016,191.28861928272684,191.2694923334935
2026-01-02 16:33:35+00:00,TSLA,ARCA,T1,BUY,243.1202080903975,94.0,243.09680927164018,243.14543349591693,243.12112138377856
2026-01-02 16:33:44+00:00,SPY,ARCA,T2,BUY,457.7266909262772,246.0,457.524444566234,457.8906105882959,457.70752757726495
2026-01-02 16:33:47+00:00,NVDA,NYSE,T1,SELL,496.3924167527872,301.0,496.33221815070846,496.4314945219757,496.3818563363421
2026-01-02 16:33:49+00:00,NVDA,NYSE,T1,SELL,496.42180710048115,249.0,496.3102013007607,496.50876509403963,496.40948319740016
2026-01-02 16:33:54+00:00,MSFT,NYSE,T1,BUY,412.39586634765584,83.0,412.3565190047295,412.4389985564856,412.39775878060755
2026-01-02 16:33:57+00:00,TSLA,ARCA,T1,SELL,243.34562171903644,75.0,243.163187522164,243.52820606735614,243.34569679476007
2026-01-02 16:33:58+00:00,NVDA,NYSE,T1,BUY,496.49386386137695,263.0,496.38928437267793,496.5878798055136,496.48858208909576
2026-01-02 16:33:58+00:00,SPY,ARCA,T2,BUY,457.87165145199083,91.0,457.82569336130604,457.9172676574079,457.87148050935696
2026-01-02 16:34:02+00:00,MSFT,NYSE,T1,BUY,412.33132539955716,101.0,412.29399687159827,412.3764639176772,412.33523039463773
2026-01-02 16:34:04+00:00,MSFT,NYSE,T1,BUY,412.3417846114674,74.0,412.2974625233196,412.37993026259824,412.3386963929589
2026-01-02 16:34:16+00:00,SPY,ARCA,T2,SELL,457.97733605994586,99.0,457.8963188824755,458.0795140490618,457.98791646576865
2026-01-02 16:34:20+00:00,AAPL,NASDAQ,T3,SELL,190.99975781283393,203.0,190.98054211370064,191.0187420421162,190.99964207790842
2026-01-02 16:34:22+00:00,MSFT,NYSE,T1,SELL,412.6663687351313,247.0,412.5901887694055,412.75525785873106,412.67272331406826
2026-01-02 16:34:22+00:00,SPY,ARCA,T2,SELL,458.00103712303616,279.0,457.9574566060966,458.04905725748296,458.0032569317898
2026-01-02 16:34:29+00:00,MSFT,NYSE,T1,SELL,412.8067211796108,271.0,412.7147730921908,412.87989202521425,412.7973325587025
2026-01-02 16:34:30+00:00,MSFT,NYSE,T1,SELL,412.865744066604,78.0,412.8239115479305,412.906484587544,412.86519806773725
2026-01-02 16:34:32+00:00,MSFT,NYSE,T1,BUY,412.8904079136992,75.0,412.85050794543804,412.9330863048631,412.89179712515056
2026-01-02 16:34:35+00:00,TSLA,ARCA,T1,SELL,243.06955520044363,132.0,243.04957309740587,243.09818787350298,243.07388048545442
2026-01-02 16:34:41+00:00,SPY,ARCA,T2,BUY,457.62227480511774,463.0,457.5229690257777,457.70601482254733,457.6144919241625
2026-01-02 16:34:47+00:00,MSFT,NYSE,T1,SELL,412.8069264256688,33.0,412.6437818320042,412.9740289563195,412.80890539416185
2026-01-02 16:34:58+00:00,AAPL,NASDAQ,T3,SELL,190.90278107814223,80.0,190.8828774793523,190.92105787288753,190.9019676761199
2026-01-02 16:35:01+00:00,NVDA,NYSE,T1,SELL,495.6922352163074,184.0,495.6408645346409,495.7400026213565,495.6904335779987
2026-01-02 16:35:02+00:00,MSFT,NYSE,T1,BUY,412.81834572038093,76.0,412.6586869888066,412.98894604201894,412.8238165154128
2026-01-02 16:35:02+00:00,SPY,ARCA,T2,SELL,457.94404878967225,180.0,457.8483111593545,458.03148711901025,457.9398991391824
2026-01-02 16:35:04+00:00,NVDA,NYSE,T1,SELL,495.73927897523146,58.0,495.68430794668126,495.7834547229482,495.7338813348147
2026-01-02 16:35:16+00:00,NVDA,NYSE,T1,BUY,495.74883816826576,242.0,495.6972863938659,495.79643576608186,495.7468610799739
2026-01-02 16:35:17+00:00,TSLA,ARCA,T1,SELL,242.92622288683327,188.0,242.8984856734806,242.94707022907085,242.92277795127572
2026-01-02 16:35:18+00:00,MSFT,NYSE,T1,BUY,413.04192579918737,182.0,413.00371990208663,413.0863289069675,413.04502440452706
2026-01-02 16:35:20+00:00,AAPL,NASDAQ,T3,SELL,190.98146432637952,194.0,190.96363547897514,191.00183202572563,190.98273375235038
2026-01-02 16:35:27+00:00,TSLA,ARCA,T1,SELL,243.14359295358182,87.0,243.11794796564743,243.1665764180858,243.14226219186662
2026-01-02 16:35:37+00:00,TSLA,ARCA,T1,BUY,243.1168861803381,354.0,243.0917091834792,243.14033238763633,243.11602078555777
2026-01-02 16:35:48+00:00,AAPL,NASDAQ,T3,BUY,190.94997582838738,116.0,190.9326510332207,190.97084138246228,190.9517462078415
2026-01-02 16:36:00+00:00,TSLA,ARCA,T1,BUY,243.09819223658192,171.0,243.04424493286754,243.14148207826977,243.09286350556866
2026-01-02 16:36:03+00:00,TSLA,ARCA,T1,SELL,243.09838550385803,105.0,243.06880357654632,243.1174221991239,243.0931128878351
2026-01-02 16:36:05+00:00,AAPL,NASDAQ,T3,BUY,190.88780171845144,121.0,190.85843558520057,190.93479423116386,190.89661490818222
2026-01-02 16:36:07+00:00,MSFT,NYSE,T1,SELL,413.43000058363447,171.0,413.3894212809204,413.47210743379185,413.4307643573561
2026-01-02 16:36:25+00:00,TSLA,ARCA,T1,SELL,243.13511171988728,260.0,243.08233287385428,243.17958525748054,243.1309590656674
2026-01-02 16:36:34+00:00,AAPL,NASDAQ,T3,SELL,191.0877061224744,222.0,191.05353574687948,191.12997244851854,191.091754097699
2026-01-02 16:36:40+00:00,NVDA,NYSE,T1,SELL,495.63519533650486,136.0,495.57855090524214,495.6776765279855,495.6281137166138
2026-01-02 16:36:40+00:00,MSFT,NYSE,T1,BUY,413.4507803974952,56.0,413.41160398321614,413.4942945730717,413.45294927814393
2026-01-02 16:36:41+00:00,SPY,ARCA,T2,SELL,457.8870242187134,176.0,457.8468099782492,457.93838849809686,457.89259923817303
2026-01-02 16:36:44+00:00,AAPL,NASDAQ,T3,BUY,191.13296095031174,132.0,191.11665761500592,191.15488476924435,191.13577119212513
2026-01-02 16:36:46+00:00,AAPL,NASDAQ,T3,BUY,191.12197968648175,139.0,191.10463596955424,191.1428607192231,191.12374834438867
2026-01-02 16:36:48+00:00,AAPL,NASDAQ,T3,SELL,191.09277575147414,99.0,191.0732597078401,191.11147818162905,191.09236894473457
2026-01-02 16:36:52+00:00,SPY,ARCA,T2,BUY,457.61752633943155,55.0,457.56526017205243,457.65678237630726,457.61102127417985
2026-01-02 16:36:59+00:00,NVDA,NYSE,T1,SELL,495.7286034583711,118.0,495.57254743808045,495.96916412270474,495.7708557803926
2026-01-02 16:37:02+00:00,AAPL,NASDAQ,T3,BUY,191.15850713805042,100.0,191.11998407033715,191.19644735662254,191.15821571347985
2026-01-02 16:37:05+00:00,MSFT,NYSE,T1,SELL,412.9815211019322,100.0,412.9347735423689,413.0173687565987,412.9760711494838
2026-01-02 16:37:11+00:00,TSLA,ARCA,T1,SELL,242.87623760311484,211.0,242.8518906664451,242.90046590210196,242.87617828427352
2026-01-02 16:37:14+00:00,SPY,ARCA,T2,SELL,457.6496049014436,326.0,457.61196613880435,457.70349768518673,457.65773191199554
2026-01-02 16:37:15+00:00,SPY,ARCA,T2,BUY,457.5253055956137,184.0,457.35661182337884,457.72264352551844,457.53962767444864
2026-01-02 16:37:17+00:00,MSFT,NYSE,T1,BUY,413.34483056525363,82.0,413.2989251435098,413.3815931953437,413.34025916942676
2026-01-02 16:37:21+00:00,AAPL,NASDAQ,T3,BUY,191.26594916038619,81.0,191.23534488297904,191.3118543228202,191.27359960289962
2026-01-02 16:37:24+00:00,MSFT,NYSE,T1,SELL,413.5998506084484,88.0,413.4451422485492,413.77603071773575,413.61058648314247
2026-01-02 16:37:26+00:00,AAPL,NASDAQ,T3,SELL,191.2623773022922,184.0,191.24318950246789,191.2814419656147,191.2623157340413
2026-01-02 16:37:31+00:00,TSLA,ARCA,T1,BUY,242.8431338296775,272.0,242.79557157572515,242.89270923188667,242.8441404038059
2026-01-02 16:37:33+00:00,NVDA,NYSE,T1,BUY,495.75761197533643,101.0,495.7130378475377,495.8121903703595,495.7626141089486
2026-01-02 16:37:35+00:00,SPY,ARCA,T2,SELL,457.7066526254682,103.0,457.6711078754817,457.7626512513944,457.71687956343806
2026-01-02 16:37:38+00:00,NVDA,NYSE,T1,SELL,495.5409246077071,115.0,495.4882629275465,495.5873704908883,495.5378167092174
2026-01-02 16:37:44+00:00,SPY,ARCA,T2,BUY,458.0364205955361,220.0,457.9895428962581,458.0811499655443,458.0353464309012
2026-01-02 16:37:46+00:00,TSLA,ARCA,T1,BUY,242.9382880920275,180.0,242.91656625068063,242.965154422748,242.9408603367143
2026-01-02 16:37:49+00:00,MSFT,NYSE,T1,SELL,413.735502288188,158.0,413.6958912526831,413.77863870567893,413.737264979181
2026-01-02 16:37:54+00:00,AAPL,NASDAQ,T3,BUY,191.1840357925784,169.0,191.16433671793413,191.20257340894682,191.18345506344048
2026-01-02 16:37:58+00:00,MSFT,NYSE,T1,BUY,413.61464257875946,35.0,413.57461901149014,413.6573422076121,413.6159806095511
2026-01-02 16:37:59+00:00,AAPL,NASDAQ,T3,SELL,191.32010166121398,136.0,191.29952093306628,191.33778466362594,191.3186527983461
2026-01-02 16:38:01+00:00,MSFT,NYSE,T1,BUY,413.424202142395,111.0,413.3765125437067,413.45919611457253,413.41785432913963
2026-01-02 16:38:02+00:00,TSLA,ARCA,T1,BUY,242.80936206235782,168.0,242.7572774631582,242.85439979861056,242.80583863088438
2026-01-02 16:38:13+00:00,NVDA,NYSE,T1,BUY,495.5727823140131,199.0,495.4676525877929,495.6658792941693,495.5667659409811
2026-01-02 16:38:17+00:00,AAPL,NASDAQ,T3,SELL,191.3992558970539,243.0,191.38098748387395,191.41926750937327,191.4001274966236
2026-01-02 16:38:21+00:00,AAPL,NASDAQ,T3,SELL,191.36671099950445,254.0,191.34562024553694,191.3838931968812,191.36475672120906
2026-01-02 16:38:24+00:00,NVDA,NYSE,T1,BUY,494.88393952398184,169.0,494.8299307787424,494.92890666248655,494.87941872061447
2026-01-02 16:38:32+00:00,AAPL,NASDAQ,T3,BUY,191.2749617352166,443.0,191.23590785475383,191.31241751982876,191.2741626872913
2026-01-02 16:38:35+00:00,AAPL,NASDAQ,T3,BUY,191.25227117660384,221.0,191.23497123338754,191.27322205271614,191.25409664305184
2026-01-02 16:38:35+00:00,TSLA,ARCA,T1,SELL,242.91023823643695,51.0,242.88561355391406,242.93419553482292,242.9099045443685
2026-01-02 16:38:51+00:00,SPY,ARCA,T2,BUY,458.00990794148214,117.0,457.95471981990147,458.0463199238759,458.0005198718887
2026-01-02 16:38:52+00:00,NVDA,NYSE,T1,BUY,495.1235694648865,99.0,495.07257056035036,495.17159497690403,495.1220827686272
2026-01-02 16:38:53+00:00,AAPL,NASDAQ,T3,SELL,191.11748821697205,133.0,191.09932124362726,191.13754493024467,191.11843308693597
2026-01-02 16:39:01+00:00,AAPL,NASDAQ,T3,SELL,191.16353474851726,296.0,191.14237165385148,191.180603951412,191.16148780263174
2026-01-02 16:39:06+00:00,SPY,ARCA,T2,BUY,458.00615938208756,136.0,457.9611817497669,458.05278314625656,458.00698244801174
2026-01-02 16:39:12+00:00,AAPL,NASDAQ,T3,BUY,191.14593246395688,344.0,191.12764924274487,191.1658785955287,191.1467639191368
2026-01-02 16:39:12+00:00,TSLA,ARCA,T1,BUY,242.51621795113954,184.0,242.4927034680106,242.54120685904329,242.51695516352694
2026-01-02 16:39:13+00:00,SPY,ARCA,T2,BUY,457.74609724569757,157.0,457.70258432649246,457.7941339983249,457.7483591624087
2026-01-02 16:39:13+00:00,NVDA,NYSE,T1,SELL,494.8774348531611,128.0,494.8212809488447,494.9202551024498,494.87076802564724
2026-01-02 16:39:18+00:00,SPY,ARCA,T2,BUY,457.75970279985825,219.0,457.7161212562106,457.80767363569976,457.7618974459552
2026-01-02 16:39:23+00:00,SPY,ARCA,T2,BUY,457.73607580783204,487.0,457.6914207063071,457.7829681451923,457.7371944257497
2026-01-02 16:39:30+00:00,NVDA,NYSE,T1,SELL,494.6688413824146,228.0,494.5830170307957,494.7808898121643,494.68195342148
2026-01-02 16:39:31+00:00,TSLA,ARCA,T1,SELL,242.60340330073856,188.0,242.57485928389053,242.6233791077297,242.59911919581012
2026-01-02 16:39:35+00:00,SPY,ARCA,T2,SELL,457.8691797358163,167.0,457.67818373984437,458.0444728024613,457.86132827115284
2026-01-02 16:39:37+00:00,NVDA,NYSE,T1,SELL,494.9486891700631,406.0,494.8346058656452,495.0325793026788,494.933592584162
2026-01-02 16:39:38+00:00,TSLA,ARCA,T1,SELL,242.69799159179513,166.0,242.65228176327682,242.7493620920479,242.70082192766236
2026-01-02 16:39:57+00:00,NVDA,NYSE,T1,BUY,494.6896535208798,210.0,494.63945005815594,494.73838784194595,494.68891895005095
2026-01-02 16:39:59+00:00,TSLA,ARCA,T1,SELL,242.42573938802542,57.0,242.40233603975602,242.45082135549555,242.42657869762579
2026-01-02 16:40:02+00:00,NVDA,NYSE,T1,SELL,494.8311882348231,268.0,494.440352934252,495.1825701265476,494.8114615303998
2026-01-02 16:40:09+00:00,TSLA,ARCA,T1,BUY,242.38704873270493,298.0,242.36515400424486,242.41363188283356,242.3893929435392
2026-01-02 16:40:13+00:00,AAPL,NASDAQ,T3,SELL,191.14747385980863,123.0,191.13129544054425,191.16952552264058,191.15041048159242
2026-01-02 16:40:14+00:00,NVDA,NYSE,T1,BUY,494.95052955766124,328.0,494.84982565883973,495.0478051850085,494.9488154219241
2026-01-02 16:40:15+00:00,TSLA,ARCA,T1,BUY,242.48313848597178,474.0,242.43963318730218,242.53662843962755,242.48813081346486
2026-01-02 16:40:15+00:00,AAPL,NASDAQ,T3,SELL,191.06926874928823,440.0,191.0545786651259,191.09279340233266,191.07368603372927
2026-01-02 16:40:15+00:00,AAPL,NASDAQ,T3,SELL,191.06959883045326,139.0,191.0545786651259,191.09279340233266,191.07368603372927
2026-01-02 16:40:24+00:00,SPY,ARCA,T2,BUY,457.7780108049972,93.0,457.72929169674734,457.8208467105881,457.7750692036677
2026-01-02 16:40:38+00:00,SPY,ARCA,T2,BUY,458.18627129974396,188.0,458.13986290148864,458.23150003778255,458.1856814696356
2026-01-02 16:40:42+00:00,AAPL,NASDAQ,T3,SELL,191.04889823918398,136.0,191.03168824515203,191.06989840381695,191.0507933244845
2026-01-02 16:40:45+00:00,NVDA,NYSE,T1,SELL,494.98228228040955,114.0,494.9362954687293,495.035292627539,494.98579404813415
2026-01-02 16:40:51+00:00,AAPL,NASDAQ,T3,SELL,191.17490994446558,211.0,191.15568226948199,191.19391722943186,191.17479974945692
2026-01-02 16:40:51+00:00,TSLA,ARCA,T1,SELL,242.52883638702613,77.0,242.3448767549212,242.7086669126719,242.52677183379654
2026-01-02 16:40:56+00:00,NVDA,NYSE,T1,BUY,495.1576834952591,140.0,495.11926127055403,495.2182950261837,495.16877814836886
2026-01-02 16:41:00+00:00,SPY,ARCA,T2,SELL,458.1106094202022,105.0,458.05875760947004,458.1503785230833,458.10456806627667
2026-01-02 16:41:02+00:00,NVDA,NYSE,T1,SELL,495.0984412872604,238.0,495.05308100387293,495.1521015221255,495.1025912629992
2026-01-02 16:41:04+00:00,SPY,ARCA,T2,BUY,458.0912573199793,84.0,458.05364553927103,458.14526543036794,458.0994554848195
2026-01-02 16:41:05+00:00,NVDA,NYSE,T1,SELL,495.12081336215823,97.0,495.06629943919194,495.165322601396,495.11581102029396
2026-01-02 16:41:11+00:00,TSLA,ARCA,T1,SELL,242.5877950424928,471.0,242.53649403590958,242.63352804032485,242.58501103811722
2026-01-02 16:41:14+00:00,SPY,ARCA,T2,SELL,458.3337597903495,82.0,458.2896448928058,458.3813119884939,458.33547844064987
2026-01-02 16:41:15+00:00,NVDA,NYSE,T1,BUY,495.2032131508719,217.0,495.1485439290686,495.2475835418157,495.19806373544213
2026-01-02 16:41:23+00:00,NVDA,NYSE,T1,SELL,495.38286240094214,144.0,495.2845576535527,495.4827111073049,495.3836343804288
2026-01-02 16:41:25+00:00,MSFT,NYSE,T1,SELL,413.9741565080759,95.0,413.9244819597273,414.0072751354368,413.96587854758207
2026-01-02 16:41:43+00:00,AAPL,NASDAQ,T3,SELL,191.1062615907745,277.0,191.0895045205919,191.12772624366835,191.10861538213013
2026-01-02 16:41:45+00:00,TSLA,ARCA,T1,BUY,242.32494558678388,276.0,242.30387302986028,242.35233865102836,242.32810584044432
2026-01-02 16:42:03+00:00,MSFT,NYSE,T1,BUY,414.35109598641617,63.0,414.254003891159,414.4197386396651,414.33687126541207
2026-01-02 16:42:07+00:00,SPY,ARCA,T2,SELL,458.1408687540135,110.0,458.0943778237913,458.18600586215996,458.14019184297564
2026-01-02 16:42:13+00:00,SPY,ARCA,T2,BUY,458.1874355516035,42.0,458.1428545989193,458.23449233361254,458.1886734662659
2026-01-02 16:42:15+00:00,TSLA,ARCA,T1,BUY,242.24295986749323,86.0,242.218714818879,242.26716340670157,242.24293911279028
2026-01-02 16:42:22+00:00,TSLA,ARCA,T1,SELL,242.20312734654746,242.0,242.1774477626654,242.2258880962513,242.20166792945835
2026-01-02 16:42:44+00:00,MSFT,NYSE,T1,BUY,413.5088507736752,181.0,413.38191154246266,413.7127494068424,413.54733047465254
2026-01-02 16:42:48+00:00,TSLA,ARCA,T1,SELL,242.18896696315878,229.0,242.14333672802877,242.24021343806197,242.19177508304537
2026-01-02 16:42:53+00:00,SPY,ARCA,T2,BUY,459.36396705075117,163.0,459.31049805596933,459.4023693427092,459.3564336993393
2026-01-02 16:42:57+00:00,SPY,ARCA,T2,SELL,459.55230464452904,100.0,459.5066928721847,459.5986034018121,459.5526481369984
2026-01-02 16:43:01+00:00,NVDA,NYSE,T1,SELL,495.9093093163114,136.0,495.8509610049263,495.95014111513836,495.90055106003234
2026-01-02 16:43:03+00:00,MSFT,NYSE,T1,BUY,413.661167964318,33.0,413.5726474287184,413.73810958012024,413.65537850441933
2026-01-02 16:43:08+00:00,MSFT,NYSE,T1,BUY,413.6736552294594,244.0,413.6245740673259,413.70730725545815,413.665940661392
2026-01-02 16:43:13+00:00,MSFT,NYSE,T1,BUY,413.7670750756006,112.0,413.72987709621384,413.8126313470582,413.771254221636
2026-01-02 16:43:15+00:00,NVDA,NYSE,T1,BUY,496.2427674327302,157.0,496.1414092058834,496.3399054688183,496.24065733735085
2026-01-02 16:43:31+00:00,MSFT,NYSE,T1,BUY,413.853059343117,103.0,413.8119981335566,413.894768810251,413.8533834719038
2026-01-02 16:43:33+00:00,SPY,ARCA,T2,SELL,459.3969923368179,277.0,459.35704775324206,459.44892835085244,459.40298805204725
2026-01-02 16:43:43+00:00,NVDA,NYSE,T1,BUY,496.05707865809995,152.0,496.00757140180565,496.1067828372295,496.0571771195176
2026-01-02 16:43:45+00:00,AAPL,NASDAQ,T3,BUY,190.76267641730553,129.0,190.680010328653,190.83261537893605,190.75631285379453
2026-01-02 16:43:50+00:00,TSLA,ARCA,T1,BUY,242.38818700122854,188.0,242.35037109675105,242.4473306370978,242.39885086692442
2026-01-02 16:44:02+00:00,SPY,ARCA,T2,SELL,459.55952595469597,71.0,459.51435261629064,459.60626467802007,459.56030864715535
2026-01-02 16:44:04+00:00,MSFT,NYSE,T1,SELL,413.46310486323574,112.0,413.3821300037559,413.5475159329432,413.46482296834955
2026-01-02 16:44:09+00:00,NVDA,NYSE,T1,SELL,495.8467070074207,138.0,495.7985313456309,495.89770096886235,495.84811615724664
2026-01-02 16:44:11+00:00,AAPL,NASDAQ,T3,SELL,190.46792228444366,76.0,190.44889785429808,190.48699144322785,190.46794464876297
2026-01-02 16:44:11+00:00,NVDA,NYSE,T1,BUY,495.85716221326976,317.0,495.82280301087894,495.921977488929,495.87239024990396
2026-01-02 16:44:19+00:00,SPY,ARCA,T2,BUY,459.7276181177747,127.0,459.67733573983816,459.76928040145225,459.7233080706452
2026-01-02 16:44:24+00:00,SPY,ARCA,T2,BUY,459.5554080058007,71.0,459.5022688918761,459.5941785366189,459.5482237142475
2026-01-02 16:44:24+00:00,TSLA,ARCA,T1,BUY,242.0487633188421,121.0,242.02299142577797,242.07140086500706,242.04719614539252
2026-01-02 16:44:29+00:00,MSFT,NYSE,T1,BUY,413.4060662755957,202.0,413.3143593959699,413.4797182114914,413.39703880373065
2026-01-02 16:44:30+00:00,AAPL,NASDAQ,T3,SELL,190.40890460707664,480.0,190.38418612429132,190.4222667695807,190.403226446936
2026-01-02 16:44:37+00:00,MSFT,NYSE,T1,BUY,412.7556168195508,110.0,412.7130821703745,412.7956330418957,412.7543576061351
2026-01-02 16:44:41+00:00,SPY,ARCA,T2,SELL,459.65012062122014,138.0,459.6035740408916,459.6955039486906,459.6495389947911
2026-01-02 16:44:44+00:00,AAPL,NASDAQ,T3,SELL,190.33461461979965,133.0,190.31166973604624,190.34973587660753,190.33070280632688
2026-01-02 16:44:51+00:00,AAPL,NASDAQ,T3,SELL,190.25347151739544,295.0,190.2345482215001,190.27259893621587,190.25357357885798
2026-01-02 16:45:01+00:00,NVDA,NYSE,T1,SELL,494.76859463001705,242.0,494.7231684416624,494.8221229708036,494.772645706233
2026-01-02 16:45:02+00:00,NVDA,NYSE,T1,SELL,494.78435885640585,47.0,494.5617769946549,494.9575847393485,494.7596808670017
2026-01-02 16:45:03+00:00,NVDA,NYSE,T1,BUY,494.8686811221755,182.0,494.82010847463454,494.91908239372134,494.86959543417794
2026-01-02 16:45:07+00:00,AAPL,NASDAQ,T3,SELL,190.3947673033521,135.0,190.38176195703153,190.41984211743898,190.40080203723525
2026-01-02 16:45:09+00:00,TSLA,ARCA,T1,BUY,241.9101684882086,228.0,241.88368635644005,241.9320679318689,241.90787714415447
2026-01-02 16:45:11+00:00,TSLA,ARCA,T1,SELL,241.8994852290265,137.0,241.87795431250908,241.92633474141445,241.90214452696176
2026-01-02 16:45:14+00:00,MSFT,NYSE,T1,BUY,412.73290152059684,148.0,412.683132918346,412.76567779941774,412.7244053588819
2026-01-02 16:45:20+00:00,AAPL,NASDAQ,T3,SELL,190.3242732826846,184.0,190.29148027378258,190.36761209225577,190.32954618301918
2026-01-02 16:45:20+00:00,MSFT,NYSE,T1,SELL,412.61649428364746,244.0,412.57112599466456,412.65364847211123,412.6123872333879
2026-01-02 16:45:22+00:00,SPY,ARCA,T2,BUY,460.72471950044934,118.0,460.6750142570813,460.7671584743544,460.72108636571784
2026-01-02 16:45:25+00:00,TSLA,ARCA,T1,SELL,241.79585855021242,245.0,241.77089839059104,241.8192574061707,241.79507789838087
2026-01-02 16:45:28+00:00,NVDA,NYSE,T1,BUY,495.00230384030533,85.0,494.94864613474675,495.0476457639366,494.9981459493417
2026-01-02 16:45:30+00:00,SPY,ARCA,T2,SELL,460.77135285793435,242.0,460.72408190022657,460.8162359320098,460.7701589161182
2026-01-02 16:45:38+00:00,NVDA,NYSE,T1,SELL,495.08417400062393,398.0,495.0353254082024,495.13434237498075,495.0848338915916
2026-01-02 16:45:42+00:00,AAPL,NASDAQ,T3,SELL,190.49127281972923,140.0,190.4543480544047,190.53054503302218,190.49244654371344
2026-01-02 16:45:44+00:00,TSLA,ARCA,T1,BUY,241.91726624360413,54.0,241.89129314336563,241.939676240304,241.91548469183482
2026-01-02 16:45:50+00:00,AAPL,NASDAQ,T3,BUY,190.5999320266686,66.0,190.58152465569756,190.61964477264038,190.60058471416897
2026-01-02 16:45:55+00:00,NVDA,NYSE,T1,SELL,495.0382541882989,240.0,494.9915853435566,495.0905935614471,495.04108945250186
2026-01-02 16:46:01+00:00,NVDA,NYSE,T1,SELL,495.2388968612212,132.0,495.1888480753265,495.28789574970904,495.2383719125178
2026-01-02 16:46:06+00:00,AAPL,NASDAQ,T3,BUY,190.71944995649463,121.0,190.70140596079472,190.7395500563964,190.72047800859556
2026-01-02 16:46:16+00:00,NVDA,NYSE,T1,SELL,495.33029407049116,125.0,495.1104595643173,495.50670643071527,495.3085829975163
2026-01-02 16:46:16+00:00,TSLA,ARCA,T1,BUY,241.6717652249916,50.0,241.57026408491248,241.76359762959828,241.66693085725538
2026-01-02 16:46:22+00:00,MSFT,NYSE,T1,BUY,412.81371157359575,141.0,412.76917536828677,412.8517374595695,412.81045641392814
2026-01-02 16:46:34+00:00,MSFT,NYSE,T1,SELL,412.66184398648255,99.0,412.6189103823216,412.7014424176016,412.6601763999616
2026-01-02 16:46:35+00:00,NVDA,NYSE,T1,SELL,495.0644095673267,335.0,495.02546175686894,495.12447675071974,495.07496925379434
2026-01-02 16:46:40+00:00,NVDA,NYSE,T1,BUY,495.37233852578476,149.0,495.322647039081,495.42172147593254,495.3721842575068
2026-01-02 16:46:49+00:00,NVDA,NYSE,T1,BUY,495.2388846656895,165.0,495.18531596616964,495.28436293405963,495.23483945011463
2026-01-02 16:46:55+00:00,SPY,ARCA,T2,BUY,461.06434822899024,178.0,461.0190459142428,461.1112589447287,461.06515242948575
2026-01-02 16:47:01+00:00,MSFT,NYSE,T1,SELL,413.34261900668633,212.0,413.26371306015915,413.42905161309375,413.34638233662645
2026-01-02 16:47:09+00:00,AAPL,NASDAQ,T3,SELL,190.64164061193895,38.0,190.62206890134544,190.66019712794835,190.6411330146469
2026-01-02 16:47:10+00:00,SPY,ARCA,T2,SELL,461.5555025447971,192.0,461.4815304590399,461.66615999713116,461.57384522808553
2026-01-02 16:47:10+00:00,TSLA,ARCA,T1,SELL,242.10916893120478,273.0,242.0823318093494,242.13075311784212,242.10654246359576
2026-01-02 16:47:11+00:00,AAPL,NASDAQ,T3,BUY,190.59829763786718,137.0,190.58120844369137,190.61932849738548,190.60026847053842
2026-01-02 16:47:14+00:00,MSFT,NYSE,T1,SELL,413.47182676930396,119.0,413.43125301062696,413.5139475306811,413.472600270654
2026-01-02 16:47:17+00:00,AAPL,NASDAQ,T3,SELL,190.63130812554473,146.0,190.60906197991588,190.64718760487435,190.6281247923951
2026-01-02 16:47:28+00:00,TSLA,ARCA,T1,BUY,242.2150610677608,197.0,242.19311606477754,242.24155953233725,242.2173377985574
2026-01-02 16:47:35+00:00,NVDA,NYSE,T1,BUY,494.637302896003,196.0,494.58870034724936,494.68762798008214,494.63816416366575
2026-01-02 16:47:36+00:00,MSFT,NYSE,T1,BUY,413.6008459389897,102.0,413.52770731266867,413.6931514844281,413.6104293985484
2026-01-02 16:47:52+00:00,NVDA,NYSE,T1,SELL,494.7699022802495,70.0,494.7148292332985,494.8137820944313,494.7643056638649
2026-01-02 16:47:56+00:00,SPY,ARCA,T2,SELL,462.02328955947826,95.0,461.9737503066879,462.06615429714833,462.0199523019181
2026-01-02 16:47:57+00:00,SPY,ARCA,T2,BUY,462.0417977962645,135.0,462.0007241419905,462.0931335277574,462.04692883487394
2026-01-02 16:48:04+00:00,TSLA,ARCA,T1,BUY,242.17136878831505,178.0,242.14584584389496,242.19427985646502,242.17006285018
2026-01-02 16:48:19+00:00,MSFT,NYSE,T1,BUY,413.0957438138351,132.0,413.05597193433164,413.13859139066415,413.0972816624979
2026-01-02 16:48:21+00:00,TSLA,ARCA,T1,BUY,242.30368278299295,52.0,242.25371042449115,242.35063129283463,242.3021708586629
2026-01-02 16:48:32+00:00,AAPL,NASDAQ,T3,BUY,190.60228537427614,164.0,190.46222138509117,190.74812914799097,190.60517526654107
2026-01-02 16:48:33+00:00,AAPL,NASDAQ,T3,BUY,190.61926033075818,338.0,190.59883603215917,190.63695961172357,190.61789782194137
2026-01-02 16:48:36+00:00,AAPL,NASDAQ,T3,SELL,190.57561631072502,323.0,190.55685812850456,190.5949733116486,190.57591572007658
2026-01-02 16:48:40+00:00,TSLA,ARCA,T1,SELL,242.21507070665442,235.0,242.1949020093767,242.24334583416103,242.21912392176887
2026-01-02 16:48:51+00:00,MSFT,NYSE,T1,SELL,412.904964290866,103.0,412.80590675466135,412.971062148442,412.8884844515517
2026-01-02 16:48:53+00:00,SPY,ARCA,T2,BUY,461.1732439144191,93.0,461.1239775806601,461.2162115995781,461.1700945901191
2026-01-02 16:48:57+00:00,MSFT,NYSE,T1,BUY,413.1414025463636,140.0,413.0994573702443,413.1820855245338,413.14077144738906
2026-01-02 16:49:00+00:00,AAPL,NASDAQ,T3,SELL,190.6524182366411,174.0,190.63276071242782,190.67089107760685,190.65182589501734
2026-01-02 16:49:01+00:00,SPY,ARCA,T2,SELL,461.1667169638648,96.0,460.9723332590407,461.34125869582266,461.15679597743167
2026-01-02 16:49:03+00:00,MSFT,NYSE,T1,BUY,412.9362425693109,143.0,412.89584103266156,412.97842845961077,412.93713474613617
2026-01-02 16:49:12+00:00,TSLA,ARCA,T1,BUY,242.56634289930224,164.0,242.5134166288516,242.61044140045743,242.5619290146545
2026-01-02 16:49:22+00:00,AAPL,NASDAQ,T3,SELL,190.75084126560216,53.0,190.7299219083396,190.76807170770118,190.7489968080204
2026-01-02 16:49:39+00:00,NVDA,NYSE,T1,BUY,493.9725406519111,77.0,493.890043694768,494.08763923135325,493.9888414630606
2026-01-02 16:49:43+00:00,TSLA,ARCA,T1,BUY,242.48229536590796,79.0,242.46089042982328,242.50938745761204,242.48513894371766
2026-01-02 16:49:46+00:00,AAPL,NASDAQ,T3,SELL,190.67079614021722,48.0,190.6346498793313,190.71091899310582,190.67278443621856
2026-01-02 16:49:47+00:00,AAPL,NASDAQ,T3,SELL,190.66471632258518,306.0,190.62533747777968,190.70160286584843,190.66347017181405
2026-01-02 16:49:53+00:00,NVDA,NYSE,T1,SELL,493.649969487901,297.0,493.6044133642111,493.7031441199595,493.6537787420853
2026-01-02 16:49:58+00:00,TSLA,ARCA,T1,BUY,242.3517983879462,102.0,242.3000297431292,242.3969691429064,242.3484994430178
2026-01-02 16:49:59+00:00,SPY,ARCA,T2,BUY,462.0023932655106,85.0,461.9558344220352,462.0482348289603,462.00203462549774
2026-01-02 16:50:21+00:00,NVDA,NYSE,T1,SELL,494.2099747386353,522.0,494.1681450318771,494.26698854523477,494.2175667885559
2026-01-02 16:50:21+00:00,SPY,ARCA,T2,SELL,461.73726710715033,106.0,461.6306568346652,461.8153460352392,461.7230014349522
2026-01-02 16:50:22+00:00,NVDA,NYSE,T1,BUY,494.0738235016528,107.0,493.98715192720897,494.18478631485743,494.0859691210332
2026-01-02 16:50:23+00:00,AAPL,NASDAQ,T3,SELL,190.69511108577143,203.0,190.62540709113566,190.77796844134863,190.70168776624215
2026-01-02 16:50:23+00:00,SPY,ARCA,T2,BUY,461.6728321839869,128.0,461.6259373985525,461.7182718194743,461.6721046090134
2026-01-02 16:50:25+00:00,MSFT,NYSE,T1,SELL,412.76813002449904,106.0,412.72485457170234,412.80740779793933,412.76613118482084
2026-01-02 16:50:30+00:00,AAPL,NASDAQ,T3,BUY,190.6835353353707,177.0,190.54591424721764,190.83194764363577,190.6889309454267
2026-01-02 16:50:32+00:00,TSLA,ARCA,T1,BUY,242.2045724273088,180.0,242.18228401086452,242.2307253117968,242.20650466133065
2026-01-02 16:50:55+00:00,SPY,ARCA,T2,SELL,461.62981386615195,54.0,461.57769858570646,461.67002335790085,461.62386097180365
2026-01-02 16:51:10+00:00,NVDA,NYSE,T1,SELL,494.76512487073705,142.0,494.7197778688783,494.81873171983716,494.7692547943577
2026-01-02 16:51:27+00:00,NVDA,NYSE,T1,SELL,494.6236549752393,299.0,494.5606122273045,494.65953424195146,494.610073234628
2026-01-02 16:51:29+00:00,MSFT,NYSE,T1,BUY,411.64410405728074,128.0,411.5971512291181,411.67947889213025,411.63831506062417
2026-01-02 16:51:35+00:00,NVDA,NYSE,T1,BUY,494.7331308804728,104.0,494.68719824460766,494.78614557899004,494.73667191179885
2026-01-02 16:51:36+00:00,NVDA,NYSE,T1,BUY,494.7705918891178,169.0,494.7179458493874,494.8168993339057,494.76742259164655
2026-01-02 16:51:41+00:00,SPY,ARCA,T2,BUY,461.4836716109907,173.0,461.4410053571112,461.53330278792566,461.4871540725184
2026-01-02 16:51:42+00:00,AAPL,NASDAQ,T3,SELL,190.50665444003576,130.0,190.4388638613956,190.5912759173071,190.51506988935134
2026-01-02 16:51:47+00:00,TSLA,ARCA,T1,SELL,245.03510851768223,128.0,242.37073236582486,242.41921136019747,242.39497186301116
2026-01-02 16:51:56+00:00,AAPL,NASDAQ,T3,SELL,190.64691419670777,87.0,190.63160498690274,190.66973512091351,190.65067005390813
2026-01-02 16:51:58+00:00,SPY,ARCA,T2,SELL,460.87727054578977,120.0,460.8318896407043,460.92406523619195,460.8779774384481
2026-01-02 16:52:16+00:00,AAPL,NASDAQ,T3,BUY,190.39707844599567,51.0,190.37972061046378,190.41780036256108,190.39876048651243
2026-01-02 16:52:26+00:00,SPY,ARCA,T2,SELL,460.74338851457674,136.0,460.68588026472815,460.7780266554202,460.7319534600742
2026-01-02 16:52:27+00:00,TSLA,ARCA,T1,BUY,242.2344718688112,290.0,242.17943347726327,242.27632462888448,242.22787905307388
2026-01-02 16:52:35+00:00,TSLA,ARCA,T1,SELL,242.08668834575596,116.0,242.0374122800998,242.13424661187818,242.085829445989
2026-01-02 16:52:36+00:00,AAPL,NASDAQ,T3,BUY,190.44219966589034,282.0,190.42462734429418,190.46271607863648,190.44367171146533
2026-01-02 16:52:38+00:00,MSFT,NYSE,T1,BUY,412.0066307406347,87.0,411.96259691192483,412.04499767138316,412.003797291654
2026-01-02 16:52:43+00:00,TSLA,ARCA,T1,BUY,242.0670449270808,106.0,242.03948253749036,242.08789527527165,242.063688906381
2026-01-02 16:52:57+00:00,MSFT,NYSE,T1,BUY,412.2637827798999,117.0,412.22424961336213,412.3067027085943,412.2654761609782
2026-01-02 16:53:05+00:00,TSLA,ARCA,T1,BUY,242.017821439762,200.0,241.97749447405178,242.07430483391337,242.02589965398258
2026-01-02 16:53:18+00:00,TSLA,ARCA,T1,BUY,241.68411961691305,172.0,241.66311306080462,241.7114505171624,241.6872817889835
2026-01-02 16:53:20+00:00,SPY,ARCA,T2,SELL,460.40852495798663,366.0,460.358709792047,460.4507907421004,460.4047502670737
2026-01-02 16:53:23+00:00,MSFT,NYSE,T1,SELL,412.2403214054595,176.0,412.20161004131654,412.2840586081815,412.242834324749
2026-01-02 16:53:24+00:00,AAPL,NASDAQ,T3,SELL,190.7580597603596,104.0,190.7336659536916,190.77181650193714,190.75274122781437
2026-01-02 16:53:24+00:00,SPY,ARCA,T2,SELL,460.32164124379085,996.0,460.24249920457277,460.4266330310199,460.3345661177963
2026-01-02 16:53:25+00:00,NVDA,NYSE,T1,BUY,494.3388124488867,63.0,494.22598690336673,494.4237168441162,494.32485187374147
2026-01-02 16:53:26+00:00,TSLA,ARCA,T1,BUY,241.5966493016416,113.0,241.57368517434654,241.6220047433383,241.59784495884242
2026-01-02 16:53:27+00:00,TSLA,ARCA,T1,SELL,241.5925140945689,528.0,241.5672039829133,241.61552225553712,241.5913631192252
2026-01-02 16:53:29+00:00,AAPL,NASDAQ,T3,BUY,190.81874421276032,113.0,190.77833401649792,190.85466061542428,190.8164973159611
2026-01-02 16:53:31+00:00,AAPL,NASDAQ,T3,SELL,190.86783549419877,273.0,190.83509725343802,190.91144656220118,190.8732719078196
2026-01-02 16:53:32+00:00,AAPL,NASDAQ,T3,BUY,190.87237412664012,79.0,190.83210398652085,190.90845209773772,190.87027804212929
2026-01-02 16:53:40+00:00,TSLA,ARCA,T1,SELL,241.45614698228528,330.0,241.40738784457247,241.5039701161646,241.45567898036853
2026-01-02 16:53:44+00:00,TSLA,ARCA,T1,SELL,241.51746669838073,135.0,241.4682993497403,241.5649059908084,241.51660267027435
2026-01-02 16:53:47+00:00,NVDA,NYSE,T1,BUY,493.94983321946836,97.0,493.8623639681138,494.0599484305936,493.9611561993537
2026-01-02 16:53:49+00:00,SPY,ARCA,T2,BUY,460.2434875813817,46.0,460.1940240183627,460.2860720279673,460.240048023165
2026-01-02 16:53:52+00:00,TSLA,ARCA,T1,BUY,241.66377560743692,194.0,241.60670475589703,241.70336677020222,241.65503576304963
2026-01-02 16:53:54+00:00,SPY,ARCA,T2,SELL,460.3541852344541,100.0,460.2643566009935,460.44849917214816,460.3564278865708
2026-01-02 16:54:01+00:00,TSLA,ARCA,T1,BUY,241.76352335181855,94.0,241.73484194385762,241.78319374742674,241.75901784564218
2026-01-02 16:54:08+00:00,AAPL,NASDAQ,T3,SELL,190.94037706833106,89.0,190.92089377793508,190.9590817754904,190.93998777671274
2026-01-02 16:54:14+00:00,SPY,ARCA,T2,BUY,459.95748889891945,124.0,459.907754027179,459.99974477705945,459.95374940211923
2026-01-02 16:54:21+00:00,AAPL,NASDAQ,T3,BUY,191.0970542734732,129.0,190.95052595280075,191.23716672230708,191.0938463375539
2026-01-02 16:54:22+00:00,AAPL,NASDAQ,T3,SELL,191.09042114850854,31.0,191.00763485152405,191.16050210630718,191.0840684789156
2026-01-02 16:54:34+00:00,TSLA,ARCA,T1,SELL,241.88227096113235,286.0,241.77390846492673,241.96740499030884,241.87065672761779
2026-01-02 16:54:39+00:00,NVDA,NYSE,T1,BUY,495.50290488987747,127.0,495.4565096398672,495.55561085191636,495.5060602458918
2026-01-02 16:54:47+00:00,NVDA,NYSE,T1,SELL,495.4794650593019,159.0,495.41772396242885,495.51681741656677,495.4672706894978
2026-01-02 16:54:52+00:00,TSLA,ARCA,T1,BUY,242.01912706217232,53.0,241.99319582060127,242.04159930011332,242.0173975603573
2026-01-02 16:54:57+00:00,TSLA,ARCA,T1,SELL,241.88412168496748,255.0,241.8396097807605,241.9363649757118,241.88798737823615
2026-01-02 16:55:05+00:00,SPY,ARCA,T2,SELL,459.6047672996073,84.0,459.4452725313393,459.81297583068414,459.6291241810117
2026-01-02 16:55:06+00:00,AAPL,NASDAQ,T3,SELL,191.23927951173445,163.0,191.21996486049434,191.2582126782482,191.23908876937128
2026-01-02 16:55:06+00:00,SPY,ARCA,T2,BUY,459.59218641818603,176.0,459.3962323464036,459.76389639790136,459.5800643721525
2026-01-02 16:55:06+00:00,TSLA,ARCA,T1,SELL,241.795312000403,60.0,241.7719786972219,241.82033792888453,241.7961583130532
2026-01-02 16:55:10+00:00,TSLA,ARCA,T1,SELL,241.79676881340615,172.0,241.77160173553398,241.8199608917967,241.79578131366534
2026-01-02 16:55:10+00:00,SPY,ARCA,T2,SELL,459.4730479819194,140.0,459.3781156454226,459.56190364928153,459.4700096473521
2026-01-02 16:55:12+00:00,AAPL,NASDAQ,T3,BUY,191.250031884788,206.0,191.2356534003774,191.27390435615305,191.25477887826523
2026-01-02 16:55:13+00:00,SPY,ARCA,T2,BUY,459.25429339470355,174.0,459.1616364283876,459.34533782323797,459.2534871258128
2026-01-02 16:55:17+00:00,AAPL,NASDAQ,T3,SELL,191.22426711260147,195.0,191.2052164216158,191.2434612893869,191.22433885550134
2026-01-02 16:55:32+00:00,MSFT,NYSE,T1,BUY,412.8155537539057,180.0,412.7753159940231,412.8578793135539,412.8165976537885
2026-01-02 16:55:33+00:00,MSFT,NYSE,T1,SELL,412.8213106350169,373.0,412.77747887034076,412.8600426224901,412.8187607464154
2026-01-02 16:55:38+00:00,AAPL,NASDAQ,T3,SELL,191.00507810831192,185.0,190.9853651396645,191.02356603278173,191.00446558622312
2026-01-02 16:55:40+00:00,TSLA,ARCA,T1,SELL,241.62314146194436,160.0,241.5998964597921,241.6482212715652,241.62405886567865
2026-01-02 16:55:48+00:00,TSLA,ARCA,T1,BUY,241.6030836592652,40.0,241.57941363444536,241.62773434924372,241.60357399184454
2026-01-02 16:56:01+00:00,TSLA,ARCA,T1,SELL,241.4973150288946,127.0,241.47222428368184,241.52052355846604,241.49637392107394
2026-01-02 16:56:12+00:00,AAPL,NASDAQ,T3,SELL,190.93181917236595,115.0,190.91391869706982,190.95210529946948,190.93301199826965
2026-01-02 16:56:15+00:00,SPY,ARCA,T2,BUY,459.6538487666717,196.0,459.4891225772015,459.85686097062063,459.67299177391106
2026-01-02 16:56:19+00:00,TSLA,ARCA,T1,BUY,241.7166956129067,69.0,241.69471118009088,241.74305495670458,241.71888306839773
2026-01-02 16:56:21+00:00,AAPL,NASDAQ,T3,SELL,191.1102115207742,44.0,191.07885771488824,191.1553045473407,191.11708113111447
2026-01-02 16:56:22+00:00,TSLA,ARCA,T1,SELL,241.68324402896104,51.0,241.6617140146967,241.7100511912173,241.685882602957
2026-01-02 16:56:26+00:00,AAPL,NASDAQ,T3,BUY,191.1722382077473,63.0,191.15235212099458,191.19058641484816,191.17146926792137
2026-01-02 16:56:28+00:00,NVDA,NYSE,T1,SELL,494.6573158913064,294.0,494.5983503726557,494.6972799356866,494.64781515417116
2026-01-02 16:56:33+00:00,TSLA,ARCA,T1,BUY,241.55642624943684,134.0,241.4997724802141,241.59639171305272,241.5480820966334
2026-01-02 16:56:35+00:00,MSFT,NYSE,T1,SELL,412.9924140806737,78.0,412.9529255543432,413.03552439933856,412.9942249768409
2026-01-02 16:56:39+00:00,AAPL,NASDAQ,T3,BUY,191.12260598610993,146.0,191.10545985435547,191.1436847688178,191.12457231158663
2026-01-02 16:56:40+00:00,SPY,ARCA,T2,BUY,464.92654804963826,234.0,459.2229821309851,459.3148359127895,459.2689090218873
2026-01-02 16:56:47+00:00,SPY,ARCA,T2,SELL,459.26486783714654,189.0,459.15975802485286,459.3434586681915,459.2516083465222
2026-01-02 16:56:52+00:00,AAPL,NASDAQ,T3,BUY,191.2277063053991,165.0,191.2109487910685,191.24919480542812,191.2300717982483
2026-01-02 16:56:54+00:00,TSLA,ARCA,T1,BUY,241.63221635131993,90.0,241.60715649286817,241.65548275679316,241.63131962483067
2026-01-02 16:56:59+00:00,MSFT,NYSE,T1,BUY,413.1337971656079,121.0,413.0940457842647,413.1766728561288,413.13535932019676
2026-01-02 16:57:00+00:00,MSFT,NYSE,T1,SELL,413.1234777379111,129.0,413.07921041583126,413.1618345203248,413.12052246807804
2026-01-02 16:57:07+00:00,AAPL,NASDAQ,T3,BUY,191.17016260556946,229.0,191.0945054641903,191.2474422432733,191.1709738537318
2026-01-02 16:57:07+00:00,AAPL,NASDAQ,T3,BUY,191.17271711769166,75.0,191.0945054641903,191.2474422432733,191.1709738537318
2026-01-02 16:57:11+00:00,SPY,ARCA,T2,SELL,459.39346923373824,170.0,459.34118030061234,459.4330577244149,459.3871190125136
2026-01-02 16:57:16+00:00,MSFT,NYSE,T1,SELL,413.4999420803517,66.0,413.4574973036489,413.5401970730866,413.49884718836773
2026-01-02 16:57:21+00:00,MSFT,NYSE,T1,SELL,413.63898585840644,134.0,413.5897762558363,413.6725024837103,413.6311393697733
2026-01-02 16:57:28+00:00,TSLA,ARCA,T1,SELL,241.8600921927198,63.0,241.82994706036163,241.87831788685634,241.85413247360898
2026-01-02 16:57:29+00:00,AAPL,NASDAQ,T3,SELL,191.12666071192106,262.0,191.11144606087768,191.14967217270103,191.13055911678936
2026-01-02 16:57:31+00:00,MSFT,NYSE,T1,BUY,413.437269291921,198.0,413.39832821835654,413.48101615279364,413.4396721855751
2026-01-02 16:57:32+00:00,TSLA,ARCA,T1,BUY,241.79708423574087,162.0,241.77552864718913,241.82388858891275,241.79970861805094
2026-01-02 16:57:35+00:00,SPY,ARCA,T2,BUY,459.14263353223043,113.0,459.05753770528503,459.2411974523165,459.14936757880076
2026-01-02 16:57:37+00:00,TSLA,ARCA,T1,SELL,241.85968178743866,157.0,241.8333479886515,241.88171949539992,241.8575337420257
2026-01-02 16:57:39+00:00,MSFT,NYSE,T1,BUY,413.3594125594712,144.0,413.3240079604355,413.4066810293345,413.365344494885
2026-01-02 16:57:39+00:00,NVDA,NYSE,T1,BUY,495.14010206133355,229.0,495.1010432824474,495.200073394115,495.1505583382812
2026-01-02 16:57:48+00:00,NVDA,NYSE,T1,SELL,495.20924872965065,63.0,495.16041090058394,495.2594528869627,495.20993189377333
2026-01-02 16:57:51+00:00,NVDA,NYSE,T1,BUY,495.07781869679116,80.0,495.0365817934921,495.13559901157254,495.0860904025323
2026-01-02 16:57:53+00:00,SPY,ARCA,T2,SELL,458.5080096639002,179.0,458.3260987692893,458.69290637134554,458.5095025703174
2026-01-02 16:58:03+00:00,NVDA,NYSE,T1,BUY,495.0674843616744,702.0,494.96328578260176,495.1613107018987,495.0622982422502
2026-01-02 16:58:08+00:00,TSLA,ARCA,T1,SELL,242.28773377503842,188.0,242.22966020321704,242.32657144954757,242.2781158263823
2026-01-02 16:58:08+00:00,NVDA,NYSE,T1,SELL,494.9379455445839,182.0,494.884871718629,494.98385859165995,494.93436515514446
2026-01-02 16:58:08+00:00,MSFT,NYSE,T1,BUY,413.7363237940892,34.0,413.6903781996036,413.77312454987856,413.73175137474107
2026-01-02 16:58:08+00:00,SPY,ARCA,T2,SELL,458.6407292629719,248.0,458.5357267369967,458.71917771788765,458.6274522274422
2026-01-02 16:58:09+00:00,TSLA,ARCA,T1,BUY,242.30369167648007,177.0,242.27579250116446,242.32425250566513,242.3000225034148
2026-01-02 16:58:12+00:00,NVDA,NYSE,T1,BUY,495.0448977835145,487.0,494.99795070369424,495.0969601947841,495.0474554492392
2026-01-02 16:58:24+00:00,NVDA,NYSE,T1,SELL,494.8803020858539,154.0,494.5236579671196,495.266000210753,494.8948290889363
2026-01-02 16:58:28+00:00,NVDA,NYSE,T1,BUY,494.8061784628237,217.0,494.7564207759155,494.85538195618875,494.8059013660521
2026-01-02 16:58:31+00:00,MSFT,NYSE,T1,BUY,413.6588821122534,314.0,413.61605943451787,413.6987909195533,413.6574251770356
2026-01-02 16:58:34+00:00,TSLA,ARCA,T1,BUY,241.99826111185513,149.0,241.91506953823944,242.1086790376698,242.0118742879546
2026-01-02 16:58:35+00:00,NVDA,NYSE,T1,BUY,495.1449480097381,97.0,495.0927411836256,495.19176963470744,495.1422554091665
2026-01-02 16:58:45+00:00,AAPL,NASDAQ,T3,SELL,191.09317801756447,210.0,191.0723052473107,191.11052353018843,191.09141438874957
2026-01-02 16:58:48+00:00,NVDA,NYSE,T1,BUY,494.7657594088562,135.0,494.72131870713486,494.82027286629216,494.7707957867135
2026-01-02 16:58:49+00:00,NVDA,NYSE,T1,BUY,494.75585541659393,72.0,494.7053821757641,494.8043331472964,494.75485766153025
2026-01-02 16:58:49+00:00,SPY,ARCA,T2,SELL,458.6301160687749,128.0,458.52956042307835,458.71300893695036,458.62128468001436
2026-01-02 16:58:55+00:00,MSFT,NYSE,T1,SELL,413.47963631301064,213.0,413.31019906453054,413.64097953597076,413.47558930025065
2026-01-02 16:58:56+00:00,TSLA,ARCA,T1,SELL,242.22280685356657,95.0,242.1731572251909,242.2700458658091,242.2216015455
2026-01-02 16:58:57+00:00,MSFT,NYSE,T1,BUY,413.41319551068403,336.0,413.2433141701257,413.57404111223866,413.4086776411822
2026-01-02 16:58:58+00:00,MSFT,NYSE,T1,BUY,413.4374081741002,88.0,413.3495965685686,413.5149694817786,413.4322830251736
2026-01-02 16:58:58+00:00,TSLA,ARCA,T1,BUY,242.19205744807343,182.0,242.13627615031243,242.2331500355496,242.18471309293102
2026-01-02 16:59:00+00:00,SPY,ARCA,T2,SELL,458.45638793072175,156.0,458.4133389862639,458.5050308232449,458.4591849047544
2026-01-02 16:59:09+00:00,AAPL,NASDAQ,T3,SELL,191.1657403079973,147.0,191.14879643616294,191.18703001880843,191.16791322748568
2026-01-02 16:59:16+00:00,SPY,ARCA,T2,SELL,458.382545075137,166.0,458.0053164977762,458.692840115236,458.3490783065061
2026-01-02 16:59:23+00:00,SPY,ARCA,T2,BUY,458.45034519647476,176.0,458.40502932000084,458.4967194948823,458.4508744074416
2026-01-02 16:59:31+00:00,NVDA,NYSE,T1,SELL,495.35209950631526,93.0,495.25306470530313,495.451205559356,495.3521351323296
2026-01-02 16:59:35+00:00,AAPL,NASDAQ,T3,SELL,191.15874585831682,138.0,191.14015223599662,191.1783840896292,191.1592681628129
2026-01-02 16:59:35+00:00,MSFT,NYSE,T1,SELL,413.86011524588895,429.0,413.821822333291,413.9045949750218,413.8632086541564
2026-01-02 16:59:40+00:00,NVDA,NYSE,T1,BUY,495.0144845248111,141.0,494.9217070443103,495.119715328785,495.02071118654766
2026-01-02 16:59:52+00:00,NVDA,NYSE,T1,SELL,495.01115775039233,84.0,494.9102250408613,495.1082287316158,495.00922688623854
2026-01-02 16:59:58+00:00,TSLA,ARCA,T1,BUY,242.50146522248988,176.0,242.4095815578606,242.60358682521385,242.50658419153723
2026-01-02 17:00:00+00:00,TSLA,ARCA,T1,SELL,242.56289560863436,279.0,242.51491806573767,242.61194343803845,242.56343075188806
2026-01-02 17:00:11+00:00,NVDA,NYSE,T1,SELL,494.77781907443523,105.0,494.72561049678603,494.8245655143872,494.7750880055866
2026-01-02 17:00:13+00:00,NVDA,NYSE,T1,BUY,494.9206664649695,299.0,494.7894823009227,494.9874376849199,494.8884599929213
2026-01-02 17:00:15+00:00,AAPL,NASDAQ,T3,SELL,191.56291991879976,86.0,191.54754073520647,191.58585407468743,191.56669740494695
2026-01-02 17:00:16+00:00,SPY,ARCA,T2,BUY,458.502891339495,64.0,458.4118204913572,458.5952218998355,458.50352119559636
2026-01-02 17:00:17+00:00,TSLA,ARCA,T1,BUY,242.45409077992792,319.0,242.4275759027382,242.47606626695514,242.45182108484667
2026-01-02 17:00:23+00:00,MSFT,NYSE,T1,BUY,414.1553374810394,257.0,414.1201795012604,414.2030118203926,414.1615956608265
2026-01-02 17:00:26+00:00,AAPL,NASDAQ,T3,SELL,191.47105211556567,116.0,191.4521290562761,191.4904233115129,191.4712761838945
2026-01-02 17:00:34+00:00,MSFT,NYSE,T1,BUY,414.35812980157624,222.0,414.3080515702349,414.3909214675387,414.3494865188868
2026-01-02 17:00:36+00:00,TSLA,ARCA,T1,SELL,242.85904674976885,324.0,242.83586592309805,242.88443795348573,242.8601519382919
2026-01-02 17:00:38+00:00,AAPL,NASDAQ,T3,SELL,191.40831337784846,277.0,191.3876912165738,191.4259725829538,191.4068318997638
2026-01-02 17:00:41+00:00,MSFT,NYSE,T1,SELL,414.4731348203942,189.0,414.3841035517727,414.54989035055314,414.4669969511629
2026-01-02 17:01:04+00:00,MSFT,NYSE,T1,BUY,414.32305350916215,103.0,414.2508974468763,414.4166309525562,414.33376419971626
2026-01-02 17:01:14+00:00,AAPL,NASDAQ,T3,BUY,191.45233853097534,298.0,191.4120779921259,191.4886581393522,191.45036806573904
2026-01-02 17:01:14+00:00,TSLA,ARCA,T1,SELL,242.91264072661994,138.0,242.86030527950564,242.9574688343284,242.90888705691702
2026-01-02 17:01:15+00:00,SPY,ARCA,T2,SELL,457.7187124500539,151.0,457.6766706282853,457.76821511685984,457.72244287257257
2026-01-02 17:01:16+00:00,TSLA,ARCA,T1,BUY,242.91548182088886,216.0,242.85581536279736,242.9529771212942,242.90439624204578
2026-01-02 17:01:17+00:00,TSLA,ARCA,T1,BUY,242.8672435775116,141.0,242.84714861590666,242.89572290305856,242.8714357594826
2026-01-02 17:01:20+00:00,NVDA,NYSE,T1,BUY,494.8895916232893,117.0,494.8425517507677,494.9415301589587,494.8920409548632
2026-01-02 17:01:22+00:00,NVDA,NYSE,T1,BUY,494.95896250147996,218.0,494.92112423701803,495.0201183612778,494.9706212991479
2026-01-02 17:01:37+00:00,TSLA,ARCA,T1,BUY,242.70492643897862,187.0,242.68285720241508,242.73139862799812,242.7071279152066
2026-01-02 17:01:46+00:00,SPY,ARCA,T2,BUY,457.57114196042,169.0,457.5225362141294,457.6140498727381,457.56829304343375
2026-01-02 17:01:52+00:00,TSLA,ARCA,T1,SELL,242.77140656988354,307.0,242.66255675583636,242.85676448433242,242.7596606200844
2026-01-02 17:01:53+00:00,SPY,ARCA,T2,SELL,457.5361879644107,64.0,457.4883724747444,457.57987929992186,457.5341258873331
2026-01-02 17:01:56+00:00,SPY,ARCA,T2,BUY,457.6492885431184,150.0,457.59938172570713,457.69091075495515,457.64514624033114
2026-01-02 17:01:56+00:00,NVDA,NYSE,T1,BUY,494.7055286293132,193.0,494.5033671606575,494.8991281587853,494.7012476597214
2026-01-02 17:01:57+00:00,MSFT,NYSE,T1,SELL,414.4279054601266,56.0,414.3576397075494,414.5234159186747,414.44052781311206
2026-01-02 17:02:00+00:00,NVDA,NYSE,T1,SELL,494.89239814162875,165.0,494.84068496706067,494.9396630018576,494.8901739844591
2026-01-02 17:02:00+00:00,NVDA,NYSE,T1,BUY,494.8840892298767,99.0,494.84068496706067,494.9396630018576,494.8901739844591
2026-01-02 17:02:02+00:00,NVDA,NYSE,T1,BUY,494.835815662794,95.0,494.78672473612403,494.88569197779543,494.83620835695973
2026-01-02 17:02:05+00:00,AAPL,NASDAQ,T3,SELL,191.28849182436284,75.0,191.2685399752431,191.30679750899154,191.28766874211732
2026-01-02 17:02:07+00:00,AAPL,NASDAQ,T3,SELL,191.30886804298896,165.0,191.28797137910146,191.32623279951935,191.3071020893104
2026-01-02 17:02:17+00:00,AAPL,NASDAQ,T3,BUY,191.3191627022088,113.0,191.29986747015187,191.33813127002588,191.31899937008887
2026-01-02 17:02:17+00:00,TSLA,ARCA,T1,BUY,243.1301193417243,217.0,243.1047190519999,243.15334485839094,243.12903195519542
2026-01-02 17:02:18+00:00,AAPL,NASDAQ,T3,BUY,190.22893711118937,31.0,191.3070743347705,191.34533957616162,191.32620695546606
2026-01-02 17:02:18+00:00,MSFT,NYSE,T1,BUY,413.96216791878817,128.0,413.92429022425154,414.00708336161017,413.96568679293085
2026-01-02 17:02:23+00:00,NVDA,NYSE,T1,BUY,495.3176885809171,137.0,495.2750486367155,495.37411355293443,495.32458109482496
2026-01-02 17:02:31+00:00,TSLA,ARCA,T1,SELL,243.00492014266743,321.0,242.90493825123127,243.09933996251675,243.002139106874
2026-01-02 17:02:32+00:00,AAPL,NASDAQ,T3,SELL,191.35471744451638,138.0,191.3344994435955,191.3727701705569,191.3536348070762
2026-01-02 17:02:35+00:00,AAPL,NASDAQ,T3,SELL,191.40467263187386,180.0,191.36840793334585,191.44497060905434,191.4066892712001
2026-01-02 17:02:38+00:00,AAPL,NASDAQ,T3,SELL,191.37392712895092,248.0,191.3531622496323,191.3914367095282,191.37229947958025
2026-01-02 17:02:41+00:00,TSLA,ARCA,T1,SELL,243.1597485722472,35.0,243.13270800225752,243.18133940699846,243.157023704628
2026-01-02 17:02:43+00:00,TSLA,ARCA,T1,BUY,243.13053806309176,190.0,243.1075175472194,243.15614391336544,243.13183073029242
2026-01-02 17:02:50+00:00,SPY,ARCA,T2,BUY,457.28036335845377,167.0,457.23250076373984,457.3239564094572,457.2782285865985
2026-01-02 17:02:50+00:00,MSFT,NYSE,T1,BUY,413.6443116815896,254.0,413.56300606173824,413.7284643558217,413.64573520877997
2026-01-02 17:03:18+00:00,AAPL,NASDAQ,T3,BUY,191.45165722102914,102.0,191.4119797418391,191.48855984975745,191.45026979579828
2026-01-02 17:03:34+00:00,NVDA,NYSE,T1,SELL,497.1818326290126,171.0,497.1337936466948,497.23323034909436,497.1835119978946
2026-01-02 17:03:37+00:00,NVDA,NYSE,T1,SELL,497.2300495024308,247.0,497.18429798779573,497.28374479207366,497.2340213899347
2026-01-02 17:03:42+00:00,TSLA,ARCA,T1,BUY,243.4508978622315,131.0,243.42313657074627,243.47182606701003,243.44748131887815
2026-01-02 17:03:44+00:00,TSLA,ARCA,T1,SELL,243.4286327066439,158.0,243.38629902862087,243.48367302303117,243.43498602582602
2026-01-02 17:03:46+00:00,NVDA,NYSE,T1,BUY,497.4508513593864,71.0,497.3454654239543,497.5444434057202,497.44495441483724
2026-01-02 17:03:48+00:00,NVDA,NYSE,T1,BUY,497.66363525988004,206.0,497.6251206525868,497.7246556302151,497.67488814140097
2026-01-02 17:03:48+00:00,TSLA,ARCA,T1,BUY,243.43425512996726,199.0,243.39555185885902,243.49292955514184,243.44424070700043
2026-01-02 17:03:57+00:00,SPY,ARCA,T2,SELL,458.07659605999186,53.0,458.03159881321363,458.1232142945244,458.077406553869
2026-01-02 17:04:03+00:00,NVDA,NYSE,T1,SELL,497.33314759323946,81.0,497.2842775838567,497.38374438605365,497.33401098495517
2026-01-02 17:04:05+00:00,MSFT,NYSE,T1,SELL,413.60418932432765,64.0,413.51373939327044,413.6791779767445,413.59645868500746
2026-01-02 17:04:05+00:00,SPY,ARCA,T2,BUY,458.0957808423796,476.0,458.0541142023202,458.1457341871592,458.0999241947397
2026-01-02 17:04:11+00:00,TSLA,ARCA,T1,BUY,243.22505926140607,179.0,243.1997716673411,243.2484164861565,243.2240940767488
2026-01-02 17:04:16+00:00,NVDA,NYSE,T1,BUY,496.95521257116417,166.0,496.86892115500143,497.0677084809287,496.96831481796505
2026-01-02 17:04:26+00:00,AAPL,NASDAQ,T3,BUY,191.2816203763249,99.0,191.26335709204105,191.30161358910917,191.2824853405751
2026-01-02 17:04:28+00:00,MSFT,NYSE,T1,SELL,413.32723289997875,115.0,413.2865454851748,413.3692110608294,413.3278782730021
2026-01-02 17:04:28+00:00,SPY,ARCA,T2,SELL,458.0441084737341,185.0,458.001824955537,458.0934344814807,458.04762971850886
2026-01-02 17:04:34+00:00,SPY,ARCA,T2,BUY,458.18508598925075,15650.0,458.1371778358321,458.2288144350592,458.18299613544565
2026-01-02 17:04:37+00:00,TSLA,ARCA,T1,BUY,243.36262652403215,46.0,243.33850153119357,243.3871740987566,243.36283781497508
2026-01-02 17:04:37+00:00,MSFT,NYSE,T1,BUY,413.75634520817897,79.0,413.6784600936321,413.84396457856656,413.76121233609933
2026-01-02 17:04:39+00:00,SPY,ARCA,T2,SELL,458.1881057094001,130.0,458.10089481422193,458.2841718275503,458.1925333208861
2026-01-02 17:04:42+00:00,TSLA,ARCA,T1,SELL,243.47153718107782,150.0,243.4228806334095,243.52026926338888,243.4715749483992
2026-01-02 17:04:42+00:00,NVDA,NYSE,T1,BUY,496.8599039527104,111.0,496.8119085288305,496.9112808477681,496.8615946882993
2026-01-02 17:04:43+00:00,TSLA,ARCA,T1,BUY,243.46275464600532,95.0,243.4402291435416,243.4889220586618,243.4645756011017
2026-01-02 17:04:45+00:00,NVDA,NYSE,T1,BUY,496.8385127686762,1047.0,496.7948320942904,496.89420099759957,496.844516545945
2026-01-02 17:04:52+00:00,SPY,ARCA,T2,BUY,458.9133047633102,169.0,458.8657153794525,458.9574977007606,458.91160654010656
2026-01-02 17:05:10+00:00,NVDA,NYSE,T1,SELL,495.99285164530835,156.0,495.93980187672975,496.03899975689313,495.98940081681144
2026-01-02 17:05:15+00:00,NVDA,NYSE,T1,SELL,495.60741771723303,232.0,495.5536582615801,495.65277890529677,495.60321858343843
2026-01-02 17:05:16+00:00,SPY,ARCA,T2,BUY,458.54019985767525,86.0,458.5016058955255,458.5933153876538,458.5474606415896
2026-01-02 17:05:18+00:00,MSFT,NYSE,T1,SELL,414.793060608051,231.0,414.7508046760586,414.8337631328395,414.79228390444905
2026-01-02 17:05:30+00:00,SPY,ARCA,T2,SELL,458.8385694282596,127.0,458.7929803102775,458.8847480831169,458.8388641966972
2026-01-02 17:05:33+00:00,TSLA,ARCA,T1,SELL,243.57999258418525,137.0,243.5356686239566,243.63310237815705,243.58438550105683
2026-01-02 17:05:35+00:00,MSFT,NYSE,T1,BUY,414.7288423201065,262.0,414.6891707606887,414.7721168894537,414.7306438250712
2026-01-02 17:05:41+00:00,SPY,ARCA,T2,SELL,458.8435290855183,136.0,458.79793311446235,458.88970187796156,458.84381749621195
2026-01-02 17:05:43+00:00,TSLA,ARCA,T1,BUY,243.75159160607765,240.0,243.72708928485315,243.77583957773942,243.75146443129628
2026-01-02 17:05:43+00:00,SPY,ARCA,T2,SELL,458.7759513069531,210.0,458.7323191097459,458.82407474913174,458.7781969294388
2026-01-02 17:05:45+00:00,NVDA,NYSE,T1,BUY,495.92721304204423,291.0,495.8790432707081,495.978228997935,495.92863613432155
2026-01-02 17:05:52+00:00,AAPL,NASDAQ,T3,BUY,191.93515776206794,62.0,191.91617243202236,191.9545595052161,191.93536596861924
2026-01-02 17:05:53+00:00,TSLA,ARCA,T1,BUY,243.88971260855533,262.0,243.86432032627394,243.91309806811338,243.88870919719366
2026-01-02 17:05:56+00:00,NVDA,NYSE,T1,BUY,495.9438675019193,194.0,495.8997231287617,495.9989129923738,495.94931806056775
2026-01-02 17:05:57+00:00,TSLA,ARCA,T1,BUY,243.9195116758928,187.0,243.892139343029,243.94092264922818,243.91653099612859
2026-01-02 17:05:59+00:00,SPY,ARCA,T2,SELL,458.341334618309,372.0,458.2975597014688,458.389228380277,458.3433940408729
2026-01-02 17:06:02+00:00,SPY,ARCA,T2,BUY,458.4729506164649,54.0,458.15702195919715,458.8447733056458,458.50089763242147
2026-01-02 17:06:07+00:00,MSFT,NYSE,T1,SELL,414.1883192189714,244.0,414.12479482733073,414.2904778818726,414.2076363546017
2026-01-02 17:06:10+00:00,TSLA,ARCA,T1,BUY,243.73800062290755,151.0,243.64970372058139,243.84470148266269,243.74720260162204
2026-01-02 17:06:10+00:00,AAPL,NASDAQ,T3,BUY,191.7946158368809,112.0,191.77506547411812,191.81342432309785,191.79424489860799
2026-01-02 17:06:15+00:00,MSFT,NYSE,T1,BUY,414.11186154203915,158.0,413.93022238117436,414.26149906975473,414.09586072546455
2026-01-02 17:06:28+00:00,SPY,ARCA,T2,BUY,458.610027188844,131.0,458.57195618186483,458.66367974545756,458.6178179636612
2026-01-02 17:06:28+00:00,SPY,ARCA,T2,SELL,458.62608394638943,303.0,458.57195618186483,458.66367974545756,458.6178179636612
2026-01-02 17:06:32+00:00,TSLA,ARCA,T1,BUY,243.84128937479494,32.0,243.81457900889146,243.8633468014725,243.83896290518197
2026-01-02 17:06:36+00:00,MSFT,NYSE,T1,BUY,414.115593699588,298.0,414.06890354682344,414.15172560973906,414.11031457828125
2026-01-02 17:06:41+00:00,SPY,ARCA,T2,BUY,458.9254897325135,132.0,458.88096039379076,458.9727457644066,458.9268530790987
2026-01-02 17:06:44+00:00,MSFT,NYSE,T1,SELL,414.1313326787785,438.0,414.08391534801524,414.16674041359136,414.1253278808033
2026-01-02 17:06:58+00:00,AAPL,NASDAQ,T3,SELL,191.63506609906162,59.0,191.59962117668297,191.67627635618956,191.63794876643627
2026-01-02 17:07:00+00:00,NVDA,NYSE,T1,BUY,496.22528690696964,208.0,496.02952423345954,496.42650664581123,496.2280154396354
2026-01-02 17:07:00+00:00,AAPL,NASDAQ,T3,SELL,191.57828801622648,119.0,191.55784704212155,191.59616244307009,191.57700474259582
2026-01-02 17:07:03+00:00,MSFT,NYSE,T1,SELL,413.822861413511,146.0,413.77893249556627,413.8616965584717,413.820314527019
2026-01-02 17:07:08+00:00,MSFT,NYSE,T1,SELL,413.8944555501744,45.0,413.81523292134494,413.9807921263545,413.89801252384973
2026-01-02 17:07:16+00:00,SPY,ARCA,T2,BUY,459.3357226066611,68.0,459.2869461916297,459.3788127675256,459.3328794795776
2026-01-02 17:07:17+00:00,AAPL,NASDAQ,T3,BUY,191.66613019383897,82.0,191.63235881014836,191.70902708732788,191.67069294873812
2026-01-02 17:07:23+00:00,SPY,ARCA,T2,BUY,459.0948061573471,352.0,459.0403382862016,459.13215553558376,459.08624691089267
2026-01-02 17:07:26+00:00,TSLA,ARCA,T1,SELL,243.8789638064783,202.0,243.82248875150563,243.92003725670727,243.87126300410645
2026-01-02 17:07:28+00:00,NVDA,NYSE,T1,SELL,496.0916032684224,135.0,495.9955783506069,496.1940162695309,496.0947973100689
2026-01-02 17:07:29+00:00,MSFT,NYSE,T1,BUY,413.5453723220352,165.0,413.4586488384367,413.6240653812806,413.54135710985867
2026-01-02 17:07:30+00:00,TSLA,ARCA,T1,BUY,243.91315494788492,342.0,243.88804007359155,243.9368225598549,243.91243131672323
2026-01-02 17:07:30+00:00,AAPL,NASDAQ,T3,BUY,191.8220542474785,128.0,191.7460043411911,191.89946252793874,191.82273343456492
2026-01-02 17:07:31+00:00,SPY,ARCA,T2,BUY,458.96253374591214,406.0,458.87305990210626,459.05664584325535,458.9648528726808
2026-01-02 17:07:32+00:00,MSFT,NYSE,T1,SELL,413.42867847979255,119.0,413.3864592602928,413.4691448207009,413.42780204049683
2026-01-02 17:07:39+00:00,MSFT,NYSE,T1,SELL,413.3549648357182,105.0,413.2752001736201,413.4405433223193,413.3578717479697
2026-01-02 17:07:47+00:00,TSLA,ARCA,T1,SELL,244.25369019133632,64.0,244.22747232648382,244.27632270598704,244.25189751623543
2026-01-02 17:07:56+00:00,NVDA,NYSE,T1,BUY,495.81417361438395,116.0,495.7181617874087,495.91648871750965,495.81732525245917
2026-01-02 17:07:59+00:00,MSFT,NYSE,T1,SELL,413.1547516815131,138.0,413.11694451589653,413.1995761679649,413.1582603419307
2026-01-02 17:08:25+00:00,MSFT,NYSE,T1,BUY,413.00053793078536,156.0,412.9562165017823,413.03881600503297,412.99751625340764
2026-01-02 17:08:28+00:00,MSFT,NYSE,T1,BUY,412.97571326363374,98.0,412.92845862329887,413.0110525744186,412.96975559885874
2026-01-02 17:08:34+00:00,SPY,ARCA,T2,SELL,459.0778186049231,255.0,459.0282799696779,459.1200948071556,459.07418738841676
2026-01-02 17:08:38+00:00,TSLA,ARCA,T1,BUY,244.32421115524886,176.0,244.2998393702474,244.34870422460688,244.32427179742714
2026-01-02 17:08:39+00:00,SPY,ARCA,T2,BUY,459.3871914535807,180.0,459.3318741795982,459.4237497419903,459.37781196079425
2026-01-02 17:08:50+00:00,SPY,ARCA,T2,SELL,459.4744179989265,159.0,459.42424030331205,459.51613434077643,459.47018732204424
2026-01-02 17:08:54+00:00,NVDA,NYSE,T1,SELL,496.1129661446421,166.0,496.0643965769591,496.1636193785547,496.1140079777569
2026-01-02 17:09:00+00:00,NVDA,NYSE,T1,SELL,496.3784390312731,438.0,496.33118813878514,496.43046430402944,496.3808262214073
2026-01-02 17:09:01+00:00,MSFT,NYSE,T1,SELL,412.60333571772185,87.0,412.5682608490864,412.6507827534467,412.60952180126657
2026-01-02 17:09:28+00:00,AAPL,NASDAQ,T3,SELL,191.90131418457685,186.0,191.82010237255366,191.97361986144728,191.89686111700047
2026-01-02 17:09:30+00:00,NVDA,NYSE,T1,BUY,496.10259595080663,138.0,496.0570276086835,496.156248936338,496.10663827251074
2026-01-02 17:09:43+00:00,SPY,ARCA,T2,SELL,460.28969546163484,129.0,460.2451256311714,460.3371838621207,460.29115474664604
2026-01-02 17:09:45+00:00,TSLA,ARCA,T1,BUY,243.9827846056846,309.0,243.96188264238916,244.01067989864325,243.9862812705162
2026-01-02 17:09:50+00:00,MSFT,NYSE,T1,SELL,412.8182030902028,891.0,412.78923622349555,412.8718023273507,412.8305192754231
2026-01-02 17:09:53+00:00,AAPL,NASDAQ,T3,BUY,191.7474457303822,106.0,191.72665631216907,191.76500547834812,191.7458308952586
2026-01-02 17:09:54+00:00,TSLA,ARCA,T1,SELL,244.0324647195112,265.0,244.0102667454609,244.0590736795034,244.03467021248215
2026-01-02 17:10:01+00:00,AAPL,NASDAQ,T3,SELL,191.85087085729123,367.0,191.8313938633998,191.86976397918403,191.8505789212919
2026-01-02 17:10:02+00:00,SPY,ARCA,T2,SELL,460.51304645561515,238.0,460.42895111877533,460.6131595409073,460.5210553298413
2026-01-02 17:10:03+00:00,TSLA,ARCA,T1,BUY,243.92379041701622,216.0,243.86922957102308,243.96679677629254,243.9180131736578
2026-01-02 17:10:06+00:00,AAPL,NASDAQ,T3,SELL,191.80866398982855,93.0,191.7667593518797,191.84348140003007,191.80512037595489
2026-01-02 17:10:11+00:00,NVDA,NYSE,T1,SELL,496.12700065968005,100.0,496.0782499209606,496.177475493502,496.1278627072313
2026-01-02 17:10:14+00:00,NVDA,NYSE,T1,BUY,496.1102830790832,481.0,496.07068346034976,496.16990751944775,496.12029548989875
2026-01-02 17:10:17+00:00,NVDA,NYSE,T1,BUY,496.03765798725425,145.0,495.98949926244256,496.0887070830771,496.03910317275984
2026-01-02 17:10:34+00:00,MSFT,NYSE,T1,SELL,412.57762833377996,232.0,412.5393921721147,412.6219083021621,412.5806502371384
2026-01-02 17:10:36+00:00,AAPL,NASDAQ,T3,BUY,191.6830571900253,98.0,191.6668343413024,191.70517154189073,191.68600294159657
2026-01-02 17:10:47+00:00,SPY,ARCA,T2,BUY,460.8097370497459,275.0,460.76497958044797,460.85714179258525,460.8110606865166
2026-01-02 17:10:49+00:00,NVDA,NYSE,T1,SELL,495.5222451095389,152.0,495.47457684344175,495.5736816692931,495.5241292563674
2026-01-02 17:10:50+00:00,SPY,ARCA,T2,SELL,460.8509030623524,75.0,460.46579978788435,461.1570169004006,460.8114083441425
2026-01-02 17:10:54+00:00,MSFT,NYSE,T1,SELL,412.75153193491064,282.0,412.70279212406194,412.7853409373681,412.74406653071503
2026-01-02 17:10:56+00:00,NVDA,NYSE,T1,SELL,495.42271677878784,87.0,495.3319891384267,495.53016156856813,495.4310753534974
2026-01-02 17:10:57+00:00,SPY,ARCA,T2,SELL,461.0360165544436,324.0,460.9137561181395,461.0981585010633,461.0059573096014
2026-01-02 17:10:59+00:00,AAPL,NASDAQ,T3,BUY,191.7360088113379,168.0,191.7187675107094,191.7571150989704,191.7379413048399
2026-01-02 17:11:01+00:00,TSLA,ARCA,T1,SELL,244.11704230954666,183.0,244.0929136591786,244.14173712425693,244.11732539171777
2026-01-02 17:11:02+00:00,TSLA,ARCA,T1,SELL,244.0686067669836,71.0,244.0159762354374,244.11360215111472,244.06478919327606
2026-01-02 17:11:07+00:00,SPY,ARCA,T2,SELL,461.26105913561116,122.0,461.2185427643512,461.3107956981974,461.2646692312743
2026-01-02 17:11:10+00:00,TSLA,ARCA,T1,BUY,244.13998208071104,342.0,244.11771098850093,244.16653941354113,244.14212520102103
2026-01-02 17:11:12+00:00,AAPL,NASDAQ,T3,SELL,191.71006093246697,122.0,191.62269649206533,191.77605599305937,191.69937624256235
2026-01-02 17:11:15+00:00,AAPL,NASDAQ,T3,BUY,191.62744065747097,527.0,191.590102585015,191.66675395632328,191.62842827066913
2026-01-02 17:11:24+00:00,SPY,ARCA,T2,SELL,461.2967245901954,181.0,461.25086534406125,461.34312474307,461.29699504356563
2026-01-02 17:11:25+00:00,TSLA,ARCA,T1,SELL,244.06272162027537,210.0,244.03668388391236,244.08549610191096,244.06108999291166
2026-01-02 17:11:26+00:00,TSLA,ARCA,T1,BUY,244.05661568606268,76.0,244.02888899201463,244.0776996508789,244.05329432144677
2026-01-02 17:11:28+00:00,NVDA,NYSE,T1,SELL,494.777229315152,105.0,494.72259631129555,494.82155072599926,494.7720735186474
2026-01-02 17:11:32+00:00,MSFT,NYSE,T1,SELL,412.9283015949733,109.0,412.88285570688316,412.9654405365075,412.92414812169534
2026-01-02 17:11:37+00:00,AAPL,NASDAQ,T3,SELL,191.47962066221052,93.0,191.46156422810014,191.49986037056,191.48071229933007
2026-01-02 17:11:47+00:00,AAPL,NASDAQ,T3,SELL,191.46140695353915,151.0,191.44047856928603,191.47877049419236,191.4596245317392
2026-01-02 17:11:51+00:00,NVDA,NYSE,T1,BUY,495.047306736076,58.0,494.62896010847624,495.37146042387553,495.0002102661759
2026-01-02 17:11:53+00:00,TSLA,ARCA,T1,BUY,244.19062391305357,550.0,244.0213300567748,244.38763678190378,244.20448341933928
2026-01-02 17:12:04+00:00,AAPL,NASDAQ,T3,BUY,191.4513428540217,102.0,191.43730873781996,191.47560002869662,191.4564543832583
2026-01-02 17:12:05+00:00,NVDA,NYSE,T1,SELL,495.2072291078796,99.0,495.03930878430214,495.4354987072988,495.23740374580046
2026-01-02 17:12:09+00:00,AAPL,NASDAQ,T3,BUY,191.35482339717842,113.0,191.34086715937732,191.37913916000926,191.3600031596933
2026-01-02 17:12:11+00:00,NVDA,NYSE,T1,SELL,495.0773492952023,405.0,495.0356945795023,495.1347116201223,495.0852030998123
2026-01-02 17:12:12+00:00,SPY,ARCA,T2,SELL,461.38681131661343,142.0,461.3345756455227,461.42685178826605,461.3807137168944
2026-01-02 17:12:14+00:00,MSFT,NYSE,T1,SELL,412.5874489124544,93.0,412.5474485176849,412.6299662591626,412.58870738842376
2026-01-02 17:12:14+00:00,NVDA,NYSE,T1,SELL,495.0701740508872,109.0,495.01973525379117,495.11874910222673,495.06924217800895
2026-01-02 17:12:15+00:00,SPY,ARCA,T2,BUY,461.2760725913018,192.0,461.23223705219556,461.32449272517334,461.27836488868445
2026-01-02 17:12:15+00:00,TSLA,ARCA,T1,BUY,244.17968334623998,615.0,244.15421411103776,244.2030498374326,244.17863197423517
2026-01-02 17:12:17+00:00,NVDA,NYSE,T1,BUY,495.1015204922981,221.0,495.0519384933811,495.1509587831087,495.1014486382449
2026-01-02 17:12:20+00:00,TSLA,ARCA,T1,BUY,244.1524558260042,62.0,244.06639680654902,244.26172805649426,244.16406243152164
2026-01-02 17:12:25+00:00,AAPL,NASDAQ,T3,SELL,191.36073330033278,415.0,191.3420710568348,191.3803432982703,191.36120717755256
2026-01-02 17:12:25+00:00,SPY,ARCA,T2,BUY,461.2143837993575,166.0,461.1618924194621,461.2541340221063,461.2080132207842
2026-01-02 17:12:30+00:00,AAPL,NASDAQ,T3,BUY,191.2728055081406,233.0,191.23275325649078,191.30926165947395,191.27100745798236
2026-01-02 17:12:38+00:00,SPY,ARCA,T2,SELL,461.4210472835767,116.0,461.37661435002843,461.4688989013536,461.422756625691
2026-01-02 17:12:38+00:00,SPY,ARCA,T2,BUY,461.42916835137095,383.0,461.37661435002843,461.4688989013536,461.422756625691
2026-01-02 17:12:40+00:00,AAPL,NASDAQ,T3,SELL,191.3000124654964,219.0,191.28062683919143,191.31888679055442,191.29975681487292
2026-01-02 17:12:47+00:00,MSFT,NYSE,T1,BUY,412.4111149082862,71.0,412.3738780646887,412.456361088604,412.41511957664636
2026-01-02 17:12:51+00:00,NVDA,NYSE,T1,BUY,495.0447563977602,88.0,494.98241950944185,495.08142589398216,495.031922701712
2026-01-02 17:12:53+00:00,TSLA,ARCA,T1,SELL,244.008934596004,269.0,243.98720448915253,244.03600681028246,244.0116056497175
2026-01-02 17:12:56+00:00,NVDA,NYSE,T1,SELL,494.92094209000675,165.0,494.87004233739674,494.9690262442549,494.9195342908258
2026-01-02 17:12:56+00:00,AAPL,NASDAQ,T3,SELL,191.21248015353868,177.0,191.17531361778094,191.25179904031256,191.21355632904675
2026-01-02 17:13:04+00:00,SPY,ARCA,T2,SELL,461.45884706673144,194.0,461.4107892408749,461.5030806278618,461.45693493436835
2026-01-02 17:13:04+00:00,NVDA,NYSE,T1,BUY,494.20108492236807,137.0,494.16095103978205,494.25979311419746,494.21037207698976
2026-01-02 17:13:06+00:00,AAPL,NASDAQ,T3,SELL,191.00702019310302,63.0,190.98434114190343,191.02254183020062,191.00344148605203
2026-01-02 17:13:08+00:00,TSLA,ARCA,T1,BUY,244.06476510155736,90.0,244.0438569812535,244.092670634015,244.06826380763425
2026-01-02 17:13:20+00:00,NVDA,NYSE,T1,SELL,494.56015563123054,182.0,494.5151416686754,494.61405458830114,494.5645981284883
2026-01-02 17:13:22+00:00,AAPL,NASDAQ,T3,BUY,191.1166328188893,65.0,191.07222258193272,191.14866675980105,191.11044467086688
2026-01-02 17:13:29+00:00,SPY,ARCA,T2,BUY,461.5683535784395,283.0,461.5180800704708,461.61039291776956,461.56423649412017
2026-01-02 17:13:42+00:00,SPY,ARCA,T2,SELL,461.78748678287116,331.0,461.7474536317706,461.83981235836967,461.79363299507014
2026-01-02 17:13:44+00:00,TSLA,ARCA,T1,SELL,244.33187773865086,195.0,244.30648594726648,244.3553521310743,244.3309190391704
2026-01-02 17:13:49+00:00,SPY,ARCA,T2,BUY,461.78739754379114,59.0,461.74267426162265,461.83503203225206,461.78885314693736
2026-01-02 17:13:54+00:00,MSFT,NYSE,T1,BUY,411.9805203080174,109.0,411.88644404900765,412.05123158413426,411.96883781657095
2026-01-02 17:13:55+00:00,SPY,ARCA,T2,SELL,461.8622545945358,383.0,461.7764226323208,461.9611701508774,461.8687963915991
2026-01-02 17:13:58+00:00,AAPL,NASDAQ,T3,SELL,191.38167167961493,159.0,191.3638973306313,191.4021739377581,191.3830356341947
2026-01-02 17:14:06+00:00,NVDA,NYSE,T1,BUY,494.3704200560384,111.0,494.31435743788444,494.41323019664793,494.3637938172662
2026-01-02 17:14:11+00:00,NVDA,NYSE,T1,SELL,494.00986247791667,314.0,493.96458784953256,494.0633906473822,494.0139892484574
2026-01-02 17:14:30+00:00,TSLA,ARCA,T1,SELL,244.57329816454458,205.0,244.54871069869483,244.59762533229792,244.57316801549638
2026-01-02 17:14:30+00:00,MSFT,NYSE,T1,BUY,411.8118006936737,207.0,411.77289427092785,411.8552570860636,411.8140756784957
2026-01-02 17:14:42+00:00,SPY,ARCA,T2,BUY,461.8900130590389,303.0,461.8484362624949,461.9408151876399,461.8946257250674
2026-01-02 17:14:46+00:00,SPY,ARCA,T2,SELL,461.8755811368336,251.0,461.8236912126252,461.91606518826524,461.8698782004452
2026-01-02 17:14:47+00:00,MSFT,NYSE,T1,BUY,411.73599997567356,92.0,411.6943887816084,411.77673589407596,411.73556233784217
2026-01-02 17:14:58+00:00,TSLA,ARCA,T1,SELL,244.5440739705096,94.0,244.52006614332197,244.56897504744103,244.5445205953815
2026-01-02 17:14:58+00:00,AAPL,NASDAQ,T3,BUY,190.89458586803278,226.0,190.85803771285097,190.93439619963348,190.89621695624223
2026-01-02 17:15:02+00:00,MSFT,NYSE,T1,SELL,411.8655382007563,258.0,411.77270140898713,411.9374434379565,411.8550724234718
2026-01-02 17:15:03+00:00,MSFT,NYSE,T1,BUY,411.8166059654491,211.0,411.7846882312263,411.86705340539,411.82587081830815
2026-01-02 17:15:10+00:00,TSLA,ARCA,T1,SELL,244.6042079081419,282.0,244.57784244565758,244.62676290619274,244.60230267592516
2026-01-02 17:15:14+00:00,AAPL,NASDAQ,T3,SELL,190.93222268708197,166.0,190.91196075979144,190.9501469705645,190.93105386517797
2026-01-02 17:15:25+00:00,SPY,ARCA,T2,BUY,462.4819745447755,109.0,462.437404018012,462.52990074848867,462.48365238325033
2026-01-02 17:15:26+00:00,MSFT,NYSE,T1,BUY,412.12668263810673,148.0,412.08552196482844,412.16794731175605,412.12673463829225
2026-01-02 17:15:28+00:00,AAPL,NASDAQ,T3,BUY,190.9940188703779,162.0,190.95491906424593,191.03131631132106,190.9931176877835
2026-01-02 17:15:34+00:00,NVDA,NYSE,T1,SELL,493.79477676490524,170.0,493.60063834781954,493.9956768739082,493.7981576108639
2026-01-02 17:15:47+00:00,NVDA,NYSE,T1,SELL,493.61985741090473,322.0,493.56965550408825,493.66837930756947,493.61901740582886
2026-01-02 17:15:49+00:00,TSLA,ARCA,T1,SELL,245.0164780924637,230.0,244.92338749357984,245.1194046104214,245.02139605200063
2026-01-02 17:15:51+00:00,SPY,ARCA,T2,SELL,462.2112864519408,51.0,462.16556393714734,462.2580062941705,462.2117851156589
2026-01-02 17:15:54+00:00,SPY,ARCA,T2,SELL,462.06224842478633,161.0,462.0131287930146,462.1055406599599,462.05933472648724
2026-01-02 17:16:01+00:00,SPY,ARCA,T2,BUY,461.94592700764684,191.0,461.89535793799655,461.9877462484152,461.94155209320587
2026-01-02 17:16:02+00:00,NVDA,NYSE,T1,SELL,493.6625874088594,154.0,493.6096979379671,493.70842975073595,493.6590638443515
2026-01-02 17:16:05+00:00,AAPL,NASDAQ,T3,BUY,190.866435981071,193.0,190.8524066746118,190.8905809733766,190.8714938239942
2026-01-02 17:16:07+00:00,TSLA,ARCA,T1,SELL,245.04463411006762,365.0,245.0012324565644,245.0992525535664,245.0502425050654
2026-01-02 17:16:23+00:00,SPY,ARCA,T2,SELL,461.57116383170955,56.0,461.52523801056486,461.61755228959487,461.57139515007987
2026-01-02 17:16:30+00:00,AAPL,NASDAQ,T3,SELL,190.8677751666108,80.0,190.84758034269686,190.88575367609872,190.8666670093978
2026-01-02 17:16:40+00:00,NVDA,NYSE,T1,SELL,494.249069063907,200.0,494.211582915429,494.3104351172323,494.26100901633066
2026-01-02 17:16:43+00:00,TSLA,ARCA,T1,SELL,245.13383022647616,131.0,245.10840614445772,245.157432728345,245.13291943640135
2026-01-02 17:16:45+00:00,MSFT,NYSE,T1,SELL,411.64120186989027,125.0,411.5520679050807,411.7167216629943,411.6343947840375
2026-01-02 17:16:46+00:00,SPY,ARCA,T2,SELL,461.46512816392266,131.0,461.41843987858357,461.51073279585097,461.46458633721727
2026-01-02 17:16:47+00:00,MSFT,NYSE,T1,BUY,411.5373607292462,179.0,411.3899228201495,411.7191664558599,411.5545446380047
2026-01-02 17:16:49+00:00,TSLA,ARCA,T1,BUY,245.085165652668,172.0,245.05814907356077,245.10716560502865,245.0826573392947
2026-01-02 17:16:51+00:00,SPY,ARCA,T2,BUY,461.41533848071356,130.0,461.36378363612386,461.4560656210496,461.40992462858674
2026-01-02 17:16:55+00:00,MSFT,NYSE,T1,BUY,411.58082787875713,234.0,411.5480581116384,411.6303759550451,411.58921703334175
2026-01-02 17:16:56+00:00,TSLA,ARCA,T1,BUY,244.91369371023907,204.0,244.86231350465997,244.96027802296547,244.91129576381272
2026-01-02 17:17:00+00:00,TSLA,ARCA,T1,SELL,244.78731317878118,67.0,244.76626471801745,244.8152228667759,244.79074379239668
2026-01-02 17:17:06+00:00,SPY,ARCA,T2,SELL,461.77482066928377,145.0,461.7295354389678,461.82189058156985,461.7757130102688
2026-01-02 17:17:14+00:00,SPY,ARCA,T2,BUY,461.8379816394523,329.0,461.78892107918074,461.88128810009863,461.8351045896397
2026-01-02 17:17:15+00:00,NVDA,NYSE,T1,SELL,494.9146620257972,118.0,494.8727946007228,494.97177905808866,494.9222868294057
2026-01-02 17:17:21+00:00,NVDA,NYSE,T1,BUY,494.9474179403635,107.0,494.90055002994944,494.99954003895635,494.9500450344529
2026-01-02 17:17:22+00:00,TSLA,ARCA,T1,BUY,244.8554008509615,133.0,244.8301120228906,244.87908294238713,244.85459748263887
2026-01-02 17:17:26+00:00,NVDA,NYSE,T1,SELL,494.8690221937183,166.0,494.8093884815929,494.9083602564667,494.8588743690298
2026-01-02 17:17:29+00:00,MSFT,NYSE,T1,BUY,411.6403131499879,170.0,411.5957128093522,411.67804018465165,411.63687649700194
2026-01-02 17:17:35+00:00,SPY,ARCA,T2,SELL,462.0348364557607,54.0,461.9894492219504,462.0818563525079,462.03565278722914
2026-01-02 17:17:42+00:00,TSLA,ARCA,T1,SELL,245.09175254598722,571.0,244.99278405524373,245.18885671155047,245.0908203833971
2026-01-02 17:17:47+00:00,AAPL,NASDAQ,T3,BUY,191.16256846411946,472.0,191.14350543864097,191.18173796298115,191.16262170081106
2026-01-02 17:17:52+00:00,SPY,ARCA,T2,SELL,462.0942857803051,130.0,462.04530164865804,462.13771995081794,462.091510799738
2026-01-02 17:17:55+00:00,SPY,ARCA,T2,BUY,462.1335870641062,241.0,462.0818995946487,462.1743252171299,462.1281124058893
2026-01-02 17:17:55+00:00,SPY,ARCA,T2,BUY,462.129245555703,99.0,462.0818995946487,462.1743252171299,462.1281124058893
2026-01-02 17:18:05+00:00,NVDA,NYSE,T1,BUY,495.25007251803777,92.0,495.20252026184255,495.3015706709358,495.2520454663892
2026-01-02 17:18:07+00:00,TSLA,ARCA,T1,BUY,245.30758771985958,134.0,245.26137113136664,245.35949530465385,245.31043321801025
2026-01-02 17:18:10+00:00,SPY,ARCA,T2,BUY,461.9337333143012,377.0,461.83976209441346,462.02453495382315,461.9321485241183
2026-01-02 17:18:14+00:00,MSFT,NYSE,T1,SELL,411.62558201388657,118.0,411.58782819415296,411.67015399237164,411.6289910932623
2026-01-02 17:18:17+00:00,NVDA,NYSE,T1,SELL,495.7898933002808,89.0,495.73832970082475,495.8374872825231,495.78790849167393
2026-01-02 17:18:20+00:00,TSLA,ARCA,T1,BUY,245.0005435268308,245.0,244.95529969379547,245.05330141401706,245.00430055390626
2026-01-02 17:18:21+00:00,MSFT,NYSE,T1,SELL,411.3755517813644,72.0,411.32893264094264,411.4112066548722,411.3700696479074
2026-01-02 17:18:24+00:00,SPY,ARCA,T2,BUY,461.6758546562909,398.0,461.48941951988473,461.85875879120914,461.67408915554694
2026-01-02 17:18:28+00:00,MSFT,NYSE,T1,BUY,411.2497040309003,571.0,411.2071726201358,411.2894222796258,411.2482974498808
2026-01-02 17:18:31+00:00,TSLA,ARCA,T1,SELL,244.93780937753837,190.0,244.90966955230851,244.9586563849022,244.93416296860536
2026-01-02 17:18:35+00:00,TSLA,ARCA,T1,SELL,244.9184574266155,125.0,244.89429831505353,244.94328207309232,244.91879019407293
2026-01-02 17:18:45+00:00,NVDA,NYSE,T1,BUY,495.8730396084433,407.0,495.8234287506157,495.92260335382616,495.8730160522209
2026-01-02 17:18:54+00:00,TSLA,ARCA,T1,BUY,244.95606061340567,91.0,244.9329613237768,244.9819528151907,244.95745706948375
2026-01-02 17:19:02+00:00,TSLA,ARCA,T1,BUY,245.05503918950185,192.0,244.9587633353388,245.1548087641786,245.0567860497587
2026-01-02 17:19:03+00:00,NVDA,NYSE,T1,BUY,496.29935148850166,118.0,496.20381438776764,496.40233561776876,496.3030750027682
2026-01-02 17:19:03+00:00,AAPL,NASDAQ,T3,SELL,191.03552085054076,84.0,190.94662923804043,191.09944766880318,191.0230384534218
2026-01-02 17:19:07+00:00,MSFT,NYSE,T1,SELL,411.3906506669082,510.0,411.35413541909395,411.4364144740832,411.3952749465886
2026-01-02 17:19:11+00:00,MSFT,NYSE,T1,SELL,411.31741005589583,103.0,411.2422411445397,411.40677094695803,411.3245060457489
2026-01-02 17:19:29+00:00,SPY,ARCA,T2,SELL,461.43413002171246,134.0,461.3943754445525,461.48666354845176,461.44051949650213
2026-01-02 17:19:32+00:00,SPY,ARCA,T2,BUY,461.64013148495405,606.0,461.6018798692948,461.69420947822954,461.6480446737622
2026-01-02 17:19:40+00:00,MSFT,NYSE,T1,SELL,411.51357068785927,120.0,411.431880740721,411.59648641415197,411.5141835774365
2026-01-02 17:19:42+00:00,TSLA,ARCA,T1,SELL,245.11055001542923,85.0,245.0880206454006,245.13704315178035,245.11253189859048
2026-01-02 17:19:45+00:00,AAPL,NASDAQ,T3,BUY,190.98347225420997,142.0,190.96404074699944,191.0022373748116,190.98313906090553
2026-01-02 17:19:46+00:00,AAPL,NASDAQ,T3,BUY,190.97923362569142,116.0,190.95723060631644,190.99542587196424,190.97632823914034
2026-01-02 17:19:49+00:00,MSFT,NYSE,T1,BUY,411.6543658653285,431.0,411.61547214662704,411.69780347418913,411.6566378104081
2026-01-02 17:19:50+00:00,TSLA,ARCA,T1,SELL,245.13426054308016,134.0,245.08319145042697,245.1812443375846,245.13221789400578
2026-01-02 17:19:54+00:00,AAPL,NASDAQ,T3,BUY,190.89963646350566,164.0,190.8583233216105,190.93468192265937,190.89650262213493
2026-01-02 17:20:00+00:00,TSLA,ARCA,T1,BUY,245.02536999879533,131.0,244.98326396512323,245.0812768732909,245.03227041920707
2026-01-02 17:20:02+00:00,SPY,ARCA,T2,BUY,461.5809459073818,183.0,461.5251949670749,461.6175092374954,461.5713521022852
2026-01-02 17:20:04+00:00,NVDA,NYSE,T1,BUY,497.13468219054766,279.0,497.083799645112,497.1832263477113,497.13351299641164
2026-01-02 17:20:06+00:00,MSFT,NYSE,T1,SELL,411.43037761818687,235.0,411.3501710788093,411.51474406183746,411.4324575703234
2026-01-02 17:20:10+00:00,AAPL,NASDAQ,T3,BUY,190.77931069849717,37.0,190.76045022263025,190.79860612826536,190.7795281754478
2026-01-02 17:20:23+00:00,TSLA,ARCA,T1,BUY,244.96489248368013,200.0,244.94341287187078,244.99240645380334,244.96790966283706
2026-01-02 17:20:25+00:00,AAPL,NASDAQ,T3,BUY,190.59014600345057,140.0,190.5727409161304,190.61085927614963,190.59180009614002
2026-01-02 17:20:36+00:00,NVDA,NYSE,T1,BUY,497.4013745709366,223.0,497.30677675137946,497.50573925458065,497.40625800298005
2026-01-02 17:20:39+00:00,SPY,ARCA,T2,SELL,461.3879766955404,644.0,461.33711241821237,461.429389068361,461.3832507432867
2026-01-02 17:20:44+00:00,NVDA,NYSE,T1,BUY,497.58581122794806,146.0,497.5266804870543,497.6261957746805,497.5764381308674
2026-01-02 17:20:48+00:00,TSLA,ARCA,T1,SELL,244.77414618085874,190.0,244.7478042799542,244.7967587362558,244.772281508105
2026-01-02 17:20:50+00:00,NVDA,NYSE,T1,BUY,497.51156376226294,262.0,497.45537198229897,497.55487300679783,497.5051224945484
2026-01-02 17:20:53+00:00,NVDA,NYSE,T1,BUY,497.6056994915897,175.0,497.55665650694306,497.65617779037274,497.6064171486579
2026-01-02 17:21:01+00:00,TSLA,ARCA,T1,SELL,244.77898142868787,193.0,244.75984188943556,244.80879875349984,244.7843203214677
2026-01-02 17:21:03+00:00,AAPL,NASDAQ,T3,SELL,190.5951273057416,381.0,190.5750200363926,190.61313885228148,190.59407944433704
2026-01-02 17:21:05+00:00,NVDA,NYSE,T1,SELL,497.40123108005173,202.0,497.3041620520356,497.5031235091478,497.4036427805917
2026-01-02 17:21:07+00:00,AAPL,NASDAQ,T3,SELL,190.57461048168733,147.0,190.55425658339436,190.59237124617732,190.57331391478584
2026-01-02 17:21:08+00:00,MSFT,NYSE,T1,BUY,411.2232668558516,136.0,411.18089713692876,411.26314154079654,411.22201933886265
2026-01-02 17:21:15+00:00,AAPL,NASDAQ,T3,SELL,190.37898080381345,107.0,190.3387762565987,190.41492699724944,190.37685162692406
2026-01-02 17:21:21+00:00,MSFT,NYSE,T1,BUY,411.0764281105977,124.0,410.9981558489716,411.16258799774096,411.08037192335627
2026-01-02 17:21:23+00:00,AAPL,NASDAQ,T3,SELL,190.34536100653918,197.0,190.32687099573798,190.3649401768552,190.3459055862966
2026-01-02 17:21:29+00:00,TSLA,ARCA,T1,SELL,244.6405839784347,146.0,244.61794222551032,244.66687070680354,244.64240646615693
2026-01-02 17:21:35+00:00,MSFT,NYSE,T1,BUY,411.15003588459416,63.0,411.1108591041311,411.1930894989914,411.15197430156127
2026-01-02 17:21:35+00:00,MSFT,NYSE,T1,SELL,411.15759608590014,202.0,411.1108591041311,411.1930894989914,411.15197430156127
2026-01-02 17:21:36+00:00,SPY,ARCA,T2,BUY,461.49769001104073,77.0,461.45920693003234,461.55150800152546,461.5053574657789
2026-01-02 17:21:37+00:00,NVDA,NYSE,T1,SELL,497.6653257274582,54.0,497.56828790143715,497.76735503002345,497.6678214657303
2026-01-02 17:21:49+00:00,SPY,ARCA,T2,BUY,461.49595505718025,87.0,461.44179881967375,461.53409640919665,461.4879476144352
2026-01-02 17:21:57+00:00,NVDA,NYSE,T1,SELL,497.7284521335568,265.0,497.6763257920173,497.7758710116977,497.7260984018575
2026-01-02 17:22:12+00:00,MSFT,NYSE,T1,SELL,410.9171551699982,148.0,410.87376632287396,410.95594929443564,410.9148578086548
2026-01-02 17:22:33+00:00,AAPL,NASDAQ,T3,SELL,190.06579108678702,148.0,190.04524538964077,190.08325824000374,190.06425181482226
2026-01-02 17:22:35+00:00,AAPL,NASDAQ,T3,SELL,190.0784096852702,132.0,190.05736814437796,190.09538341953436,190.07637578195616
2026-01-02 17:22:36+00:00,MSFT,NYSE,T1,BUY,411.0029973534371,64.0,410.92947944700126,411.0938841197146,411.0116817833579
2026-01-02 17:22:39+00:00,NVDA,NYSE,T1,BUY,497.61494675729574,96.0,497.41460008830853,497.8126910047458,497.61364554652715
2026-01-02 17:22:40+00:00,NVDA,NYSE,T1,BUY,497.55899827644765,159.0,497.50062691977485,497.6001369961664,497.5503819579706
2026-01-02 17:22:42+00:00,TSLA,ARCA,T1,BUY,244.4430462364081,286.0,244.42071851560615,244.46960754821254,244.44516303190935
2026-01-02 17:22:50+00:00,NVDA,NYSE,T1,SELL,497.55286179799725,92.0,497.3405196193756,497.73855124772246,497.539535433549
2026-01-02 17:22:51+00:00,TSLA,ARCA,T1,SELL,244.53153397722056,121.0,244.50560577753936,244.55451178929604,244.5300587834177
2026-01-02 17:22:58+00:00,NVDA,NYSE,T1,SELL,497.60231778350965,176.0,497.5538028063726,497.6533235190051,497.60356316268883
2026-01-02 17:22:59+00:00,AAPL,NASDAQ,T3,SELL,189.93803347396957,337.0,189.9202757318697,189.9582635858015,189.9392696588356
2026-01-02 17:23:04+00:00,TSLA,ARCA,T1,BUY,244.43733954072403,60.0,244.34623905966114,244.54179427299422,244.44401666632768
2026-01-02 17:23:05+00:00,TSLA,ARCA,T1,BUY,244.4102081461683,286.0,244.24225883735969,244.608897204391,244.42557802087535
2026-01-02 17:23:07+00:00,TSLA,ARCA,T1,SELL,244.45356272212294,173.0,244.4107951598094,244.5085790346483,244.45968709722885
2026-01-02 17:23:11+00:00,AAPL,NASDAQ,T3,BUY,189.92982956839816,150.0,189.91055733014272,189.94854324019977,189.92955028517125
2026-01-02 17:23:15+00:00,AAPL,NASDAQ,T3,BUY,189.9154780147685,213.0,189.89529067965347,189.93327353607506,189.91428210786427
2026-01-02 17:23:16+00:00,MSFT,NYSE,T1,BUY,411.0229864076412,147.0,410.98480276324153,411.0670079443123,411.0259053537769
2026-01-02 17:23:26+00:00,MSFT,NYSE,T1,SELL,411.12839958262174,202.0,411.0842707406969,411.16649581735277,411.12538327902485
2026-01-02 17:23:27+00:00,AAPL,NASDAQ,T3,SELL,189.86652682272032,127.0,189.8292963062957,189.9052432141998,189.86726976024775
2026-01-02 17:23:34+00:00,MSFT,NYSE,T1,BUY,411.1906791170734,229.0,411.15271333614186,411.2349521026858,411.1938327194138
2026-01-02 17:23:39+00:00,TSLA,ARCA,T1,BUY,244.82910756923604,123.0,244.78803296034405,244.88596776048823,244.83700036041614
2026-01-02 17:23:39+00:00,TSLA,ARCA,T1,BUY,244.84350415332207,87.0,244.78803296034405,244.88596776048823,244.83700036041614
2026-01-02 17:23:40+00:00,NVDA,NYSE,T1,SELL,497.67015461446243,134.0,497.6207236878843,497.7202577860317,497.670490736958
2026-01-02 17:23:46+00:00,NVDA,NYSE,T1,BUY,497.84233148011305,82.0,497.79742013736364,497.8969895783352,497.8472048578494
2026-01-02 17:23:47+00:00,TSLA,ARCA,T1,SELL,244.79381460433015,60.0,244.7692918602209,244.81825061446835,244.79377123734463
2026-01-02 17:23:50+00:00,MSFT,NYSE,T1,BUY,411.21149495986043,281.0,411.1258596627284,411.29034290324154,411.20810128298496
2026-01-02 17:23:50+00:00,TSLA,ARCA,T1,BUY,244.78509191251453,131.0,244.73951737398974,244.83743276401734,244.78847506900354
2026-01-02 17:23:54+00:00,AAPL,NASDAQ,T3,BUY,189.65323771067403,74.0,189.62268048019428,189.69854472523537,189.66061260271482
2026-01-02 17:23:55+00:00,MSFT,NYSE,T1,BUY,411.2389435376254,136.0,411.19857174185233,411.28081968099457,411.23969571142345
2026-01-02 17:23:56+00:00,TSLA,ARCA,T1,BUY,244.80658212526944,189.0,244.78306854230803,244.83203005216748,244.80754929723776
2026-01-02 17:23:58+00:00,MSFT,NYSE,T1,BUY,411.28154215887196,477.0,411.2402314190442,411.3224876909552,411.2813595549997
2026-01-02 17:24:10+00:00,MSFT,NYSE,T1,SELL,411.36292965963037,143.0,411.2816867694089,411.4462323532334,411.36395956132117
2026-01-02 17:24:15+00:00,NVDA,NYSE,T1,SELL,497.81153762468944,106.0,497.6361298902883,498.03439810148507,497.8352639958867
2026-01-02 17:24:28+00:00,SPY,ARCA,T2,BUY,461.2971786657769,140.0,460.99467030410307,461.6866813178195,461.3406758109613
2026-01-02 17:24:38+00:00,AAPL,NASDAQ,T3,SELL,189.91765971539792,132.0,189.8335388522877,189.98546645441036,189.90950265334902
2026-01-02 17:24:42+00:00,AAPL,NASDAQ,T3,BUY,189.88065261638087,32.0,189.85969255172597,189.89766828780995,189.87868041976796
2026-01-02 17:24:44+00:00,MSFT,NYSE,T1,SELL,410.98833006839766,102.0,410.947716168732,411.02991393174204,410.988815050237
2026-01-02 17:24:53+00:00,MSFT,NYSE,T1,SELL,410.55207028324895,27.0,410.26340817786144,410.87926518288197,410.5713366803717
2026-01-02 17:25:04+00:00,MSFT,NYSE,T1,BUY,410.5196659929226,176.0,410.4757092021535,410.55781255432913,410.5167608782413
2026-01-02 17:25:13+00:00,MSFT,NYSE,T1,BUY,410.4381923432802,347.0,410.34195937516733,410.5061289928409,410.4240441840041
2026-01-02 17:25:18+00:00,NVDA,NYSE,T1,BUY,497.579176845069,126.0,497.5317917380521,497.63130804803075,497.5815498930414
2026-01-02 17:25:22+00:00,TSLA,ARCA,T1,SELL,244.6910690106513,163.0,244.6485035754692,244.7463825526948,244.697443064082
2026-01-02 17:25:27+00:00,AAPL,NASDAQ,T3,BUY,189.74239872050725,145.0,189.72630813217964,189.76425718871175,189.7452826604457
2026-01-02 17:25:33+00:00,TSLA,ARCA,T1,BUY,244.6750832967717,101.0,244.65366434745226,244.7025999738844,244.67813216066833
2026-01-02 17:25:45+00:00,TSLA,ARCA,T1,SELL,244.84936820477714,262.0,244.79952906184678,244.89746846135142,244.8484987615991
2026-01-02 17:25:47+00:00,TSLA,ARCA,T1,SELL,244.7540791931946,62.0,244.72879758183825,244.77774823642005,244.75327290912915
2026-01-02 17:25:56+00:00,MSFT,NYSE,T1,BUY,410.39410301260153,53.0,410.3545329485393,410.4366120630405,410.3955725057899
2026-01-02 17:25:56+00:00,TSLA,ARCA,T1,BUY,244.92308556495612,281.0,244.89482980923987,244.94381367358812,244.919321741414
2026-01-02 17:26:08+00:00,MSFT,NYSE,T1,BUY,416.4262573423657,205.0,410.2001762539332,410.3642891470134,410.2822327004733
2026-01-02 17:26:08+00:00,NVDA,NYSE,T1,BUY,496.89878545930344,146.0,496.8561921898498,496.9555733664055,496.90588277812765
2026-01-02 17:26:22+00:00,MSFT,NYSE,T1,SELL,410.4653763937178,216.0,410.4205826698113,410.5026749955779,410.4616288326946
2026-01-02 17:26:27+00:00,MSFT,NYSE,T1,BUY,410.51966646618524,115.0,410.47609505089974,410.5581984802528,410.5171467655763
2026-01-02 17:26:29+00:00,MSFT,NYSE,T1,BUY,410.6175945856298,175.0,410.5379388769412,410.70218690209697,410.6200628895191
2026-01-02 17:26:31+00:00,SPY,ARCA,T2,BUY,462.7398318888078,117.0,462.6925494283629,462.7850971930251,462.738823310694
2026-01-02 17:26:33+00:00,SPY,ARCA,T2,BUY,462.64429668965334,46.0,462.59274015461204,462.68526795542306,462.63900405501755
2026-01-02 17:26:35+00:00,SPY,ARCA,T2,SELL,462.70062430394216,40.0,462.64616421682854,462.7387027035205,462.6924334601745
2026-01-02 17:26:35+00:00,SPY,ARCA,T2,BUY,462.7016510795096,161.0,462.64616421682854,462.7387027035205,462.6924334601745
2026-01-02 17:26:40+00:00,TSLA,ARCA,T1,BUY,245.434899486454,79.0,245.3852428929832,245.48341662488676,245.43432975893498
2026-01-02 17:26:42+00:00,NVDA,NYSE,T1,BUY,496.12815446295565,88.0,496.08074060230547,496.17996667303305,496.13035363766926
2026-01-02 17:26:44+00:00,AAPL,NASDAQ,T3,BUY,189.6249420354804,655.0,189.60086598809505,189.63878995368924,189.61982797089215
2026-01-02 17:27:06+00:00,NVDA,NYSE,T1,SELL,496.0694199155842,133.0,496.03586783958394,496.1350849348614,496.0854763872227
2026-01-02 17:27:07+00:00,MSFT,NYSE,T1,BUY,410.4514061793055,324.0,410.41217863288534,410.4942692776764,410.45322395528086
2026-01-02 17:27:10+00:00,MSFT,NYSE,T1,BUY,410.3656327600363,90.0,410.2844486088916,410.44859521765693,410.36652191327425
2026-01-02 17:27:11+00:00,AAPL,NASDAQ,T3,BUY,189.97714877405292,80.0,189.9532175279017,189.99121197085157,189.97221474937663
2026-01-02 17:27:12+00:00,MSFT,NYSE,T1,SELL,410.47169129120505,281.0,410.4282741004453,410.51036796465183,410.4693210325486
2026-01-02 17:27:13+00:00,NVDA,NYSE,T1,BUY,495.95596802325105,284.0,495.7417118789429,496.13846394927424,495.9400879141086
2026-01-02 17:27:17+00:00,MSFT,NYSE,T1,SELL,410.51749767941544,77.0,410.4730735328066,410.5551763577957,410.51412494530115
2026-01-02 17:27:20+00:00,SPY,ARCA,T2,SELL,462.7707622410723,99.0,462.7228254795663,462.8153793000443,462.7691023898053
2026-01-02 17:27:23+00:00,NVDA,NYSE,T1,BUY,496.09438608562635,49.0,496.04409542829706,496.14331416925677,496.0937047987769
2026-01-02 17:27:27+00:00,NVDA,NYSE,T1,SELL,496.0850600741728,526.0,496.03740134603703,496.1366187480465,496.08701004704176
2026-01-02 17:27:27+00:00,TSLA,ARCA,T1,BUY,245.4105577771427,559.0,245.3893106582588,245.4383934286675,245.41385204346315
2026-01-02 17:27:33+00:00,SPY,ARCA,T2,BUY,463.13849608079505,186.0,463.0924768361868,463.18510459432986,463.1387907152583
2026-01-02 17:27:43+00:00,AAPL,NASDAQ,T3,SELL,190.09875574360134,76.0,190.08062719270708,190.11864712013835,190.09963715642272
2026-01-02 17:27:50+00:00,TSLA,ARCA,T1,BUY,245.64297945962204,652.0,245.62065761792402,245.66978666235204,245.64522214013803
2026-01-02 17:27:53+00:00,SPY,ARCA,T2,BUY,462.68373514799055,69.0,462.6391210374108,462.73165811532607,462.68538957636844
2026-01-02 17:27:55+00:00,AAPL,NASDAQ,T3,SELL,189.77661543662182,258.0,189.75830812303488,189.7962635802052,189.77728585162004
2026-01-02 17:27:55+00:00,MSFT,NYSE,T1,BUY,411.29298975761685,106.0,411.24933690834996,411.3315950015409,411.29046595494543
2026-01-02 17:27:59+00:00,MSFT,NYSE,T1,BUY,411.24938280523924,179.0,411.20405123212834,411.2863002672783,411.2451757497033
2026-01-02 17:27:59+00:00,NVDA,NYSE,T1,BUY,496.44004551177665,245.0,496.39480574625645,496.4940946362947,496.44445019127556
2026-01-02 17:28:03+00:00,AAPL,NASDAQ,T3,BUY,189.7264748098701,178.0,189.70716975493232,189.74511498340618,189.72614236916925
2026-01-02 17:28:20+00:00,TSLA,ARCA,T1,BUY,245.68591534718107,331.0,245.6608043572716,245.70994143185052,245.68537289456106
2026-01-02 17:28:23+00:00,SPY,ARCA,T2,BUY,462.813301091092,144.0,462.77130707098746,462.8638705887534,462.81758882987043
2026-01-02 17:28:26+00:00,TSLA,ARCA,T1,SELL,245.64259085301558,129.0,245.59628875430502,245.69454692144018,245.6454178378726
2026-01-02 17:28:27+00:00,NVDA,NYSE,T1,BUY,496.20558638924933,417.0,496.1469968238329,496.24623614713,496.19661648548146
2026-01-02 17:28:31+00:00,SPY,ARCA,T2,BUY,462.9675699860975,114.0,462.92512213487515,463.01771641873046,462.9714192768028
2026-01-02 17:28:40+00:00,TSLA,ARCA,T1,BUY,245.56104941629565,416.0,245.5052663244907,245.60348807537068,245.55437719993068
2026-01-02 17:29:00+00:00,AAPL,NASDAQ,T3,BUY,190.00501337771524,123.0,189.92330231619835,190.07530175782793,189.99930203701314
2026-01-02 17:29:06+00:00,MSFT,NYSE,T1,SELL,410.4778909924229,62.0,410.43728368005054,410.51937934635316,410.47833151320185
2026-01-02 17:29:08+00:00,NVDA,NYSE,T1,BUY,495.7947195232622,335.0,495.7093427988286,495.9076662006285,495.80850449972854
2026-01-02 17:29:11+00:00,SPY,ARCA,T2,SELL,463.1389292139698,220.0,463.09033649054646,463.1829638205775,463.136650155562
2026-01-02 17:29:11+00:00,SPY,ARCA,T2,BUY,463.130127150965,104.0,463.09033649054646,463.1829638205775,463.136650155562
2026-01-02 17:29:20+00:00,AAPL,NASDAQ,T3,BUY,189.96617007570663,397.0,189.94838005930225,189.98637353466162,189.96737679698194
2026-01-02 17:29:20+00:00,AAPL,NASDAQ,T3,SELL,189.96690609561645,498.0,189.94838005930225,189.98637353466162,189.96737679698194
2026-01-02 17:29:22+00:00,TSLA,ARCA,T1,BUY,245.35339312120288,193.0,245.32481575298965,245.37388562312725,245.34935068805845
2026-01-02 17:29:26+00:00,MSFT,NYSE,T1,SELL,410.3706122420569,168.0,410.32307320055594,410.4051460224783,410.3641096115171
2026-01-02 17:29:27+00:00,MSFT,NYSE,T1,BUY,410.3799118213772,105.0,410.33438530042395,410.41646038499243,410.3754228427082
2026-01-02 17:29:29+00:00,AAPL,NASDAQ,T3,BUY,190.04476779214338,182.0,190.0260432416104,190.0640522511597,190.04504774638505
2026-01-02 17:29:31+00:00,NVDA,NYSE,T1,SELL,496.10946680663227,179.0,496.0632802211536,496.16250279945564,496.1128915103046
2026-01-02 17:29:36+00:00,NVDA,NYSE,T1,BUY,496.28219112736735,182.0,496.2375933384682,496.33685078288033,496.28722206067425
2026-01-02 17:29:43+00:00,SPY,ARCA,T2,SELL,463.15535235006104,81.0,463.1090292409171,463.2016603098721,463.1553447753946
2026-01-02 17:29:45+00:00,SPY,ARCA,T2,BUY,462.98498473812964,278.0,462.90172946725266,463.0869271985858,462.9943283329192
2026-01-02 17:29:48+00:00,NVDA,NYSE,T1,SELL,496.2454945856495,256.0,496.05250411569483,496.4495049193088,496.2510045175018
2026-01-02 17:29:50+00:00,MSFT,NYSE,T1,BUY,410.48733033387595,99.0,410.4006931042432,410.5648862201081,410.48278966217566
2026-01-02 17:30:09+00:00,SPY,ARCA,T2,BUY,463.33357440581034,65.0,463.1196759486744,463.49031994703273,463.30499794785356
2026-01-02 17:30:12+00:00,SPY,ARCA,T2,BUY,463.40596445029536,199.0,463.26306824288145,463.63382700097895,463.4484476219302
2026-01-02 17:30:12+00:00,AAPL,NASDAQ,T3,SELL,189.7279911086544,64.0,189.71084230570656,189.748788268764,189.72981528723528
2026-01-02 17:30:15+00:00,MSFT,NYSE,T1,SELL,410.347308934732,421.0,410.30118485147335,410.38325329528806,410.3422190733807
2026-01-02 17:30:23+00:00,MSFT,NYSE,T1,BUY,410.624396459325,64.0,410.5817192583656,410.66384381467293,410.62278153651926
2026-01-02 17:30:23+00:00,TSLA,ARCA,T1,BUY,245.4121463433047,251.0,245.38771389929784,245.4367963503228,245.41225512481032
2026-01-02 17:30:26+00:00,MSFT,NYSE,T1,SELL,410.46378459679175,114.0,410.3803805753899,410.5445655646179,410.4624730700039
2026-01-02 17:30:33+00:00,NVDA,NYSE,T1,BUY,496.25934879425614,114.0,496.19913607901304,496.29838583120403,496.24876095510854
2026-01-02 17:30:50+00:00,SPY,ARCA,T2,BUY,462.6658553261805,115.0,462.57083315972795,462.75589850606116,462.66336583289456
2026-01-02 17:30:59+00:00,NVDA,NYSE,T1,BUY,496.0294551078675,246.0,495.98440512887913,496.08361193058505,496.0340085297321
2026-01-02 17:31:04+00:00,MSFT,NYSE,T1,BUY,409.8501247863221,61.0,409.8138028742852,409.8957738319558,409.8547883531205
2026-01-02 17:31:06+00:00,SPY,ARCA,T2,BUY,462.674100938203,156.0,462.628528588492,462.72106354770557,462.6747960680988
2026-01-02 17:31:15+00:00,SPY,ARCA,T2,SELL,462.93196788137817,81.0,462.84454806323697,463.0297229174331,462.93713549033504
2026-01-02 17:31:22+00:00,AAPL,NASDAQ,T3,SELL,190.08592363338428,52.0,190.06631587185964,190.10433293674052,190.08532440430008
2026-01-02 17:31:29+00:00,TSLA,ARCA,T1,SELL,245.0569362726492,251.0,245.0348607868908,245.08387266023553,245.05936672356316
2026-01-02 17:31:30+00:00,SPY,ARCA,T2,SELL,463.1774375072636,115.0,463.1417663285191,463.23440394554655,463.18808513703283
2026-01-02 17:31:54+00:00,AAPL,NASDAQ,T3,SELL,189.81345668238765,130.0,189.77393677481473,189.8498615344766,189.81189915464566
2026-01-02 17:31:59+00:00,TSLA,ARCA,T1,BUY,244.85673368254112,110.0,244.83010254607075,244.87907346367172,244.85458800487123
2026-01-02 17:32:01+00:00,TSLA,ARCA,T1,BUY,244.93697689164097,149.0,244.89187376426247,244.98985010903715,244.9408619366498
2026-01-02 17:32:22+00:00,TSLA,ARCA,T1,SELL,244.67188262432796,135.0,244.62179656575853,244.7196648580433,244.67073071190092
2026-01-02 17:32:22+00:00,AAPL,NASDAQ,T3,SELL,189.4763646105656,259.0,189.43641737563686,189.5122071005321,189.47431223808448
2026-01-02 17:32:23+00:00,SPY,ARCA,T2,SELL,463.123816509813,121.0,463.0751825563633,463.16780685530443,463.12149470583387
2026-01-02 17:32:28+00:00,SPY,ARCA,T2,SELL,463.2535067281927,143.0,463.20493776516355,463.2975880177419,463.2512628914527
2026-01-02 17:32:30+00:00,MSFT,NYSE,T1,BUY,409.11673355125583,106.0,409.0238066464604,409.18744889756925,409.1056277720148
2026-01-02 17:32:35+00:00,NVDA,NYSE,T1,BUY,496.25435222624816,42.0,496.06370878319564,496.46071855413055,496.2622136686631
2026-01-02 17:32:37+00:00,AAPL,NASDAQ,T3,SELL,189.5673787623025,106.0,189.55097691134787,189.58889089812882,189.56993390473835
2026-01-02 17:32:39+00:00,MSFT,NYSE,T1,SELL,409.09327997612,231.0,409.05070122423825,409.13251954631534,409.0916103852768
2026-01-02 17:32:45+00:00,AAPL,NASDAQ,T3,BUY,189.50386550011672,124.0,189.48730671533548,189.5252079668037,189.50625734106958
2026-01-02 17:32:47+00:00,MSFT,NYSE,T1,BUY,408.6956047838515,80.0,408.6477361952381,408.7294739162492,408.68860505574366
2026-01-02 17:32:52+00:00,NVDA,NYSE,T1,BUY,496.26576993643664,257.0,496.1740840037839,496.37259333925255,496.2733386715182
2026-01-02 17:33:04+00:00,SPY,ARCA,T2,SELL,463.71190123019295,137.0,463.6699799541969,463.7627232245148,463.71635158935584
2026-01-02 17:33:11+00:00,TSLA,ARCA,T1,BUY,244.93919244558603,159.0,244.91229355356103,244.96128091100746,244.93678723228425
2026-01-02 17:33:13+00:00,NVDA,NYSE,T1,SELL,496.2271539281744,147.0,496.1683594642902,496.2676030605426,496.2179812624164
2026-01-02 17:33:17+00:00,MSFT,NYSE,T1,SELL,408.6506930406026,107.0,408.36518789154957,408.97819542904006,408.6716916602948
2026-01-02 17:33:18+00:00,TSLA,ARCA,T1,BUY,245.01937652481817,191.0,244.99585852878755,245.0448626009005,245.02036056484403
2026-01-02 17:33:30+00:00,SPY,ARCA,T2,SELL,463.59201589278234,420.0,463.5406209962254,463.63333839216426,463.58697969419484
2026-01-02 17:33:36+00:00,AAPL,NASDAQ,T3,SELL,189.76783539770042,187.0,189.74892058662385,189.78687416609915,189.7678973763615
2026-01-02 17:33:40+00:00,SPY,ARCA,T2,SELL,463.42416571375674,166.0,463.37973105973816,463.4724162744715,463.42607366710484
2026-01-02 17:33:45+00:00,SPY,ARCA,T2,BUY,463.3252046842946,68.0,463.1274923729656,463.4981426269656,463.3128174999656
2026-01-02 17:33:45+00:00,TSLA,ARCA,T1,SELL,245.02054334692886,167.0,244.9743563720931,245.07236571651083,245.02336104430196
2026-01-02 17:33:46+00:00,TSLA,ARCA,T1,BUY,245.0533630126207,56.0,245.0292485284595,245.07825927924029,245.0537539038499
2026-01-02 17:33:47+00:00,MSFT,NYSE,T1,SELL,408.98446544202795,163.0,408.8135927595174,409.1407745064238,408.9771836329706
2026-01-02 17:33:50+00:00,NVDA,NYSE,T1,SELL,489.4803734474527,122.0,496.3835469245118,496.48283356256053,496.43319024353616
2026-01-02 17:33:53+00:00,SPY,ARCA,T2,BUY,463.3109085809445,289.0,463.22283651746517,463.4081627173121,463.31549961738864
2026-01-02 17:33:58+00:00,NVDA,NYSE,T1,BUY,496.2880619678622,110.0,496.23777819859293,496.33703567998083,496.2874069392869
2026-01-02 17:34:00+00:00,AAPL,NASDAQ,T3,SELL,189.76331021389595,65.0,189.74463541526848,189.78258813762375,189.7636117764461
2026-01-02 17:34:00+00:00,NVDA,NYSE,T1,BUY,496.40576787928865,41.0,496.3560830009959,496.45536414571063,496.40572357335327
2026-01-02 17:34:04+00:00,MSFT,NYSE,T1,BUY,408.96863357028707,127.0,408.9278206364918,409.0096143799934,408.9687175082426
2026-01-02 17:34:09+00:00,NVDA,NYSE,T1,BUY,496.3024525315754,135.0,496.2485811385749,496.3478407807668,496.2982109596708
2026-01-02 17:34:12+00:00,AAPL,NASDAQ,T3,BUY,189.71308576482005,222.0,189.69771142956242,189.73565476618197,189.7166830978722
2026-01-02 17:34:16+00:00,SPY,ARCA,T2,SELL,462.8738595893999,246.0,462.82946307900755,462.9220382291384,462.875750654073
2026-01-02 17:34:17+00:00,NVDA,NYSE,T1,SELL,496.4219687484225,193.0,496.38030368263355,496.47958967196905,496.4299466773013
2026-01-02 17:34:20+00:00,NVDA,NYSE,T1,BUY,496.5893243210657,250.0,496.39000896335864,496.7872798788955,496.58864442112707
2026-01-02 17:34:20+00:00,NVDA,NYSE,T1,BUY,496.61322415083293,212.0,496.39000896335864,496.7872798788955,496.58864442112707
2026-01-02 17:34:26+00:00,NVDA,NYSE,T1,SELL,496.4813773831635,62.0,496.42724363624546,496.52653901451055,496.476891325378
2026-01-02 17:34:27+00:00,NVDA,NYSE,T1,BUY,496.39238840920615,183.0,496.3430292676509,496.44230780135774,496.3926685345043
2026-01-02 17:34:28+00:00,AAPL,NASDAQ,T3,BUY,189.8316609560416,151.0,189.8164258716019,189.85439295348442,189.83540941254316
2026-01-02 17:34:31+00:00,SPY,ARCA,T2,BUY,462.75590740806814,56.0,462.6662816630707,462.85138519644266,462.7588334297567
2026-01-02 17:34:33+00:00,SPY,ARCA,T2,BUY,462.71599484706155,403.0,462.6677224725492,462.7602652713236,462.7139938719364
2026-01-02 17:34:39+00:00,TSLA,ARCA,T1,SELL,245.56143766424802,107.0,245.3634739405628,245.73179539256267,245.54763466656274
2026-01-02 17:34:40+00:00,NVDA,NYSE,T1,BUY,496.7300992540652,54.0,496.64751419014794,496.84621293557313,496.74686356286054
2026-01-02 17:34:44+00:00,TSLA,ARCA,T1,BUY,245.7642273526971,207.0,245.73834352418297,245.7874961081462,245.76291981616458
2026-01-02 17:34:47+00:00,MSFT,NYSE,T1,SELL,408.1219973715721,134.0,408.03409865135825,408.1973449400765,408.1157217957174
2026-01-02 17:34:52+00:00,MSFT,NYSE,T1,SELL,408.3917796115475,171.0,408.35258624273723,408.43426492785426,408.39342558529574
2026-01-02 17:35:01+00:00,NVDA,NYSE,T1,SELL,496.62024118007787,74.0,496.56762618716465,496.66694964474783,496.61728791595624
2026-01-02 17:35:11+00:00,TSLA,ARCA,T1,BUY,245.83551314364792,121.0,245.81205188522804,245.86121921233777,245.8366355487829
2026-01-02 17:35:13+00:00,TSLA,ARCA,T1,SELL,245.85348451381785,256.0,245.82563824509933,245.8748082897528,245.85022326742606
2026-01-02 17:35:15+00:00,AAPL,NASDAQ,T3,SELL,189.8787059052269,154.0,189.8348618689754,189.9108110035499,189.87283643626265
2026-01-02 17:35:16+00:00,NVDA,NYSE,T1,SELL,497.3223681156682,161.0,497.12456620005565,497.5224249965343,497.323495598295
2026-01-02 17:35:22+00:00,NVDA,NYSE,T1,BUY,497.5734107396894,83.0,497.5302433098972,497.6297593101592,497.5800013100282
2026-01-02 17:35:24+00:00,SPY,ARCA,T2,BUY,462.43403423472824,152.0,462.3892494398221,462.48173653841997,462.43549298912103
2026-01-02 17:35:26+00:00,SPY,ARCA,T2,SELL,462.35522628005094,174.0,462.3019999253223,462.3944695722721,462.3482347487972
2026-01-02 17:35:28+00:00,MSFT,NYSE,T1,BUY,408.20183755458015,489.0,408.16580789691136,408.24744922262335,408.20662855976735
2026-01-02 17:35:31+00:00,AAPL,NASDAQ,T3,SELL,189.82319349595502,82.0,189.80157545994328,189.8395395714464,189.82055751569484
2026-01-02 17:35:31+00:00,MSFT,NYSE,T1,SELL,408.00823104369414,515.0,407.97302631954307,408.0546290850835,408.0138277023133
2026-01-02 17:35:31+00:00,SPY,ARCA,T2,BUY,462.21881052391524,120.0,462.17122023600007,462.2636637243961,462.2174419801981
2026-01-02 17:35:31+00:00,MSFT,NYSE,T1,BUY,408.0136783356466,54.0,407.97302631954307,408.0546290850835,408.0138277023133
2026-01-02 17:35:32+00:00,NVDA,NYSE,T1,BUY,497.32526673021215,182.0,497.09429571957116,497.49213028997497,497.29321300477307
2026-01-02 17:35:33+00:00,AAPL,NASDAQ,T3,BUY,189.7679288867487,178.0,189.74853268086397,189.78648618275034,189.76750943180716
2026-01-02 17:35:34+00:00,TSLA,ARCA,T1,SELL,245.75055142445993,327.0,245.7251766048541,245.77432655517012,245.74975158001212
2026-01-02 17:35:39+00:00,TSLA,ARCA,T1,BUY,245.8229844009235,255.0,245.79937350616166,245.84853829734203,245.82395590175184
2026-01-02 17:35:39+00:00,SPY,ARCA,T2,SELL,462.30415839768824,128.0,462.26018898055423,462.35265026447877,462.3064196225165
2026-01-02 17:35:44+00:00,TSLA,ARCA,T1,SELL,245.94502156267308,68.0,245.89231138970342,245.99068798957927,245.94149968964135
2026-01-02 17:35:50+00:00,TSLA,ARCA,T1,SELL,245.9135291338965,90.0,245.8199433070624,246.01667795556747,245.91831063131494
2026-01-02 17:36:03+00:00,NVDA,NYSE,T1,BUY,497.44536215569826,180.0,497.39866070441656,497.4981503855256,497.4484055449711
2026-01-02 17:36:16+00:00,TSLA,ARCA,T1,BUY,245.8992165758546,125.0,245.8734662307295,245.92264584193674,245.89805603633312
2026-01-02 17:36:21+00:00,NVDA,NYSE,T1,BUY,497.3125148280525,78.0,497.200197413438,497.39911727637593,497.29965734490696
2026-01-02 17:36:30+00:00,SPY,ARCA,T2,SELL,462.2833676746251,147.0,462.241788795043,462.3342463985624,462.2880175968027
2026-01-02 17:36:30+00:00,SPY,ARCA,T2,BUY,462.2801455504134,185.0,462.241788795043,462.3342463985624,462.2880175968027
2026-01-02 17:36:33+00:00,AAPL,NASDAQ,T3,BUY,189.80210376875783,165.0,189.78343084907615,189.82139133129417,189.80241109018516
2026-01-02 17:36:55+00:00,AAPL,NASDAQ,T3,SELL,189.85530156202057,248.0,189.83838799821683,189.87635947296394,189.8573737355904
2026-01-02 17:37:04+00:00,MSFT,NYSE,T1,BUY,407.46883692268375,225.0,407.3950068625622,407.5579974634274,407.4765021629948
2026-01-02 17:37:12+00:00,MSFT,NYSE,T1,BUY,407.52439633044406,99.0,407.47972517292885,407.5612292683729,407.5204772206509
2026-01-02 17:37:14+00:00,SPY,ARCA,T2,SELL,462.19335837616376,340.0,462.08801818644514,462.2728903681561,462.1804542773006
2026-01-02 17:37:20+00:00,AAPL,NASDAQ,T3,SELL,189.97438342687974,131.0,189.9542936247935,189.99228828298428,189.9732909538889
2026-01-02 17:37:21+00:00,AAPL,NASDAQ,T3,BUY,189.96695892611217,104.0,189.9523747704598,189.99036904484132,189.97137190765056
2026-01-02 17:37:24+00:00,TSLA,ARCA,T1,SELL,245.7380541157835,257.0,245.71065842128024,245.75980546766914,245.7352319444747
2026-01-02 17:37:26+00:00,SPY,ARCA,T2,BUY,462.6174517274631,242.0,462.5631615935785,462.6556834780857,462.6094225358321
2026-01-02 17:37:26+00:00,TSLA,ARCA,T1,BUY,245.70562087448243,109.0,245.67687426511588,245.7260145539978,245.70144440955684
2026-01-02 17:37:27+00:00,AAPL,NASDAQ,T3,BUY,190.01727486045445,101.0,189.99674376394827,190.034746913016,190.01574533848213
2026-01-02 17:37:28+00:00,AAPL,NASDAQ,T3,SELL,189.9826047591526,258.0,189.96775153876538,190.00574888880814,189.98675021378676
2026-01-02 17:37:30+00:00,TSLA,ARCA,T1,SELL,245.83277271266633,233.0,245.78493977187827,245.88327341451554,245.8341065931969
2026-01-02 17:37:30+00:00,AAPL,NASDAQ,T3,BUY,189.94410319163723,82.0,189.92822440972338,189.96621385354973,189.94721913163656
2026-01-02 17:37:32+00:00,NVDA,NYSE,T1,BUY,497.3841488962053,489.0,497.3437361650036,497.44321486010614,497.39347551255486
2026-01-02 17:37:32+00:00,AAPL,NASDAQ,T3,BUY,189.93595459664112,310.0,189.89961621746303,189.9755912589583,189.93760373821067
2026-01-02 17:37:33+00:00,AAPL,NASDAQ,T3,BUY,189.9532473483843,133.0,189.9193941520097,189.99537710626132,189.9573856291355
2026-01-02 17:37:34+00:00,NVDA,NYSE,T1,SELL,497.3721829435434,67.0,497.25692337120375,497.4558659290638,497.3563946501338
2026-01-02 17:37:43+00:00,MSFT,NYSE,T1,SELL,406.78636089294685,324.0,406.7478392487912,406.82919695241134,406.78851810060127
2026-01-02 17:38:00+00:00,AAPL,NASDAQ,T3,SELL,189.78729976653312,73.0,189.75510528977708,189.83102251533808,189.79306390255758
2026-01-02 17:38:12+00:00,NVDA,NYSE,T1,SELL,497.6812538666672,96.0,497.58389889762367,497.78297227185755,497.6834355847406
2026-01-02 17:38:18+00:00,TSLA,ARCA,T1,BUY,245.6357029468468,75.0,245.61132055675688,245.6604477335859,245.6358841451714
2026-01-02 17:38:21+00:00,NVDA,NYSE,T1,SELL,497.8205440337318,75.0,497.7695570352742,497.869120903068,497.8193389691711
2026-01-02 17:38:22+00:00,MSFT,NYSE,T1,BUY,406.2439670423704,41.0,406.1653006651676,406.32779928515765,406.2465499751626
2026-01-02 17:38:22+00:00,MSFT,NYSE,T1,BUY,406.2489550242975,138.0,406.1653006651676,406.32779928515765,406.2465499751626
2026-01-02 17:38:25+00:00,TSLA,ARCA,T1,BUY,245.57920274364994,213.0,245.5543842681564,245.60350005658887,245.57894216237264
2026-01-02 17:38:25+00:00,MSFT,NYSE,T1,BUY,406.17700064241797,191.0,406.0787791058933,406.24124311033654,406.16001110811493
2026-01-02 17:38:30+00:00,SPY,ARCA,T2,SELL,462.77951440949755,205.0,462.4153219190624,463.109465509634,462.7623937143482
2026-01-02 17:38:31+00:00,MSFT,NYSE,T1,SELL,406.18157231835033,195.0,406.09206163435783,406.25453095287526,406.17329629361654
2026-01-02 17:38:34+00:00,SPY,ARCA,T2,BUY,462.7642737396457,146.0,462.5748191187758,462.94502705724625,462.759923088011
2026-01-02 17:38:46+00:00,AAPL,NASDAQ,T3,BUY,189.4408415246345,269.0,189.40216892829903,189.4779449510749,189.44005693968697
2026-01-02 17:38:46+00:00,TSLA,ARCA,T1,SELL,245.3066664494362,170.0,245.28504894229403,245.3341108582741,245.30957990028406
2026-01-02 17:38:46+00:00,NVDA,NYSE,T1,SELL,498.014601247925,127.0,497.9677157639361,498.0673192674392,498.01751751568764
2026-01-02 17:38:48+00:00,NVDA,NYSE,T1,SELL,497.99643012809844,93.0,497.9449045119207,498.04450345271715,497.9947039823189
2026-01-02 17:38:55+00:00,TSLA,ARCA,T1,BUY,245.37605116622794,90.0,245.34893705923562,245.39801175411694,245.37347440667628
2026-01-02 17:38:55.045000+00:00,TSLA,ARCA,T1,BUY,245.3019921783329,266.0,245.27657315021136,245.32563337086347,245.30110326053742
2026-01-02 17:38:55.082000+00:00,TSLA,ARCA,T1,SELL,245.42797723000936,59.0,245.3334351849097,245.52978047117213,245.4316078280409
2026-01-02 17:38:55.192000+00:00,TSLA,ARCA,T1,BUY,245.12021668507438,348.0,245.093111214442,245.14213473903732,245.11762297673965
2026-01-02 17:38:55.195000+00:00,TSLA,ARCA,T1,SELL,244.80887797864042,119.0,244.7824993194215,244.831460715425,244.80698001742326
2026-01-02 17:38:55.228000+00:00,TSLA,ARCA,T1,SELL,244.64381307223707,155.0,244.5963574645896,244.69421557919836,244.64528652189398
2026-01-02 17:38:55.228000+00:00,TSLA,ARCA,T1,BUY,244.70690242937476,105.0,244.6880358226652,244.73697832407987,244.71250707337254
2026-01-02 17:38:55.240000+00:00,TSLA,ARCA,T1,BUY,244.76412951881647,311.0,244.70999589803313,244.80789947710815,244.75894768757064
2026-01-02 17:38:55.288000+00:00,TSLA,ARCA,T1,BUY,245.02174092820337,149.0,244.99748583745344,245.04649023506067,245.02198803625706
2026-01-02 17:38:55.301000+00:00,TSLA,ARCA,T1,SELL,244.66382465330125,86.0,244.6117354582466,244.7095997252833,244.66066759176496
2026-01-02 17:38:55.304000+00:00,TSLA,ARCA,T1,SELL,245.4754522174012,151.0,245.42233369111543,245.52052226230612,245.47142797671077
2026-01-02 17:38:55.310000+00:00,TSLA,ARCA,T1,SELL,244.96701411906548,103.0,244.94136505645122,244.99035822877977,244.9658616426155
2026-01-02 17:38:55.338000+00:00,TSLA,ARCA,T1,BUY,245.83202622888226,105.0,245.80339646762428,245.85256206347736,245.82797926555082
2026-01-02 17:38:55.368000+00:00,TSLA,ARCA,T1,BUY,245.15693054667923,193.0,245.13323469198323,245.18226624207662,245.15775046702993
2026-01-02 17:38:55.375000+00:00,TSLA,ARCA,T1,SELL,245.98766380014786,145.0,245.96200822725766,246.01120554863522,245.98660688794644
2026-01-02 17:38:55.480000+00:00,TSLA,ARCA,T1,SELL,245.30894368083264,167.0,245.2799836664303,245.32904456925385,245.30451411784207
2026-01-02 17:38:55.483000+00:00,TSLA,ARCA,T1,SELL,245.5354708865654,88.0,245.51110676086847,245.56021389293386,245.53566032690117
2026-01-02 17:38:55.550000+00:00,TSLA,ARCA,T1,BUY,245.59085271805498,174.0,245.57199752265626,245.62111683409194,245.5965571783741
2026-01-02 17:38:55.612000+00:00,TSLA,ARCA,T1,BUY,245.2719464088452,118.0,245.24898991725055,245.29804462070436,245.27351726897746
2026-01-02 17:38:55.648000+00:00,TSLA,ARCA,T1,SELL,245.92850738140126,43.0,245.90356213895328,245.95274776994418,245.92815495444873
2026-01-02 17:38:55.806000+00:00,TSLA,ARCA,T1,SELL,245.0033034400601,245.0,244.94762558344237,245.04562423340573,244.99662490842405
2026-01-02 17:38:55.858000+00:00,TSLA,ARCA,T1,SELL,244.8880647150374,59.0,244.8596506729712,244.9086275007886,244.8841390868799
2026-01-02 17:38:55.864000+00:00,TSLA,ARCA,T1,SELL,244.9660195381083,105.0,244.93781932877212,244.9868117918842,244.96231556032816
2026-01-02 17:38:55.868000+00:00,TSLA,ARCA,T1,SELL,245.0103681630517,51.0,244.9854654973518,245.03446749065063,245.00996649400122
2026-01-02 17:38:55.874000+00:00,TSLA,ARCA,T1,BUY,245.81270552919938,234.0,245.75872094381938,245.85704409682754,245.80788252032346
2026-01-02 17:38:55.928000+00:00,TSLA,ARCA,T1,SELL,245.5678027860555,42.0,245.54413824527208,245.59325198429505,245.56869511478357
2026-01-02 17:38:55.935000+00:00,TSLA,ARCA,T1,SELL,245.2250477213405,214.0,245.20663056614148,245.25567679687776,245.23115368150962
2026-01-02 17:38:56.036000+00:00,TSLA,ARCA,T1,BUY,245.91921107499195,123.0,245.71839724692768,246.08725148347548,245.90282436520158
2026-01-02 17:38:56.080000+00:00,TSLA,ARCA,T1,SELL,245.15030405398556,136.0,245.1289960045142,245.17802670678532,245.15351135564975
2026-01-02 17:38:56.122000+00:00,TSLA,ARCA,T1,BUY,245.4062600775657,145.0,245.35909634318824,245.45725961437978,245.408177978784
2026-01-02 17:38:56.140000+00:00,TSLA,ARCA,T1,SELL,245.2533303673232,88.0,245.23262286023078,245.28167428994578,245.25714857508828
2026-01-02 17:38:56.170000+00:00,TSLA,ARCA,T1,SELL,246.11592461110516,396.0,246.09033588809848,246.13955887757504,246.11494738283676
2026-01-02 17:38:56.368000+00:00,TSLA,ARCA,T1,SELL,244.955215811461,930.0,244.85694710426154,245.05291104752226,244.9549290758919
2026-01-02 17:38:56.554000+00:00,TSLA,ARCA,T1,SELL,245.00305613011298,165.0,244.9816809129172,245.0306821492234,245.0061815310703
2026-01-02 17:38:56.632000+00:00,TSLA,ARCA,T1,SELL,244.18284618613512,799.0,244.15776184739633,244.2065982834094,244.18218006540286
2026-01-02 17:38:56.722000+00:00,TSLA,ARCA,T1,SELL,244.74399751052152,146.0,244.69021956407803,244.78811523103704,244.73916739755754
2026-01-02 17:38:56.836000+00:00,TSLA,ARCA,T1,SELL,245.93122869426972,38.0,245.71839724692768,246.08725148347548,245.90282436520158
2026-01-02 17:38:56.855000+00:00,TSLA,ARCA,T1,SELL,245.2763576059136,179.0,245.22810683361786,245.32621769852426,245.27716226607106
2026-01-02 17:38:57.115000+00:00,TSLA,ARCA,T1,BUY,244.2241789843236,83.0,244.19846876008376,244.24731333829357,244.22289104918866
2026-01-02 17:38:57.233000+00:00,TSLA,ARCA,T1,BUY,245.95051634851103,167.0,245.8985753978733,245.99695450385366,245.94776495086347
2026-01-02 17:38:57.279000+00:00,TSLA,ARCA,T1,BUY,244.70469939359845,164.0,244.65301157258494,244.75089235337015,244.70195196297755
2026-01-02 17:38:57.385000+00:00,TSLA,ARCA,T1,SELL,244.37492602257376,256.0,244.1866310029651,244.5531858656165,244.3699084342908
2026-01-02 17:38:57.420000+00:00,TSLA,ARCA,T1,SELL,244.6522493459667,167.0,244.62516163323858,244.67409155855773,244.64962659589816
2026-01-02 17:38:57.449000+00:00,TSLA,ARCA,T1,SELL,245.6675271869097,423.0,245.64559119579917,245.6947252274415,245.67015821162033
2026-01-02 17:38:57.622000+00:00,TSLA,ARCA,T1,BUY,244.39406018891694,450.0,244.37193777429187,244.42081704977429,244.39637741203308
2026-01-02 17:38:57.646000+00:00,TSLA,ARCA,T1,SELL,244.25460461852535,202.0,244.15281620028608,244.34821661341155,244.25051640684882
2026-01-02 17:38:57.700000+00:00,TSLA,ARCA,T1,BUY,245.18587199465017,107.0,245.16243686606637,245.2114742571787,245.18695556162254
2026-01-02 17:38:58.003000+00:00,TSLA,ARCA,T1,SELL,244.89380046783177,121.0,244.86786959873953,244.91684807050646,244.892358834623
2026-01-02 17:38:58.160000+00:00,TSLA,ARCA,T1,BUY,244.92033893921663,371.0,244.8958807518663,244.94486482642412,244.9203727891452
2026-01-02 17:38:58.234000+00:00,TSLA,ARCA,T1,BUY,244.7724142955901,70.0,244.75360581087955,244.8025614276034,244.77808361924147
2026-01-02 17:38:59+00:00,MSFT,NYSE,T1,BUY,406.82021447883136,159.0,406.7855262270222,406.86689146879183,406.826208847907
2026-01-02 17:39:05+00:00,MSFT,NYSE,T1,BUY,406.6336690862857,138.0,406.4706764206789,406.79598308448095,406.6333297525799
2026-01-02 17:39:08+00:00,NVDA,NYSE,T1,SELL,498.22607200564545,95.0,498.1763732458872,498.2760184850603,498.22619586547376
2026-01-02 17:39:17+00:00,MSFT,NYSE,T1,BUY,406.28014822379816,149.0,406.2390961121794,406.32035205699634,406.2797240845879
2026-01-02 17:39:21+00:00,MSFT,NYSE,T1,SELL,406.31537512996016,248.0,406.27472365935586,406.3559867303948,406.31535519487534
2026-01-02 17:39:31+00:00,MSFT,NYSE,T1,SELL,406.13195993551955,89.0,406.046900229326,406.20935147966776,406.1281258544969
2026-01-02 17:39:38+00:00,SPY,ARCA,T2,SELL,462.2062982090015,82.0,462.16462223809265,462.2570644067571,462.21084332242486
2026-01-02 17:39:43+00:00,MSFT,NYSE,T1,SELL,406.4203367827435,404.0,406.3826736595101,406.46395832270827,406.4233159911092
2026-01-02 17:39:49+00:00,MSFT,NYSE,T1,BUY,406.6517879109081,219.0,406.57997622755727,406.742640750953,406.66130848925513
2026-01-02 17:39:56+00:00,MSFT,NYSE,T1,BUY,406.8778256460951,172.0,406.83457757336765,406.91595262638765,406.87526509987765
2026-01-02 17:40:00+00:00,AAPL,NASDAQ,T3,BUY,189.6611399776092,87.0,189.62752550329958,189.70339168673758,189.66545859501858
2026-01-02 17:40:12+00:00,AAPL,NASDAQ,T3,BUY,189.71423381321472,283.0,189.67704025293946,189.7529262462393,189.71498324958938
2026-01-02 17:40:24+00:00,AAPL,NASDAQ,T3,BUY,189.600616576933,185.0,189.52959867394566,189.68128302662586,189.60544085028576
2026-01-02 17:40:42+00:00,NVDA,NYSE,T1,SELL,496.7812852391376,614.0,496.73445993939293,496.8338167670635,496.78413835322823
2026-01-02 17:40:44+00:00,MSFT,NYSE,T1,BUY,406.73923356714147,97.0,406.70565445766334,406.7870037234814,406.7463290905724
2026-01-02 17:40:48+00:00,MSFT,NYSE,T1,BUY,406.70375931331347,266.0,406.66017560637005,406.7415157755083,406.70084569093916
2026-01-02 17:40:51+00:00,MSFT,NYSE,T1,SELL,406.7139294275245,59.0,406.6398067514449,406.8024952118376,406.72115098164124
2026-01-02 17:40:51+00:00,SPY,ARCA,T2,BUY,462.36931286359123,107.0,462.3201751245781,462.4126484069312,462.36641176575466
2026-01-02 17:40:54+00:00,MSFT,NYSE,T1,BUY,406.6485395786652,92.0,406.6048637646584,406.68619287032186,406.6455283174901
2026-01-02 17:41:04+00:00,NVDA,NYSE,T1,BUY,496.9424503044196,241.0,496.8948203139564,496.99420921690955,496.944514765433
2026-01-02 17:41:23+00:00,NVDA,NYSE,T1,SELL,497.16878788180577,386.0,497.1215513599153,497.2209856136127,497.171268486764
2026-01-02 17:41:24+00:00,NVDA,NYSE,T1,BUY,497.1760914374769,186.0,497.07943633203496,497.27830788087755,497.17887210645625
2026-01-02 17:41:27+00:00,SPY,ARCA,T2,BUY,462.2262322787763,262.0,462.1817682047958,462.2742138029966,462.2279910038962
2026-01-02 17:41:43+00:00,SPY,ARCA,T2,SELL,462.3293939925535,194.0,462.2797801672715,462.37224536982524,462.32601276854837
2026-01-02 17:41:46+00:00,AAPL,NASDAQ,T3,SELL,189.80295498817688,150.0,189.7853579744117,189.82331884209336,189.80433840825253
2026-01-02 17:41:53+00:00,MSFT,NYSE,T1,BUY,406.7497722083794,78.0,406.7031479332449,406.784496697708,406.74382231547645
2026-01-02 17:41:59+00:00,SPY,ARCA,T2,SELL,461.8797240375819,101.0,461.79295501668906,461.97770914952235,461.8853320831057
2026-01-02 17:41:59+00:00,SPY,ARCA,T2,BUY,456.96512340443576,149.0,461.79295501668906,461.97770914952235,461.8853320831057
2026-01-02 17:42:03+00:00,MSFT,NYSE,T1,BUY,406.88434681541673,144.0,406.8426294579009,406.9240061214589,406.8833177896799
2026-01-02 17:42:07+00:00,NVDA,NYSE,T1,BUY,497.79299517129175,627.0,497.74737333787715,497.84693276848776,497.79715305318246
2026-01-02 17:42:18+00:00,NVDA,NYSE,T1,BUY,497.7218219897678,425.0,497.6141402574131,497.81322573061067,497.7136829940119
2026-01-02 17:42:30+00:00,MSFT,NYSE,T1,BUY,407.44009518410127,284.0,407.39750081089073,407.47898845981786,407.4382446353543
2026-01-02 17:42:32+00:00,MSFT,NYSE,T1,SELL,407.4094330820997,409.0,407.2480061790677,407.5739349555215,407.4109705672946
2026-01-02 17:42:34+00:00,SPY,ARCA,T2,SELL,462.641201403021,392.0,462.5931524464427,462.6856803297203,462.6394163880815
2026-01-02 17:42:35+00:00,SPY,ARCA,T2,SELL,462.59525055074886,222.0,462.55047778846074,462.64299713595324,462.596737462207
2026-01-02 17:42:43+00:00,SPY,ARCA,T2,SELL,462.6222977478312,201.0,462.5721938368379,462.66471752797446,462.6184556824062
2026-01-02 17:42:46+00:00,AAPL,NASDAQ,T3,BUY,190.0052547570779,65.0,189.98772673716127,190.02572808264324,190.00672740990225
2026-01-02 17:42:51+00:00,SPY,ARCA,T2,BUY,462.5827036784793,349.0,462.53870158365675,462.6312185756727,462.5849600796647
2026-01-02 17:42:54+00:00,MSFT,NYSE,T1,SELL,407.2160106236323,339.0,407.0632171399114,407.38899802597774,407.22610758294456
2026-01-02 17:42:54+00:00,NVDA,NYSE,T1,BUY,497.63090542702696,141.0,497.42437950181335,497.822478244912,497.6234288733627
2026-01-02 17:43:00+00:00,NVDA,NYSE,T1,SELL,497.533094896757,382.0,497.3400337678564,497.73806500736646,497.53904938761144
2026-01-02 17:43:09+00:00,MSFT,NYSE,T1,BUY,407.25548496033076,112.0,407.2114659520536,407.2929163902878,407.2521911711707
2026-01-02 17:43:10+00:00,NVDA,NYSE,T1,BUY,497.4660661634171,146.0,497.41374983405524,497.513242533292,497.4634961836736
2026-01-02 17:43:13+00:00,AAPL,NASDAQ,T3,SELL,190.18856235015545,226.0,190.17166159503643,190.20969973116905,190.19068066310274
2026-01-02 17:43:22+00:00,AAPL,NASDAQ,T3,SELL,190.20556267982533,133.0,190.18630387262291,190.2243449375039,190.2053244050634
2026-01-02 17:43:24+00:00,AAPL,NASDAQ,T3,SELL,190.20606907237172,63.0,190.18447773546174,190.2225184350788,190.20349808527027
2026-01-02 17:43:34+00:00,NVDA,NYSE,T1,SELL,496.94198968810304,80.0,496.8994329504664,496.99882277603905,496.9491278632527
2026-01-02 17:43:46+00:00,AAPL,NASDAQ,T3,BUY,190.252272524723,248.0,190.23322241481222,190.27127286434015,190.25224763957618
2026-01-02 17:43:51+00:00,MSFT,NYSE,T1,SELL,407.8745355799068,12850.0,407.8348966513458,407.91647178818977,407.8756842197678
2026-01-02 17:43:51+00:00,AAPL,NASDAQ,T3,SELL,190.21657568069026,83.0,190.19452442020398,190.23256712935896,190.21354577478147
2026-01-02 17:43:58+00:00,AAPL,NASDAQ,T3,BUY,190.07870598793113,80.0,190.06274421448163,190.1007605649596,190.0817523897206
2026-01-02 17:44:01+00:00,AAPL,NASDAQ,T3,BUY,190.13460102115172,67.0,190.09502565995246,190.1710788808606,190.13305227040652
2026-01-02 17:44:04+00:00,NVDA,NYSE,T1,BUY,496.55975775934905,34.0,496.5127986429748,496.6121111339525,496.56245488846366
2026-01-02 17:44:05+00:00,AAPL,NASDAQ,T3,SELL,190.17019662489585,23.0,190.14894453418336,190.18697812644942,190.1679613303164
2026-01-02 17:44:06+00:00,AAPL,NASDAQ,T3,SELL,190.1927289763325,154.0,190.15670612255508,190.23278402058372,190.1947450715694
2026-01-02 17:44:12+00:00,AAPL,NASDAQ,T3,SELL,190.23270113060727,208.0,190.21325312367904,190.2512995789493,190.23227635131417
2026-01-02 17:44:20+00:00,AAPL,NASDAQ,T3,BUY,190.20614377764426,424.0,190.18670829667948,190.22474944245337,190.20572886956643
2026-01-02 17:44:24+00:00,AAPL,NASDAQ,T3,SELL,190.1272810553656,149.0,190.10851576729118,190.1465412729952,190.1275285201432
2026-01-02 17:44:27+00:00,SPY,ARCA,T2,SELL,462.0340444034398,167.0,461.9923587374856,462.0847664500043,462.0385625937449
2026-01-02 17:44:31+00:00,MSFT,NYSE,T1,BUY,407.85322497656523,99.0,407.6778331535741,408.00410592920724,407.8409695413907
2026-01-02 17:44:33+00:00,MSFT,NYSE,T1,BUY,407.66657784167484,135.0,407.6272534804182,407.7087870844747,407.66802028244643
2026-01-02 17:44:43+00:00,AAPL,NASDAQ,T3,BUY,190.03619811226895,194.0,190.00234865157103,190.0783647942602,190.04035672291562
2026-01-02 17:44:45+00:00,SPY,ARCA,T2,BUY,461.2622504821183,74.0,461.17029251747186,461.3547975354824,461.26254502647714
2026-01-02 17:44:46+00:00,MSFT,NYSE,T1,SELL,407.7555799611044,67.0,407.7196572500563,407.801209336715,407.76043329338563
2026-01-02 17:44:50+00:00,SPY,ARCA,T2,SELL,461.1661044615906,140.0,461.07763057438285,461.2620985202018,461.1698645472923
2026-01-02 17:44:59+00:00,NVDA,NYSE,T1,BUY,497.9645860385179,56.0,497.923132679953,498.02272726594765,497.97292997295034
2026-01-02 17:45:06+00:00,SPY,ARCA,T2,SELL,460.88540073847577,128.0,460.8333296014829,460.9255054849915,460.8794175432372
2026-01-02 17:45:12+00:00,MSFT,NYSE,T1,SELL,407.72714770513045,150.0,407.65334048706524,407.81643444205105,407.73488746455814
2026-01-02 17:45:15+00:00,AAPL,NASDAQ,T3,SELL,190.08720769290264,111.0,190.0248839570786,190.17696469654004,190.10092432680932
2026-01-02 17:45:15+00:00,NVDA,NYSE,T1,BUY,498.25383404338896,167.0,498.1973272897802,498.2969767201812,498.2471520049807
2026-01-02 17:45:16+00:00,NVDA,NYSE,T1,BUY,498.20020671098166,122.0,498.1522873997988,498.251927821321,498.2021076105599
2026-01-02 17:45:20+00:00,SPY,ARCA,T2,SELL,460.74940364801705,229.0,460.5413908868389,460.90997143176634,460.7256811593026
2026-01-02 17:45:21+00:00,AAPL,NASDAQ,T3,BUY,190.18008628560568,531.0,190.16262304372935,190.20065937197091,190.18164120785013
2026-01-02 17:45:21+00:00,MSFT,NYSE,T1,SELL,407.85759015170544,222.0,407.8244114552975,407.9059844948925,407.865197975095
2026-01-02 17:45:24+00:00,AAPL,NASDAQ,T3,SELL,190.15441379760983,407.0,190.1318392491736,190.16986942004053,190.15085433460706
2026-01-02 17:45:44+00:00,SPY,ARCA,T2,BUY,461.256301856771,133.0,461.2037310317811,461.2959810029846,461.24985601738285
2026-01-02 17:45:56+00:00,MSFT,NYSE,T1,BUY,407.7837497995448,161.0,407.5109594707421,408.12268470387306,407.81682208730757
2026-01-02 17:45:59+00:00,NVDA,NYSE,T1,BUY,498.2033444106737,111.0,497.9851641550756,498.38371170541984,498.1844379302477
2026-01-02 17:46:12+00:00,AAPL,NASDAQ,T3,BUY,190.3045758007128,147.0,190.28509756176567,190.3231583873606,190.30412797456313
2026-01-02 17:46:17+00:00,SPY,ARCA,T2,BUY,460.8918096284952,130.0,460.7939682111321,460.9783226693082,460.88614544022016
2026-01-02 17:46:19+00:00,NVDA,NYSE,T1,BUY,498.46869613260816,174.0,498.42336508840964,498.5230597308916,498.4732124096506
2026-01-02 17:46:28+00:00,AAPL,NASDAQ,T3,BUY,190.22432286933014,94.0,190.2053970945525,190.24344197845977,190.22441953650613
2026-01-02 17:46:31+00:00,SPY,ARCA,T2,SELL,460.41984204125794,149.0,460.364185118564,460.4562671637923,460.41022614117816
2026-01-02 17:46:34+00:00,SPY,ARCA,T2,BUY,460.4900361262829,101.0,460.38485872959495,460.56904951124307,460.476954120419
2026-01-02 17:46:38+00:00,MSFT,NYSE,T1,BUY,407.42930067910885,146.0,407.3875461024324,407.4690317602187,407.42828893132554
2026-01-02 17:46:46+00:00,AAPL,NASDAQ,T3,SELL,190.1716846748117,74.0,190.1510799614775,190.18911398087172,190.17009697117462
2026-01-02 17:46:47+00:00,AAPL,NASDAQ,T3,SELL,190.17400821261302,408.0,190.15349352319652,190.19152802535137,190.17251077427395
2026-01-02 17:46:49+00:00,MSFT,NYSE,T1,SELL,407.5736057061708,169.0,407.5350756026391,407.61659076927634,407.5758331859577
2026-01-02 17:47:20+00:00,SPY,ARCA,T2,BUY,460.44454892573987,87.0,460.3944275550759,460.4865156493964,460.44047160223613
2026-01-02 17:47:22+00:00,AAPL,NASDAQ,T3,SELL,190.23581832891216,124.0,190.2170336130265,190.25508082447027,190.23605721874839
2026-01-02 17:47:34+00:00,SPY,ARCA,T2,BUY,460.38275052077324,61.0,460.33065571500595,460.4227310536828,460.3766933843444
2026-01-02 17:47:47+00:00,MSFT,NYSE,T1,SELL,407.7945345940461,97.0,407.75084541088876,407.83240373580344,407.7916245733461
2026-01-02 17:48:00+00:00,AAPL,NASDAQ,T3,BUY,190.55838000023383,58.0,190.51478314788486,190.5910043053755,190.55289372663017
2026-01-02 17:48:06+00:00,SPY,ARCA,T2,SELL,460.3082569455966,213.0,460.2590063673219,460.35106737469613,460.305036871009
2026-01-02 17:48:08+00:00,AAPL,NASDAQ,T3,BUY,190.49040897558743,167.0,190.47208202091628,190.51018024714307,190.49113113402967
2026-01-02 17:48:15+00:00,AAPL,NASDAQ,T3,BUY,190.4157931922069,80.0,190.37472797132898,190.45089309554237,190.41281053343567
2026-01-02 17:48:17+00:00,SPY,ARCA,T2,BUY,459.984196713932,157.0,459.93227616138296,460.0242718161807,459.97827398878184
2026-01-02 17:48:17+00:00,AAPL,NASDAQ,T3,BUY,190.40145305036856,232.0,190.3844904942905,190.42257120045997,190.40353084737524
2026-01-02 17:48:17+00:00,AAPL,NASDAQ,T3,BUY,190.4046049510664,96.0,190.3844904942905,190.42257120045997,190.40353084737524
2026-01-02 17:48:21+00:00,AAPL,NASDAQ,T3,SELL,190.4165607226325,61.0,190.3982758842576,190.4363593477808,190.4173176160192
2026-01-02 17:48:25+00:00,MSFT,NYSE,T1,BUY,408.1589695752341,111.0,408.1220582987129,408.2036908736301,408.1628745861715
2026-01-02 17:48:53+00:00,AAPL,NASDAQ,T3,BUY,190.42942455325112,171.0,190.41306163873338,190.4511480597032,190.4321048492183
2026-01-02 17:48:54+00:00,AAPL,NASDAQ,T3,SELL,190.46413353629197,90.0,190.42288043770355,190.49906482675647,190.46097263223
2026-01-02 17:48:55+00:00,NVDA,NYSE,T1,BUY,498.26623669298573,297.0,498.2148306803585,498.3144836117877,498.2646571460731
2026-01-02 17:48:56+00:00,MSFT,NYSE,T1,SELL,408.3917270394784,207.0,408.3476463414941,408.4293240385321,408.3884851900131
2026-01-02 17:48:56+00:00,MSFT,NYSE,T1,SELL,408.39409817889185,22.0,408.3476463414941,408.4293240385321,408.3884851900131
2026-01-02 17:49:03+00:00,AAPL,NASDAQ,T3,SELL,190.3996326794702,93.0,190.35562271479054,190.43178019537257,190.39370145508155
2026-01-02 17:49:04+00:00,AAPL,NASDAQ,T3,SELL,190.44005699449932,100.0,190.4182871309828,190.45637459715564,190.43733086406922
2026-01-02 17:49:05+00:00,SPY,ARCA,T2,SELL,459.47789779680534,132.0,459.4378560452751,459.5297528061602,459.48380442571766
2026-01-02 17:49:30+00:00,MSFT,NYSE,T1,BUY,408.10157095070383,362.0,408.05741563410146,408.1390352791928,408.0982254566471
2026-01-02 17:49:32+00:00,AAPL,NASDAQ,T3,SELL,190.49539548858274,47.0,190.4701545659133,190.50825240661058,190.48920348626194
2026-01-02 17:49:35+00:00,SPY,ARCA,T2,SELL,459.9851455436246,200.0,459.9415713081061,460.0335688221191,459.9875700651126
2026-01-02 17:49:38+00:00,MSFT,NYSE,T1,SELL,408.2907938437291,82.0,408.1316273403023,408.4582632965571,408.2949453184297
2026-01-02 17:49:49+00:00,NVDA,NYSE,T1,BUY,496.9736019973457,119.0,496.7940379402773,497.1916322083368,496.99283507430704
2026-01-02 17:50:04+00:00,AAPL,NASDAQ,T3,BUY,190.31919670410983,198.0,190.30047726157588,190.3385411634184,190.31950921249714
2026-01-02 17:50:09+00:00,AAPL,NASDAQ,T3,BUY,190.24260829901772,178.0,190.09813850593687,190.3834997346173,190.24081912027708
2026-01-02 17:50:12+00:00,MSFT,NYSE,T1,SELL,408.04326185233083,191.0,407.9588195202119,408.1220356912542,408.04042760573304
2026-01-02 17:50:14+00:00,SPY,ARCA,T2,BUY,460.3988585327621,189.0,460.34120031157426,460.4332777593814,460.3872390354778
2026-01-02 17:50:20+00:00,SPY,ARCA,T2,BUY,460.0449714597331,40.0,459.9997827511006,460.0917919085666,460.0457873298336
2026-01-02 17:50:24+00:00,AAPL,NASDAQ,T3,BUY,190.39701110167184,210.0,190.35273200282327,190.42888832688922,190.39081016485625
2026-01-02 17:50:31+00:00,NVDA,NYSE,T1,SELL,496.4394165073286,257.0,496.38580067361727,496.4850877624609,496.4354442180391
2026-01-02 17:50:32+00:00,MSFT,NYSE,T1,BUY,408.1308276762517,98.0,407.95873160152576,408.28522918584065,408.1219803936832
2026-01-02 17:50:34+00:00,SPY,ARCA,T2,SELL,460.550394967367,124.0,460.46365964820393,460.6478819565249,460.5557708023644
2026-01-02 17:50:42+00:00,SPY,ARCA,T2,SELL,460.6268867007998,46.0,460.5817061035909,460.673831657367,460.6277688804789
2026-01-02 17:50:46+00:00,NVDA,NYSE,T1,BUY,495.81761174275994,222.0,495.7679957945462,495.86715931005665,495.81757755230143
2026-01-02 17:50:52+00:00,MSFT,NYSE,T1,BUY,408.0546383281664,142.0,408.0150370935769,408.09664826211247,408.0558426778447
2026-01-02 17:50:54+00:00,NVDA,NYSE,T1,BUY,495.7517037880425,186.0,495.63066605587056,495.8289579806779,495.72981201827423
2026-01-02 17:51:10+00:00,AAPL,NASDAQ,T3,BUY,190.15239806193986,143.0,190.13136931368194,190.16939939055237,190.15038435211716
2026-01-02 17:51:12+00:00,SPY,ARCA,T2,BUY,460.874543212719,405.0,460.82850997127065,460.92068489075683,460.87459743101374
2026-01-02 17:51:20+00:00,NVDA,NYSE,T1,SELL,495.42072604903984,209.0,495.3666194330557,495.46570266526555,495.4161610491606
2026-01-02 17:51:24+00:00,NVDA,NYSE,T1,BUY,495.36562389152743,204.0,495.1763233757927,495.5726229543248,495.37447316505876
2026-01-02 17:51:29+00:00,MSFT,NYSE,T1,SELL,408.0943159560026,133.0,408.05167314079415,408.133291637272,408.0924823890331
2026-01-02 17:51:46+00:00,AAPL,NASDAQ,T3,BUY,190.08554365669679,174.0,190.0644908424105,190.10250754224896,190.08349919232973
2026-01-02 17:51:56+00:00,MSFT,NYSE,T1,BUY,407.82190313288675,60.0,407.7838165652454,407.8653814850504,407.8245990251479
2026-01-02 17:52:13+00:00,MSFT,NYSE,T1,BUY,407.7873826554002,120.0,407.7049270455454,407.86804163928235,407.78648434241387
2026-01-02 17:52:18+00:00,MSFT,NYSE,T1,BUY,407.9804047453221,254.0,407.9384627782147,408.02005863035555,407.97926070428514
2026-01-02 17:52:22+00:00,SPY,ARCA,T2,SELL,460.9371972638462,78.0,460.8385176530343,461.0228899345518,460.93070379379304
2026-01-02 17:52:22+00:00,AAPL,NASDAQ,T3,SELL,190.22818963204523,267.0,190.19146842743615,190.26756023316827,190.2295143303022
2026-01-02 17:52:23+00:00,SPY,ARCA,T2,BUY,460.9396680953869,327.0,460.7475386829749,461.1162842121329,460.9319114475539
2026-01-02 17:52:29+00:00,MSFT,NYSE,T1,SELL,407.9570865620334,176.0,407.8651729347463,408.0283516396612,407.94676228720374
2026-01-02 17:52:33+00:00,AAPL,NASDAQ,T3,BUY,190.04752249661001,219.0,190.02669424957773,190.06470338934164,190.0456988194597
2026-01-02 17:52:48+00:00,MSFT,NYSE,T1,BUY,408.3034636461528,353.0,408.264201672956,408.3458626793912,408.3050321761736
2026-01-02 17:52:51+00:00,AAPL,NASDAQ,T3,BUY,190.15267049806084,118.0,190.13605962561059,190.1740906406372,190.1550751331239
2026-01-02 17:53:03+00:00,NVDA,NYSE,T1,BUY,495.59939659562275,118.0,495.5060298462757,495.7042719066263,495.605150876451
2026-01-02 17:53:16+00:00,SPY,ARCA,T2,BUY,460.1592898777508,98.0,460.1195063623869,460.21153946696984,460.1655229146784
2026-01-02 17:53:18+00:00,NVDA,NYSE,T1,SELL,495.6374784083222,84.0,495.5975021206559,495.69663153402144,495.6470668273387
2026-01-02 17:53:33+00:00,MSFT,NYSE,T1,SELL,408.6884896661665,260.0,408.65924268173967,408.7409827042783,408.700112693009
2026-01-02 17:53:38+00:00,MSFT,NYSE,T1,SELL,408.850173390034,162.0,408.7653425329737,408.92888137775583,408.84711195536477
2026-01-02 17:53:57+00:00,MSFT,NYSE,T1,BUY,408.68171851603466,146.0,408.60200422778263,408.76547772417297,408.6837409759778
2026-01-02 17:53:57+00:00,AAPL,NASDAQ,T3,SELL,190.35624953440538,594.0,190.31863418245905,190.39477686466847,190.35670552356376
2026-01-02 17:53:59+00:00,SPY,ARCA,T2,SELL,460.79842891807317,111.0,460.74759092676305,460.83974966082184,460.79367029379245
2026-01-02 17:54:05+00:00,MSFT,NYSE,T1,BUY,408.7592060924727,104.0,408.68733301017625,408.85084064490724,408.76908682754174
2026-01-02 17:54:08+00:00,SPY,ARCA,T2,SELL,460.65848747583254,82.0,460.2577610463571,460.9486658665417,460.6032134564494
2026-01-02 17:54:13+00:00,AAPL,NASDAQ,T3,SELL,190.45567208848794,80.0,190.43492528001786,190.4730160741533,190.45397067708558
2026-01-02 17:54:15+00:00,MSFT,NYSE,T1,SELL,408.4193827001646,147.0,408.3350932742407,408.4984599848926,408.41677662956664
2026-01-02 17:54:18+00:00,SPY,ARCA,T2,SELL,460.4362699890286,48.0,460.32941214909715,460.51358074767654,460.42149644838685
2026-01-02 17:54:20+00:00,NVDA,NYSE,T1,BUY,496.45723151245886,439.0,496.4123053514312,496.5115977417405,496.46195154658585
2026-01-02 17:54:26+00:00,NVDA,NYSE,T1,SELL,496.51136474672916,99.0,496.46490881415343,496.5642117262074,496.5145602701804
2026-01-02 17:54:26+00:00,AAPL,NASDAQ,T3,SELL,190.49158656571996,138.0,190.45163342188286,190.52782931443014,190.4897313681565
2026-01-02 17:54:29+00:00,SPY,ARCA,T2,BUY,460.2539899442313,334.0,460.15232127474087,460.3364190228003,460.2443701487706
2026-01-02 17:54:33+00:00,NVDA,NYSE,T1,SELL,496.3786686332206,112.0,496.328263581461,496.42753916173535,496.37790137159817
2026-01-02 17:54:34+00:00,SPY,ARCA,T2,SELL,460.5715016250831,56.0,460.5195631204431,460.6116762443795,460.5656196824113
2026-01-02 17:54:34+00:00,AAPL,NASDAQ,T3,BUY,190.47794950673193,262.0,190.4609611600685,190.49905716190068,190.4800091609846
2026-01-02 17:54:38+00:00,NVDA,NYSE,T1,SELL,496.4058302153192,170.0,496.1939430169794,496.59105701699303,496.3925000169862
2026-01-02 17:54:39+00:00,AAPL,NASDAQ,T3,BUY,190.35618567980848,112.0,190.33728218010495,190.3753534436673,190.35631781188613
2026-01-02 17:54:53+00:00,NVDA,NYSE,T1,BUY,495.9167248383375,96.0,495.7102206210695,496.1069474883132,495.90858405469135
2026-01-02 17:54:54+00:00,MSFT,NYSE,T1,BUY,408.16826326986825,214.0,408.12250144452867,408.20413410808396,408.1633177763063
2026-01-02 17:55:12+00:00,MSFT,NYSE,T1,BUY,407.91476899185744,119.0,407.871408667981,407.9529911079586,407.9121998879698
2026-01-02 17:55:17+00:00,SPY,ARCA,T2,SELL,460.8015226875362,117.0,460.75458484234974,460.84674497533155,460.80066490884064
2026-01-02 17:55:17+00:00,NVDA,NYSE,T1,BUY,495.62770010224614,96.0,495.2414961732417,495.9849159823585,495.6132060778001
2026-01-02 17:55:22+00:00,MSFT,NYSE,T1,BUY,407.9342773273707,220.0,407.8908220050869,407.9724083281202,407.93161516660354
2026-01-02 17:55:28+00:00,NVDA,NYSE,T1,BUY,495.4078312348384,154.0,495.31469226873946,495.512857778749,495.4137750237442
2026-01-02 17:55:39+00:00,NVDA,NYSE,T1,SELL,495.05406821426277,97.0,495.000278339208,495.09928829587153,495.0497833175398
2026-01-02 17:55:41+00:00,NVDA,NYSE,T1,SELL,494.8091659811944,113.0,494.7611156425367,494.8600777618771,494.8105967022069
2026-01-02 17:55:57+00:00,MSFT,NYSE,T1,SELL,407.52562441120335,115.0,407.4437290560115,407.6067391496526,407.52523410283203
2026-01-02 17:56:11+00:00,MSFT,NYSE,T1,BUY,407.5760816907469,173.0,407.53800521489745,407.61952096751565,407.57876309120655
2026-01-02 17:56:11+00:00,NVDA,NYSE,T1,SELL,494.16716094855536,63.0,494.1180325152515,494.21686600510355,494.16744926017753
2026-01-02 17:56:12+00:00,MSFT,NYSE,T1,BUY,407.5991041209581,86.0,407.56122779588065,407.64274819347963,407.60198799468014
2026-01-02 17:56:29+00:00,SPY,ARCA,T2,SELL,460.46553783854307,109.0,460.3749615034825,460.5591483254483,460.4670549144654
2026-01-02 17:56:30+00:00,NVDA,NYSE,T1,SELL,493.8416845873992,207.0,493.78870926877664,493.88747688739227,493.83809307808446
2026-01-02 17:56:49+00:00,NVDA,NYSE,T1,SELL,494.1398745509004,140.0,494.09263004301107,494.19145845186057,494.1420442474358
2026-01-02 17:56:59+00:00,NVDA,NYSE,T1,BUY,494.1271597015231,97.0,493.75135200798894,494.4925349231873,494.1219434655881
2026-01-02 17:57:00+00:00,NVDA,NYSE,T1,SELL,494.0994541172576,287.0,494.0399417188929,494.1387595890237,494.0893506539583
2026-01-02 17:57:02+00:00,AAPL,NASDAQ,T3,BUY,190.64631721699837,57.0,190.62544295675292,190.66357185823443,190.64450740749368
2026-01-02 17:57:05+00:00,AAPL,NASDAQ,T3,SELL,190.65633168818417,141.0,190.6185491537098,190.69481182590573,190.65668048980777
2026-01-02 17:57:10+00:00,SPY,ARCA,T2,SELL,460.48885149050494,142.0,460.30298094103887,460.6713706816879,460.4871758113634
2026-01-02 17:57:35+00:00,AAPL,NASDAQ,T3,BUY,190.58102162601529,288.0,190.5660274595414,190.60414447673506,190.58508596813823
2026-01-02 17:57:35+00:00,AAPL,NASDAQ,T3,SELL,190.58459682848124,183.0,190.5660274595414,190.60414447673506,190.58508596813823
2026-01-02 17:57:50+00:00,NVDA,NYSE,T1,BUY,494.46200793278194,696.0,494.3632621356879,494.56104699751455,494.4621545666012
2026-01-02 17:58:02+00:00,MSFT,NYSE,T1,SELL,406.297434467657,61.0,406.2182328068775,406.38075260395965,406.2994927054186
2026-01-02 17:58:10+00:00,NVDA,NYSE,T1,SELL,494.5639579928681,222.0,494.51546347909226,494.61437646308644,494.56491997108935
2026-01-02 17:58:19+00:00,NVDA,NYSE,T1,BUY,494.4487714473433,161.0,494.3435569790229,494.5413339572101,494.4424454681165
2026-01-02 17:58:25+00:00,MSFT,NYSE,T1,SELL,406.2979827998329,310.0,406.2499510740664,406.33120919009286,406.29058013207964
2026-01-02 17:58:26+00:00,MSFT,NYSE,T1,SELL,406.24662049785877,89.0,406.20371076051646,406.2849596275552,406.24433519403584
2026-01-02 17:58:32+00:00,NVDA,NYSE,T1,SELL,493.84671816909827,180.0,493.8016699529063,493.900440163918,493.85105505841216
2026-01-02 17:58:44+00:00,NVDA,NYSE,T1,SELL,493.8577484453709,266.0,493.77319798926544,493.9707467782189,493.87197238374216
2026-01-02 17:58:46+00:00,NVDA,NYSE,T1,BUY,493.9245802980598,52.0,493.88533553168327,493.9841224774842,493.93472900458374
2026-01-02 17:58:47+00:00,TSLA,ARCA,T1,BUY,244.31615722165137,170.0,244.2919548550977,244.34081813239644,244.31638649374707
2026-01-02 17:59:01+00:00,SPY,ARCA,T2,SELL,460.99895782889394,307.0,460.6916857484663,461.3832419442358,461.03746384635105
2026-01-02 17:59:01+00:00,TSLA,ARCA,T1,BUY,244.31747506165203,407.0,244.27076237409477,244.3684902246145,244.31962629935464
2026-01-02 17:59:15+00:00,NVDA,NYSE,T1,BUY,493.932716882177,367.0,493.8360634141105,494.0336373542642,493.93485038418737
2026-01-02 17:59:19+00:00,MSFT,NYSE,T1,SELL,406.4698425937435,57.0,406.4287492500138,406.51004312925176,406.4693961896328
2026-01-02 17:59:20+00:00,AAPL,NASDAQ,T3,SELL,191.2194597696644,137.0,191.20576007989484,191.24400505640847,191.22488256815166
2026-01-02 17:59:24+00:00,MSFT,NYSE,T1,SELL,406.57617105064014,77.0,406.24644328259575,406.85627031779603,406.5513568001959
2026-01-02 17:59:28+00:00,SPY,ARCA,T2,BUY,461.17367499171974,51.0,461.1299755125149,461.2222107311393,461.1760931218271
2026-01-02 17:59:35+00:00,NVDA,NYSE,T1,SELL,493.9461841941995,95.0,493.75666452048193,494.15182791745707,493.9542462189695
2026-01-02 17:59:36+00:00,TSLA,ARCA,T1,BUY,244.23955391824725,79.0,244.21148949818723,244.26033668080515,244.2359130894962
2026-01-02 17:59:39+00:00,NVDA,NYSE,T1,SELL,493.9267309256482,267.0,493.87851245249914,493.9772980335477,493.9279052430234
2026-01-02 17:59:45+00:00,AAPL,NASDAQ,T3,BUY,191.20187909526715,185.0,191.16678916467546,191.24327117674378,191.20503017070962
2026-01-02 17:59:54+00:00,TSLA,ARCA,T1,BUY,244.294576905434,78.0,244.26693326334234,244.31579153582223,244.29136239958228
2026-01-02 17:59:56+00:00,TSLA,ARCA,T1,SELL,244.28095670257957,85.0,244.22841828330644,244.32612919280166,244.27727373805405
2026-01-02 18:00:22+00:00,AAPL,NASDAQ,T3,SELL,191.04813913670628,108.0,191.03205298673444,191.07026321835494,191.0511581025447
2026-01-02 18:00:33+00:00,SPY,ARCA,T2,BUY,461.4564309184831,156.0,461.4117175565103,461.50400912917894,461.45786334284463
2026-01-02 18:00:34+00:00,AAPL,NASDAQ,T3,BUY,191.19958329669035,307.0,191.17811259527153,191.21635204173523,191.19723231850338
2026-01-02 18:00:37+00:00,TSLA,ARCA,T1,SELL,244.40492559154274,123.0,244.35126242145316,244.4490224784331,244.40014244994313
2026-01-02 18:00:37+00:00,MSFT,NYSE,T1,BUY,406.15574105108294,51.0,406.1232209761168,406.2044537435888,406.1638373598528
2026-01-02 18:00:48+00:00,AAPL,NASDAQ,T3,SELL,191.08149526997732,136.0,191.06303093313971,191.10124736096913,191.08213914705442
2026-01-02 18:01:29+00:00,MSFT,NYSE,T1,BUY,406.90680732429496,109.0,406.8655669722679,406.9469482237875,406.9062575980277
2026-01-02 18:01:31+00:00,MSFT,NYSE,T1,BUY,406.96858038933357,32.0,406.92562206752945,407.0070153312693,406.9663186993994
2026-01-02 18:01:34+00:00,MSFT,NYSE,T1,BUY,407.0863154686697,138.0,407.0401455665137,407.121561737244,407.08085365187884
2026-01-02 18:01:37+00:00,AAPL,NASDAQ,T3,BUY,191.1199689316469,155.0,191.10202954894345,191.1402537772761,191.12114166310977
2026-01-02 18:01:38+00:00,TSLA,ARCA,T1,SELL,244.47027981347955,254.0,244.44268633952936,244.49157976613992,244.46713305283464
2026-01-02 18:01:44+00:00,TSLA,ARCA,T1,BUY,244.54996225444364,125.0,244.52655942465051,244.57546962755575,244.55101452610313
2026-01-02 18:01:58+00:00,SPY,ARCA,T2,SELL,462.68703443480854,100.0,462.63929525235454,462.7318323651163,462.6855638087354
2026-01-02 18:02:06+00:00,AAPL,NASDAQ,T3,SELL,191.16671582479907,169.0,191.12373086861655,191.20019565392104,191.1619632612688
2026-01-02 18:02:16+00:00,NVDA,NYSE,T1,SELL,493.8527632770636,104.0,493.810715308423,493.90948732868674,493.8601013185549
2026-01-02 18:02:19+00:00,AAPL,NASDAQ,T3,SELL,191.14463435295832,125.0,191.1092337326719,191.185692717962,191.14746322531695
2026-01-02 18:02:47+00:00,TSLA,ARCA,T1,SELL,244.38458351649317,101.0,244.3358500928571,244.43360398367238,244.38472703826474
2026-01-02 18:02:53+00:00,SPY,ARCA,T2,SELL,463.36044188635583,172.0,463.31395511679574,463.4066271750249,463.3602911459103
2026-01-02 18:02:56+00:00,SPY,ARCA,T2,BUY,463.4697747208084,134.0,463.36649424478384,463.5518779192167,463.45918608200026
2026-01-02 18:02:57+00:00,NVDA,NYSE,T1,SELL,493.42061173068686,203.0,493.3789259080142,493.4776115617612,493.4282687348877
2026-01-02 18:03:00+00:00,NVDA,NYSE,T1,SELL,493.41208536076635,134.0,493.29580578723926,493.493163581113,493.3944846841761
2026-01-02 18:03:00+00:00,NVDA,NYSE,T1,BUY,493.4101595544396,110.0,493.29580578723926,493.493163581113,493.3944846841761
2026-01-02 18:03:01+00:00,NVDA,NYSE,T1,BUY,493.4045792757131,226.0,493.31144836290633,493.508812415062,493.41013038898416
2026-01-02 18:03:02+00:00,MSFT,NYSE,T1,BUY,407.358765983893,242.0,407.3188319749013,407.40030388848766,407.35956793169447
2026-01-02 18:03:03+00:00,NVDA,NYSE,T1,SELL,493.4286876795695,199.0,493.3760755922675,493.47476067589434,493.4254181340809
2026-01-02 18:03:06+00:00,NVDA,NYSE,T1,BUY,493.4917124511385,53.0,493.3908107615842,493.5882065650496,493.4895086633169
2026-01-02 18:03:18+00:00,TSLA,ARCA,T1,BUY,244.3907743890875,118.0,244.36514079746092,244.41401871341202,244.38957975543647
2026-01-02 18:03:29+00:00,TSLA,ARCA,T1,BUY,244.56171451008922,171.0,244.53968531943124,244.58859814777796,244.5641417336046
2026-01-02 18:03:35+00:00,AAPL,NASDAQ,T3,BUY,191.2792952247223,206.0,191.1969792057651,191.3499979966461,191.2734886012056
2026-01-02 18:03:45+00:00,SPY,ARCA,T2,SELL,463.8930611575579,97.0,463.69315001682736,464.0642529780253,463.87870149742633
2026-01-02 18:03:48+00:00,SPY,ARCA,T2,BUY,463.99714301880397,320.0,463.954986464499,464.0477867418196,464.0013866031593
2026-01-02 18:03:57+00:00,SPY,ARCA,T2,SELL,464.07351297717946,160.0,464.02928141092843,464.12209654872436,464.0756889798264
2026-01-02 18:04:01+00:00,AAPL,NASDAQ,T3,SELL,191.23581272854335,218.0,191.19376367881176,191.2702564828441,191.23201008082793
2026-01-02 18:04:02+00:00,AAPL,NASDAQ,T3,BUY,191.1859202253274,408.0,191.05560872479776,191.34240723676896,191.19900798078336
2026-01-02 18:04:03+00:00,MSFT,NYSE,T1,BUY,407.60155186996474,86.0,407.5571464121325,407.638665993373,407.59790620275277
2026-01-02 18:04:04+00:00,MSFT,NYSE,T1,BUY,407.66673120121567,158.0,407.62566438877275,407.70719767497917,407.66643103187596
2026-01-02 18:04:13+00:00,NVDA,NYSE,T1,BUY,492.7246226834336,237.0,492.68203332011143,492.7805795814016,492.7313064507565
2026-01-02 18:04:28+00:00,NVDA,NYSE,T1,BUY,492.4780673124879,236.0,492.43213592963787,492.5306322064515,492.4813840680447
2026-01-02 18:04:30+00:00,TSLA,ARCA,T1,SELL,244.56419023570925,64.0,244.53872470698565,244.5876373431907,244.56318102508817
2026-01-02 18:04:40+00:00,SPY,ARCA,T2,SELL,464.3399621245235,127.0,464.3017468880516,464.3946165243928,464.3481817062222
2026-01-02 18:04:42+00:00,MSFT,NYSE,T1,BUY,408.0815032421938,107.0,408.0408370924471,408.12245342149845,408.08164525697276
2026-01-02 18:04:47+00:00,NVDA,NYSE,T1,BUY,492.89780377523,110.0,492.84782012600454,492.94639954797196,492.89710983698825
2026-01-02 18:04:50+00:00,NVDA,NYSE,T1,BUY,492.90651896263154,175.0,492.81677110226775,493.01393724393694,492.91535417310234
2026-01-02 18:04:55+00:00,TSLA,ARCA,T1,BUY,244.25064050923564,161.0,244.22761040514294,244.27646081226467,244.2520356087038
2026-01-02 18:04:56+00:00,NVDA,NYSE,T1,SELL,493.203711389528,87.0,493.03791888337963,493.4325070537545,493.23521296856705
2026-01-02 18:05:01+00:00,MSFT,NYSE,T1,SELL,408.52356629458114,180.0,408.4907114423493,408.5724177552691,408.5315645988092
2026-01-02 18:05:03+00:00,MSFT,NYSE,T1,SELL,408.50199673116566,103.0,408.4127868675242,408.57618466183004,408.4944857646771
2026-01-02 18:05:11+00:00,SPY,ARCA,T2,SELL,463.4708607591089,139.0,463.4197457381632,463.51243895663265,463.46609234739793
2026-01-02 18:05:12+00:00,TSLA,ARCA,T1,BUY,244.2212499439544,125.0,244.19739716121222,244.24624152508085,244.22181934314654
2026-01-02 18:05:12+00:00,NVDA,NYSE,T1,SELL,493.4379408123721,118.0,493.38552854618854,493.48421552059517,493.43487203339185
2026-01-02 18:05:15+00:00,TSLA,ARCA,T1,SELL,244.23249255039656,462.0,244.20834702099324,244.25719357505284,244.23277029802304
2026-01-02 18:05:17+00:00,SPY,ARCA,T2,SELL,463.42062009285,117.0,463.3197505425416,463.5051155157533,463.41243302914745
2026-01-02 18:05:20+00:00,SPY,ARCA,T2,SELL,463.47335858797317,199.0,463.2706849499702,463.6414498038717,463.45606737692094
2026-01-02 18:05:21+00:00,AAPL,NASDAQ,T3,BUY,191.23346966122244,179.0,191.15259183368917,191.30557510046285,191.229083467076
2026-01-02 18:05:25+00:00,AAPL,NASDAQ,T3,BUY,191.15284901931247,110.0,191.13617396014988,191.17440501804768,191.15528948909878
2026-01-02 18:05:25+00:00,MSFT,NYSE,T1,SELL,409.04516217355,329.0,409.0009027935672,409.0827111549621,409.04180697426466
2026-01-02 18:05:28+00:00,SPY,ARCA,T2,SELL,463.358567451677,163.0,463.31308400569134,463.40575588968085,463.3594199476861
2026-01-02 18:05:35+00:00,TSLA,ARCA,T1,BUY,244.15322855282668,198.0,244.1303542189186,244.17918517285776,244.15476969588818
2026-01-02 18:05:36+00:00,AAPL,NASDAQ,T3,SELL,191.08996099157397,609.0,191.0532865019294,191.12972310385055,191.09150480288997
2026-01-02 18:05:37+00:00,NVDA,NYSE,T1,SELL,493.91077766191034,478.0,493.7232086827932,494.11834530438813,493.92077699359066
2026-01-02 18:05:40+00:00,NVDA,NYSE,T1,SELL,494.0776183884038,171.0,494.02805809519316,494.1268735883615,494.0774658417773
2026-01-02 18:05:41+00:00,MSFT,NYSE,T1,BUY,408.7868545683803,272.0,408.7028037114871,408.8663175357365,408.7845606236118
2026-01-02 18:05:41+00:00,MSFT,NYSE,T1,BUY,408.7822226691061,236.0,408.7028037114871,408.8663175357365,408.7845606236118
2026-01-02 18:05:54+00:00,NVDA,NYSE,T1,BUY,494.4791162008132,142.0,494.4292204215076,494.5281161551652,494.4786682883364
2026-01-02 18:05:55+00:00,MSFT,NYSE,T1,SELL,409.00758610715735,45.0,408.96724908196006,409.04905071193946,409.00814989694976
2026-01-02 18:05:59+00:00,MSFT,NYSE,T1,SELL,409.0122817272741,84.0,408.92688440527473,409.0904878797317,409.0086861425032
2026-01-02 18:06:09+00:00,AAPL,NASDAQ,T3,BUY,190.85684950621993,251.0,190.83721527005295,190.875386530233,190.85630090014297
2026-01-02 18:06:22+00:00,MSFT,NYSE,T1,BUY,408.47517007168557,63.0,408.43786993240417,408.51956567596505,408.4787178041846
2026-01-02 18:06:23+00:00,NVDA,NYSE,T1,BUY,494.6549589076234,102.0,494.2981097190606,495.0401133863897,494.66911155272516
2026-01-02 18:06:26+00:00,TSLA,ARCA,T1,BUY,244.01377787376688,183.0,243.934935128444,244.13016116696218,244.0325481477031
2026-01-02 18:06:30+00:00,NVDA,NYSE,T1,BUY,494.3170398310724,264.0,494.2666952828025,494.3655585081816,494.31612689549206
2026-01-02 18:06:32+00:00,NVDA,NYSE,T1,BUY,494.1109477617753,116.0,494.0640287430494,494.1628514310668,494.1134400870581
2026-01-02 18:06:34+00:00,SPY,ARCA,T2,BUY,462.72155309368424,122.0,462.67961523852125,462.77216041608676,462.725887827304
2026-01-02 18:06:48+00:00,MSFT,NYSE,T1,SELL,408.50291305237846,214.0,408.4200729405231,408.5834736498412,408.50177329518215
2026-01-02 18:06:48+00:00,NVDA,NYSE,T1,BUY,494.0499239623714,125.0,493.9954703265031,494.0942793014659,494.0448748139845
2026-01-02 18:06:57+00:00,AAPL,NASDAQ,T3,SELL,190.8598300250802,161.0,190.82410042477622,190.90044533392793,190.86227287935208
2026-01-02 18:07:07+00:00,NVDA,NYSE,T1,BUY,494.5533069677287,202.0,494.34980699135747,494.74544509219083,494.54762604177415
2026-01-02 18:07:12+00:00,TSLA,ARCA,T1,SELL,244.4824841671311,207.0,244.4580792270015,244.50697573249747,244.48252747974948
2026-01-02 18:07:15+00:00,TSLA,ARCA,T1,BUY,244.49260115958566,124.0,244.46820290088772,244.51710143132095,244.49265216610434
2026-01-02 18:07:21+00:00,SPY,ARCA,T2,SELL,462.2484920668476,106.0,462.2042497587487,462.2966998537099,462.2504748062293
2026-01-02 18:07:31+00:00,SPY,ARCA,T2,BUY,462.2669408899238,46.0,462.2170807017107,462.30953336311717,462.26330703241393
2026-01-02 18:07:34+00:00,MSFT,NYSE,T1,SELL,408.9175215051085,122.0,408.8799567073101,408.9617408770685,408.9208487921893
2026-01-02 18:07:34+00:00,TSLA,ARCA,T1,SELL,244.65769494065583,98.0,244.63486314905904,244.68379501487541,244.65932908196723
2026-01-02 18:07:50+00:00,SPY,ARCA,T2,BUY,462.4964428219622,80.0,462.4469310589757,462.5394296950511,462.4931803770134
2026-01-02 18:07:52+00:00,SPY,ARCA,T2,SELL,462.5618940731341,162.0,462.510155384933,462.60266666713824,462.5564110260356
2026-01-02 18:07:56+00:00,NVDA,NYSE,T1,SELL,494.49710689340077,482.0,494.44820220744884,494.5471017378434,494.4976519726461
2026-01-02 18:07:57+00:00,SPY,ARCA,T2,BUY,462.4381762770736,162.0,462.39366395852335,462.48615194011325,462.4399079493183
2026-01-02 18:08:06+00:00,NVDA,NYSE,T1,SELL,494.51641557108746,69.0,494.46752841649925,494.5664318125222,494.5169801145107
2026-01-02 18:08:07+00:00,MSFT,NYSE,T1,SELL,409.02700514249,154.0,408.74951969631064,409.36310416420605,409.05631193025835
2026-01-02 18:08:09+00:00,NVDA,NYSE,T1,SELL,494.44839419499215,502.0,494.4008743784968,494.4997644423789,494.4503194104378
2026-01-02 18:08:14+00:00,MSFT,NYSE,T1,BUY,409.06291713976077,230.0,409.0234444460399,409.1052573162161,409.064350881128
2026-01-02 18:08:16+00:00,NVDA,NYSE,T1,BUY,494.51827922430067,124.0,494.47079703694294,494.56970108675534,494.52024906184914
2026-01-02 18:08:18+00:00,SPY,ARCA,T2,BUY,462.4477367591604,97.0,462.39793534240493,462.490424178357,462.44417976038096
2026-01-02 18:08:20+00:00,NVDA,NYSE,T1,SELL,494.4018033473709,529.0,494.1728193295968,494.5683157836421,494.37056755661945
2026-01-02 18:08:21+00:00,AAPL,NASDAQ,T3,BUY,191.12704579651498,234.0,191.0937350361203,191.17018782069167,191.131961428406
2026-01-02 18:08:29+00:00,SPY,ARCA,T2,BUY,462.32416002300874,374.0,462.2683449822883,462.3608078975763,462.3145764399323
2026-01-02 18:08:39+00:00,NVDA,NYSE,T1,BUY,494.73619794863026,110.0,494.68714457529205,494.78609189893945,494.73661823711575
2026-01-02 18:08:42+00:00,NVDA,NYSE,T1,BUY,494.8194676527283,272.0,494.7271742917933,494.92510474760115,494.8261395196972
2026-01-02 18:08:48+00:00,TSLA,ARCA,T1,BUY,244.51101620964985,444.0,244.48729728852572,244.53619963821842,244.51174846337207
2026-01-02 18:08:53+00:00,AAPL,NASDAQ,T3,BUY,190.9670182447521,188.0,190.95126379745972,190.98945786962645,190.97036083354308
2026-01-02 18:08:58+00:00,SPY,ARCA,T2,BUY,462.3233233615571,276.0,462.28629262131216,462.37875912648695,462.33252587389956
2026-01-02 18:09:00+00:00,NVDA,NYSE,T1,SELL,494.4242257128294,154.0,494.36673429032567,494.46561752550724,494.41617590791645
2026-01-02 18:09:01+00:00,MSFT,NYSE,T1,BUY,409.77795055332757,117.0,409.73729482294544,409.81925047747546,409.77827265021045
2026-01-02 18:09:02+00:00,TSLA,ARCA,T1,BUY,244.5001820365076,280.0,244.47559699194846,244.5244970013478,244.50004699664814
2026-01-02 18:09:03+00:00,AAPL,NASDAQ,T3,SELL,191.02512291407484,154.0,191.00815790466692,191.04636335679305,191.02726063072998
2026-01-02 18:09:08+00:00,MSFT,NYSE,T1,SELL,409.68486981845194,47.0,409.64353847548574,409.725475376871,409.68450692617836
2026-01-02 18:09:09+00:00,MSFT,NYSE,T1,SELL,409.6356069871098,218.0,409.5942709775458,409.676198024446,409.6352345009959
2026-01-02 18:09:18+00:00,AAPL,NASDAQ,T3,SELL,190.99476993218667,104.0,190.95721514252747,191.0336133082176,190.99541422537254
2026-01-02 18:09:18+00:00,NVDA,NYSE,T1,SELL,494.4553295918467,87.0,494.40861656238036,494.5075081748541,494.4580623686172
2026-01-02 18:09:20+00:00,AAPL,NASDAQ,T3,BUY,190.94566142289148,128.0,190.9064410706962,190.9828189226949,190.94462999669554
2026-01-02 18:09:20+00:00,TSLA,ARCA,T1,SELL,244.65255616557315,101.0,244.62544791887373,244.67437790145576,244.64991291016474
2026-01-02 18:09:21+00:00,AAPL,NASDAQ,T3,BUY,191.03337139335895,49.0,190.99276684251612,191.06917923173097,191.03097303712354
2026-01-02 18:09:30+00:00,AAPL,NASDAQ,T3,BUY,191.09890582092714,206.0,191.0810110865779,191.11923111079764,191.10012109868777
2026-01-02 18:09:33+00:00,SPY,ARCA,T2,SELL,462.1402289791599,100.0,462.0956310661106,462.18805943516077,462.1418452506357
2026-01-02 18:09:35+00:00,MSFT,NYSE,T1,BUY,409.9395976623447,58.0,409.899015360192,409.9810033620642,409.9400093611281
2026-01-02 18:09:42+00:00,MSFT,NYSE,T1,SELL,409.78594031940486,205.0,409.7462357315769,409.8281931744675,409.7872144530222
2026-01-02 18:09:48+00:00,AAPL,NASDAQ,T3,SELL,191.25007871269517,179.0,191.23028122501742,191.26853110625055,191.24940616563399
2026-01-02 18:09:50+00:00,TSLA,ARCA,T1,BUY,244.5070046750248,248.0,244.45411242745,244.55191363266204,244.50301303005602
2026-01-02 18:09:51+00:00,TSLA,ARCA,T1,BUY,244.44048555528343,150.0,244.41726937224482,244.46615771495354,244.44171354359918
2026-01-02 18:10:10+00:00,AAPL,NASDAQ,T3,SELL,191.50935745063887,113.0,191.4927843294564,191.531086716561,191.5119355230087
2026-01-02 18:10:26+00:00,NVDA,NYSE,T1,BUY,494.91778123155467,1368.0,494.859307591375,494.9582893510692,494.9087984712221
2026-01-02 18:10:28+00:00,NVDA,NYSE,T1,BUY,494.90550723629116,139.0,494.8624995687379,494.9614819668915,494.9119907678147
2026-01-02 18:10:29+00:00,MSFT,NYSE,T1,BUY,409.6551583489546,128.0,409.6116556959979,409.69358622018956,409.65262095809373
2026-01-02 18:10:31+00:00,AAPL,NASDAQ,T3,SELL,191.4495492505206,379.0,191.42900932737888,191.46729895820744,191.44815414279316
2026-01-02 18:10:32+00:00,NVDA,NYSE,T1,BUY,495.03108832931116,91.0,494.94394562601695,495.1419628077037,495.0429542168603
2026-01-02 18:10:33+00:00,SPY,ARCA,T2,SELL,461.3013375454387,246.0,461.2551139758772,461.3473742246972,461.3012441002872
2026-01-02 18:10:33.013000+00:00,SPY,ARCA,T2,SELL,461.53715114641125,74.0,461.4876884344877,461.5799952028515,461.5338418186696
2026-01-02 18:10:33.036000+00:00,SPY,ARCA,T2,SELL,461.62757653631667,192.0,461.2997580730312,461.9922270618824,461.6459925674568
2026-01-02 18:10:33.066000+00:00,SPY,ARCA,T2,BUY,461.3434014965902,2550.0,461.29673957027825,461.3890081450498,461.342873857664
2026-01-02 18:10:33.112000+00:00,SPY,ARCA,T2,BUY,461.65626022076844,52.0,461.616754322148,461.7090869062708,461.6629206142094
2026-01-02 18:10:33.140000+00:00,SPY,ARCA,T2,BUY,460.82303970185876,259.0,460.7784955344645,460.870660450063,460.82457799226376
2026-01-02 18:10:33.200000+00:00,SPY,ARCA,T2,BUY,462.1534825402026,137.0,462.05848138491217,462.243341749539,462.1509115672256
2026-01-02 18:10:33.204000+00:00,SPY,ARCA,T2,BUY,461.89324031783747,138.0,461.84213682377055,461.9345144889018,461.8883256563362
2026-01-02 18:10:33.216000+00:00,SPY,ARCA,T2,BUY,461.6449234921183,331.0,461.60901577137844,461.7013468076363,461.65518128950737
2026-01-02 18:10:33.252000+00:00,SPY,ARCA,T2,SELL,461.5610700219567,683.0,461.51680616337705,461.60911875586896,461.562962459623
2026-01-02 18:10:33.270000+00:00,SPY,ARCA,T2,SELL,461.20253425681904,268.0,461.15078729840144,461.24302667979924,461.19690698910034
2026-01-02 18:10:33.275000+00:00,SPY,ARCA,T2,SELL,461.7591945829556,305.0,461.7108725559817,461.80322396563383,461.7570482608078
2026-01-02 18:10:33.301000+00:00,SPY,ARCA,T2,SELL,461.30303795702093,183.0,461.26170885040153,461.35397041832846,461.307839634365
2026-01-02 18:10:33.407000+00:00,SPY,ARCA,T2,BUY,461.17391675911466,172.0,461.00736732812356,461.3763208033762,461.1918440657499
2026-01-02 18:10:33.425000+00:00,SPY,ARCA,T2,SELL,462.49747183344783,63.0,462.4447269026267,462.53722509782676,462.49097600022674
2026-01-02 18:10:33.430000+00:00,SPY,ARCA,T2,BUY,462.612217828971,188.0,462.5687274050323,462.66125040281304,462.61498890392267
2026-01-02 18:10:33.434000+00:00,SPY,ARCA,T2,BUY,462.2175600512112,477.0,462.1690558972956,462.2614989527806,462.2152774250381
2026-01-02 18:10:33.442000+00:00,SPY,ARCA,T2,BUY,462.3119329243621,242.0,462.26649401131715,462.35895655637387,462.3127252838455
2026-01-02 18:10:33.561000+00:00,SPY,ARCA,T2,BUY,461.6302645958956,304.0,461.5793154240639,461.67164051965824,461.6254779718611
2026-01-02 18:10:33.570000+00:00,SPY,ARCA,T2,SELL,461.4951340288644,231.0,461.44218603699704,461.53448370397115,461.4883348704841
2026-01-02 18:10:33.638000+00:00,SPY,ARCA,T2,BUY,462.38278143611086,475.0,462.3403195063407,462.43279681797316,462.3865581621569
2026-01-02 18:10:33.656000+00:00,SPY,ARCA,T2,BUY,461.50000377545103,86.0,461.45111425564255,461.54341370843895,461.49726398204075
2026-01-02 18:10:33.672000+00:00,SPY,ARCA,T2,SELL,462.6414893156708,259.0,462.59773328950075,462.6902620890386,462.64399768926967
2026-01-02 18:10:33.744000+00:00,SPY,ARCA,T2,SELL,461.7653865597198,24.0,461.6710562695357,461.85576163311623,461.76340895132597
2026-01-02 18:10:33.759000+00:00,SPY,ARCA,T2,SELL,462.5905639642408,94.0,462.54409816032745,462.6366162317667,462.5903571960471
2026-01-02 18:10:33.864000+00:00,SPY,ARCA,T2,SELL,462.5683817001628,180.0,462.51776573468663,462.61027853911406,462.56402213690035
2026-01-02 18:10:33.893000+00:00,SPY,ARCA,T2,SELL,462.1187538160102,141.0,462.07757406690587,462.169998824195,462.1237864455504
2026-01-02 18:10:33.920000+00:00,SPY,ARCA,T2,BUY,462.6396777188174,200.0,462.59773328950075,462.6902620890386,462.64399768926967
2026-01-02 18:10:33.990000+00:00,SPY,ARCA,T2,SELL,461.8225874396917,270.0,461.7232055900722,461.90793181755373,461.81556870381297
2026-01-02 18:10:34.012000+00:00,SPY,ARCA,T2,SELL,462.604332716114,289.0,462.23822627119307,462.93210401891065,462.58516514505186
2026-01-02 18:10:34.014000+00:00,SPY,ARCA,T2,BUY,461.51815029342686,76.0,461.4744525541672,461.5667566750901,461.52060461462867
2026-01-02 18:10:34.081000+00:00,SPY,ARCA,T2,BUY,462.60945338839156,80.0,462.5580437680751,462.6505646289148,462.60430419849496
2026-01-02 18:10:34.653000+00:00,SPY,ARCA,T2,SELL,461.66432946856673,249.0,461.6244402229687,461.7167743444254,461.67060728369705
2026-01-02 18:10:34.760000+00:00,SPY,ARCA,T2,BUY,462.55854240928795,181.0,462.5088305003526,462.6013415175544,462.5550860089535
2026-01-02 18:10:34.836000+00:00,SPY,ARCA,T2,SELL,462.3239566470369,120.0,462.27772033673966,462.37018512728605,462.32395273201286
2026-01-02 18:10:34.881000+00:00,SPY,ARCA,T2,SELL,462.39623791465505,55.0,462.34787013047026,462.4403489523785,462.39410954142437
2026-01-02 18:10:35.035000+00:00,SPY,ARCA,T2,SELL,462.25119811389123,74.0,462.1555319032701,462.3404310958699,462.24798149957
2026-01-02 18:10:35.065000+00:00,SPY,ARCA,T2,BUY,462.7575349345022,332.0,462.70593649724367,462.7984869395874,462.75221171841554
2026-01-02 18:10:35.132000+00:00,SPY,ARCA,T2,BUY,462.38614902571595,252.0,462.3483234163751,462.4408023289496,462.39456287266233
2026-01-02 18:10:35.184000+00:00,SPY,ARCA,T2,BUY,462.2493518823053,79.0,461.8589345284904,462.5522429115705,462.20558872003045
2026-01-02 18:10:35.212000+00:00,SPY,ARCA,T2,BUY,461.62260457057505,38.0,461.56802315612333,461.6603459930383,461.6141845745808
2026-01-02 18:10:35.242000+00:00,SPY,ARCA,T2,SELL,462.59392351695465,130.0,462.51756285229106,462.7026068862388,462.61008486926494
2026-01-02 18:10:35.312000+00:00,SPY,ARCA,T2,BUY,462.618574134668,63.0,462.5719519942581,462.6644756370212,462.61821381563965
2026-01-02 18:10:35.484000+00:00,SPY,ARCA,T2,SELL,462.43351611787233,158.0,462.3885451700704,462.4810321278002,462.4347886489353
2026-01-02 18:10:35.548000+00:00,SPY,ARCA,T2,SELL,462.26892178719936,61.0,462.17431425511825,462.35922096216166,462.26676760863995
2026-01-02 18:10:35.700000+00:00,SPY,ARCA,T2,SELL,462.6813207160365,109.0,462.63356343841883,462.7260994047032,462.679831421561
2026-01-02 18:10:35.808000+00:00,SPY,ARCA,T2,SELL,462.5854865235539,110.0,462.5337177035312,462.62623369867146,462.5799757011013
2026-01-02 18:10:35.880000+00:00,SPY,ARCA,T2,BUY,462.12495311353405,219.0,461.9603760551213,462.3300922424403,462.1452341487808
2026-01-02 18:10:36.080000+00:00,SPY,ARCA,T2,SELL,462.34490686753213,318.0,462.15736167653193,462.5272355154087,462.3422985959703
2026-01-02 18:10:36.312000+00:00,SPY,ARCA,T2,BUY,462.3411508125123,139.0,462.29554184739493,462.38801020259996,462.34177602499744
2026-01-02 18:10:37+00:00,NVDA,NYSE,T1,BUY,495.1389552739235,84.0,495.0846893674225,495.18371620798,495.13420278770127
2026-01-02 18:10:37+00:00,AAPL,NASDAQ,T3,SELL,191.41423898694794,118.0,191.38119119799106,191.45775898802825,191.41947509300965
2026-01-02 18:10:46+00:00,TSLA,ARCA,T1,BUY,244.27895873569494,508.0,244.24905847382556,244.29791317099003,244.2734858224078
2026-01-02 18:10:49+00:00,NVDA,NYSE,T1,BUY,495.2238086665178,128.0,495.17369513866913,495.27273978216124,495.2232174604152
2026-01-02 18:10:51+00:00,TSLA,ARCA,T1,SELL,244.1665293679884,128.0,244.14439600381877,244.1932297663958,244.1688128851073
2026-01-02 18:10:52+00:00,TSLA,ARCA,T1,BUY,244.22734062238354,131.0,244.20274983840855,244.25159527291967,244.2271725556641
2026-01-02 18:10:54+00:00,TSLA,ARCA,T1,SELL,244.2658106904266,110.0,244.22075031182692,244.31845815352,244.26960423267346
2026-01-02 18:11:05+00:00,NVDA,NYSE,T1,SELL,495.50337793889213,221.0,495.44977885558694,495.54887872134464,495.4993287884658
2026-01-02 18:11:07+00:00,NVDA,NYSE,T1,SELL,495.479855748331,115.0,495.4293185373871,495.5284143106719,495.4788664240295
2026-01-02 18:11:08+00:00,TSLA,ARCA,T1,SELL,244.33245466808242,183.0,244.30803269511557,244.35689918830388,244.33246594170973
2026-01-02 18:11:11+00:00,NVDA,NYSE,T1,SELL,495.61305594345197,170.0,495.5630503231378,495.6621728454547,495.61261158429625
2026-01-02 18:11:14+00:00,TSLA,ARCA,T1,BUY,244.2939824501061,97.0,244.27219561592977,244.32105494098545,244.2966252784576
2026-01-02 18:11:24+00:00,AAPL,NASDAQ,T3,SELL,191.17880378738064,183.0,191.15844445355168,191.1966799659936,191.17756220977265
2026-01-02 18:11:30+00:00,MSFT,NYSE,T1,SELL,409.59660141309905,87.0,409.52816206115307,409.6920060947843,409.6100840779687
2026-01-02 18:11:32+00:00,AAPL,NASDAQ,T3,BUY,191.1594664355928,55.0,191.13935440170883,191.17758609575856,191.1584702487337
2026-01-02 18:11:43+00:00,MSFT,NYSE,T1,BUY,409.94194678094675,157.0,409.8618580627595,410.02583560149236,409.9438468321259
2026-01-02 18:11:50+00:00,MSFT,NYSE,T1,BUY,410.21992459125556,121.0,410.1865198967803,410.2685654053105,410.2275426510454
2026-01-02 18:11:53+00:00,NVDA,NYSE,T1,BUY,495.4374002801137,154.0,495.39235448979866,495.4914428695346,495.4418986796666
2026-01-02 18:12:01+00:00,MSFT,NYSE,T1,BUY,410.36407455778163,149.0,410.3227576447463,410.40483040355116,410.3637940241487
2026-01-02 18:12:04+00:00,AAPL,NASDAQ,T3,SELL,190.93087398885987,142.0,190.91308762464348,190.951274060812,190.93218084272775
2026-01-02 18:12:05+00:00,TSLA,ARCA,T1,SELL,243.7665048479192,87.0,243.66816547630816,243.86317801370416,243.76567174500616
2026-01-02 18:12:10+00:00,AAPL,NASDAQ,T3,BUY,190.86084688798397,317.0,190.84105047586766,190.87922250316555,190.8601364895166
2026-01-02 18:12:16+00:00,AAPL,NASDAQ,T3,SELL,190.82508954001094,63.0,190.75878091159308,190.91144900355914,190.8351149575761
2026-01-02 18:12:18+00:00,NVDA,NYSE,T1,SELL,495.08925694857294,203.0,495.0376839057039,495.1367013442289,495.0871926249664
2026-01-02 18:12:26+00:00,TSLA,ARCA,T1,BUY,243.7217535734724,73.0,243.70030105043224,243.7490459851358,243.72467351778403
2026-01-02 18:12:32+00:00,TSLA,ARCA,T1,SELL,243.73193997845325,239.0,243.68361026944612,243.78110321214243,243.73235674079427
2026-01-02 18:12:41+00:00,MSFT,NYSE,T1,SELL,410.66545213236714,298.0,410.6242885355595,410.70642160657377,410.66535507106664
2026-01-02 18:12:41+00:00,NVDA,NYSE,T1,SELL,494.5998496562187,103.0,494.5018577809909,494.6996980921656,494.60077793657825
2026-01-02 18:12:45+00:00,NVDA,NYSE,T1,SELL,494.68585434345914,425.0,494.63914032745913,494.73807804929686,494.688609188378
2026-01-02 18:12:49+00:00,TSLA,ARCA,T1,BUY,243.75107129405987,530.0,243.65872329532434,243.85372827595288,243.7562257856386
2026-01-02 18:12:59+00:00,MSFT,NYSE,T1,BUY,410.1229429797615,174.0,410.0806990449025,410.1627233871457,410.1217112160241
2026-01-02 18:13:00+00:00,TSLA,ARCA,T1,BUY,243.60564528214636,285.0,243.57799789376108,243.626718365387,243.60235812957404
2026-01-02 18:13:09+00:00,MSFT,NYSE,T1,BUY,410.1453285916154,50.0,410.07141469691487,410.2354760750693,410.1534453859921
2026-01-02 18:13:10+00:00,AAPL,NASDAQ,T3,SELL,190.55400834543917,136.0,190.51849802332714,190.59472066706525,190.5566093451962
2026-01-02 18:13:15+00:00,MSFT,NYSE,T1,BUY,409.8566216120134,127.0,409.77301140884236,409.9369534018045,409.8549824053234
2026-01-02 18:13:17+00:00,MSFT,NYSE,T1,SELL,409.8224074923994,80.0,409.78399272506186,409.86595772010634,409.8249752225841
2026-01-02 18:13:21+00:00,TSLA,ARCA,T1,BUY,243.75827155836205,98.0,243.73477970279478,243.78353153391848,243.75915561835663
2026-01-02 18:13:34+00:00,NVDA,NYSE,T1,BUY,493.9021023179403,124.0,493.86493767528145,493.96372054110304,493.91432910819225
2026-01-02 18:13:41+00:00,MSFT,NYSE,T1,SELL,409.255178686101,229.0,409.2188980818112,409.300750046624,409.2598240642176
2026-01-02 18:13:42+00:00,AAPL,NASDAQ,T3,SELL,190.6237777990031,242.0,190.60358990051284,190.641714430946,190.62265216572942
2026-01-02 18:13:49+00:00,MSFT,NYSE,T1,BUY,409.268331748109,102.0,409.2276490577448,409.30950277292794,409.2685759153364
2026-01-02 18:13:51+00:00,AAPL,NASDAQ,T3,BUY,190.75444602545153,347.0,190.71485672085052,190.79115792377942,190.75300732231497
2026-01-02 18:13:51+00:00,MSFT,NYSE,T1,BUY,409.2999402081578,175.0,409.2568721690452,409.33873172943504,409.2978019492401
2026-01-02 18:14:16+00:00,MSFT,NYSE,T1,SELL,408.76453874564095,209.0,408.7198968012016,408.80164895577735,408.7607728784895
2026-01-02 18:14:19+00:00,TSLA,ARCA,T1,SELL,244.02334197192297,106.0,243.9283226394387,244.1235433858488,244.02593301264375
2026-01-02 18:14:29+00:00,TSLA,ARCA,T1,SELL,244.2312053482284,233.0,244.13083780428747,244.32622062766023,244.22852921597385
2026-01-02 18:14:34+00:00,AAPL,NASDAQ,T3,SELL,191.01417866907917,34.0,190.97354824289195,191.04995294312917,191.01175059301056
2026-01-02 18:14:50+00:00,AAPL,NASDAQ,T3,BUY,191.1118690629162,91.0,191.07038412493367,191.14682756727208,191.10860584610288
2026-01-02 18:14:51+00:00,NVDA,NYSE,T1,BUY,493.9729820496579,187.0,493.9283905827783,494.0271861404507,493.9777883616145
2026-01-02 18:14:51+00:00,NVDA,NYSE,T1,BUY,493.9765208520607,377.0,493.9283905827783,494.0271861404507,493.9777883616145
2026-01-02 18:14:54+00:00,AAPL,NASDAQ,T3,BUY,191.0655820823448,189.0,190.99756780893955,191.15042700686587,191.0739974079027
2026-01-02 18:15:13+00:00,NVDA,NYSE,T1,BUY,494.38381768797296,122.0,493.9970740070577,494.7386257818994,494.3678498944785
2026-01-02 18:15:26+00:00,NVDA,NYSE,T1,BUY,494.05179979438657,99.0,494.0124076995024,494.1112200622785,494.06181388089044
2026-01-02 18:15:27+00:00,MSFT,NYSE,T1,SELL,409.42534172874684,244.0,409.38373897799954,409.4656239142888,409.4246814461442
2026-01-02 18:15:32+00:00,AAPL,NASDAQ,T3,SELL,190.88052346296504,80.0,190.81025843732914,190.96296772779522,190.88661308256218
2026-01-02 18:15:39+00:00,AAPL,NASDAQ,T3,BUY,190.74281471066087,183.0,190.72188366924595,190.76003186079893,190.74095776502244
2026-01-02 18:15:39+00:00,AAPL,NASDAQ,T3,SELL,190.73956542751864,222.0,190.72188366924595,190.76003186079893,190.74095776502244
2026-01-02 18:15:43+00:00,NVDA,NYSE,T1,SELL,494.0415401961814,73.0,493.99204446442565,494.09085275414753,494.0414486092866
2026-01-02 18:15:45+00:00,AAPL,NASDAQ,T3,BUY,190.67799449343605,297.0,190.59885581760523,190.75139591829958,190.6751258679524
2026-01-02 18:15:45+00:00,TSLA,ARCA,T1,SELL,244.44435100423868,88.0,244.42197920348696,244.47086848825614,244.44642384587155
2026-01-02 18:15:57+00:00,AAPL,NASDAQ,T3,BUY,190.73547362648478,173.0,190.7158770840605,190.75402407417633,190.73495057911842
2026-01-02 18:16:06+00:00,NVDA,NYSE,T1,SELL,493.6685250469486,185.0,493.56552762619833,493.7629933303897,493.664260478294
2026-01-02 18:16:09+00:00,TSLA,ARCA,T1,BUY,244.73495562143202,50.0,244.71233336708022,244.76128072848977,244.736807047785
2026-01-02 18:16:13+00:00,AAPL,NASDAQ,T3,BUY,190.78464562915565,269.0,190.76359985383561,190.80175638945997,190.7826781216478
2026-01-02 18:16:16+00:00,MSFT,NYSE,T1,BUY,408.90963827209293,421.0,408.8694655231418,408.95124759445355,408.9103565587977
2026-01-02 18:16:16+00:00,NVDA,NYSE,T1,BUY,493.52652888146775,245.0,493.48268482188774,493.5813912294929,493.5320380256903
2026-01-02 18:16:28+00:00,MSFT,NYSE,T1,BUY,408.9676045194235,103.0,408.9280648905145,409.0098586828718,408.96896178669317
2026-01-02 18:16:34+00:00,NVDA,NYSE,T1,SELL,493.795994261283,256.0,493.74438754858045,493.8431463019655,493.79376692527296
2026-01-02 18:16:46+00:00,TSLA,ARCA,T1,SELL,245.19332912175446,121.0,245.17153203632648,245.2205712466548,245.19605164149064
2026-01-02 18:16:48+00:00,NVDA,NYSE,T1,SELL,493.8382811105896,69.0,493.7440603358921,493.94159746745277,493.8428289016724
2026-01-02 18:16:58+00:00,AAPL,NASDAQ,T3,SELL,190.87133707491034,178.0,190.8521074078001,190.89028164670557,190.87119452725284
2026-01-02 18:17:01+00:00,NVDA,NYSE,T1,SELL,493.87793876120946,316.0,493.8264481830692,493.92522335022255,493.8758357666459
2026-01-02 18:17:03+00:00,TSLA,ARCA,T1,SELL,244.90335424507558,196.0,244.87510478717587,244.9240847061252,244.89959474665054
2026-01-02 18:17:06+00:00,MSFT,NYSE,T1,SELL,413.6891402391404,354.0,408.82292069092694,408.9864825715795,408.9047016312532
2026-01-02 18:17:07+00:00,TSLA,ARCA,T1,SELL,245.00664076977858,143.0,244.98118506738246,245.03018620450962,245.00568563594604
2026-01-02 18:17:10+00:00,NVDA,NYSE,T1,SELL,494.0500100072492,280.0,493.8588995319855,494.25414474969824,494.0565221408419
2026-01-02 18:17:11+00:00,TSLA,ARCA,T1,SELL,245.0016230069102,66.0,244.90721304100092,245.10321721310257,245.00521512705174
2026-01-02 18:17:14+00:00,MSFT,NYSE,T1,BUY,408.52237140407203,53.0,408.47864309497993,408.5603469939888,408.51949504448436
2026-01-02 18:17:16+00:00,AAPL,NASDAQ,T3,SELL,190.97208910247969,125.0,190.95283015986647,190.991024545337,190.97192735260174
2026-01-02 18:17:19+00:00,NVDA,NYSE,T1,SELL,494.3387974945824,52.0,494.28760925186185,494.38647666045307,494.33704295615746
2026-01-02 18:17:27+00:00,TSLA,ARCA,T1,BUY,245.0321439597206,182.0,245.0091995661805,245.0582063067678,245.03370293647416
2026-01-02 18:17:30+00:00,MSFT,NYSE,T1,BUY,409.0047413074141,85.0,408.9609077166965,409.04270807827606,409.0018078974863
2026-01-02 18:17:38+00:00,NVDA,NYSE,T1,BUY,494.72812430115806,124.0,494.6765787855168,494.7755239957949,494.72605139065587
2026-01-02 18:17:38+00:00,NVDA,NYSE,T1,BUY,494.72104102666896,205.0,494.6765787855168,494.7755239957949,494.72605139065587
2026-01-02 18:17:47+00:00,TSLA,ARCA,T1,BUY,244.93822641690946,377.0,244.91050129816293,244.95948829712248,244.9349947976427
2026-01-02 18:17:53+00:00,MSFT,NYSE,T1,BUY,409.2047352048826,103.0,409.16133176246274,409.24317221286026,409.2022519876615
2026-01-02 18:17:54+00:00,MSFT,NYSE,T1,SELL,409.2121129873291,128.0,409.17868977685924,409.26053369920686,409.21961173803305
2026-01-02 18:18:09+00:00,NVDA,NYSE,T1,BUY,494.93823558238796,104.0,494.7496995419242,495.14565768481486,494.94767861336953
2026-01-02 18:18:19+00:00,NVDA,NYSE,T1,BUY,494.9721706435984,201.0,494.87940901455767,495.07740037643583,494.97840469549675
2026-01-02 18:18:26+00:00,MSFT,NYSE,T1,SELL,409.5400712992917,263.0,409.49366751662023,409.575574440816,409.5346209787181
2026-01-02 18:18:37+00:00,TSLA,ARCA,T1,BUY,244.91083340647953,199.0,244.86002816468124,244.9579917686679,244.90900996667457
2026-01-02 18:18:41+00:00,AAPL,NASDAQ,T3,SELL,191.41491112822823,189.0,191.39694293546887,191.43522615237765,191.41608454392326
2026-01-02 18:18:47+00:00,TSLA,ARCA,T1,SELL,244.85382533344176,315.0,244.80388248169095,244.90182362291188,244.8528530523014
2026-01-02 18:19:11+00:00,MSFT,NYSE,T1,SELL,410.075401639803,215.0,410.0356388315273,410.11765416082653,410.0766464961769
2026-01-02 18:19:22+00:00,AAPL,NASDAQ,T3,SELL,191.53505511034075,92.0,191.51622997916738,191.5545370558709,191.53538351751914
2026-01-02 18:19:22+00:00,AAPL,NASDAQ,T3,BUY,191.53926338426757,150.0,191.51622997916738,191.5545370558709,191.53538351751914
2026-01-02 18:19:23+00:00,AAPL,NASDAQ,T3,SELL,191.5365337118359,142.0,191.498231481041,191.57484609655648,191.53653878879874
2026-01-02 18:19:34+00:00,NVDA,NYSE,T1,SELL,494.100125228647,253.0,494.05136990359546,494.1501900595918,494.10077998159363
2026-01-02 18:19:40+00:00,AAPL,NASDAQ,T3,SELL,191.63650744115213,62.0,191.61868126886267,191.65700883787335,191.637845053368
2026-01-02 18:19:44+00:00,TSLA,ARCA,T1,BUY,245.15275286703906,179.0,245.1257746041773,245.17480466210395,245.15028963314063
2026-01-02 18:19:44+00:00,MSFT,NYSE,T1,SELL,410.2414386703769,89.0,410.19715026130336,410.27919789611906,410.2381740787112
2026-01-02 18:19:48+00:00,MSFT,NYSE,T1,SELL,410.272962911408,100.0,410.19847994547047,410.3625921598915,410.280536052681
2026-01-02 18:20:00+00:00,MSFT,NYSE,T1,BUY,410.01449751848804,172.0,409.9729345388006,410.0549373259871,410.01393593239385
2026-01-02 18:20:02+00:00,MSFT,NYSE,T1,SELL,410.104746172699,90.0,410.0659634664953,410.14798486132804,410.1069741639117
2026-01-02 18:20:08+00:00,TSLA,ARCA,T1,SELL,245.36758042428556,248.0,245.34378420689234,245.39285787110015,245.36832103899624
2026-01-02 18:20:11+00:00,AAPL,NASDAQ,T3,SELL,191.8610205255178,377.0,191.82477829457275,191.90152355494263,191.8631509247577
2026-01-02 18:20:12+00:00,TSLA,ARCA,T1,BUY,245.4168744974935,152.0,245.38993352293403,245.4390164179281,245.41447497043106
2026-01-02 18:20:29+00:00,MSFT,NYSE,T1,SELL,409.56254365932386,83.0,409.52648672526504,409.60840021395893,409.567443469612
2026-01-02 18:20:45+00:00,NVDA,NYSE,T1,BUY,493.89022849027407,302.0,493.68844673827397,494.08355553918494,493.88600113872945
2026-01-02 18:20:46+00:00,MSFT,NYSE,T1,BUY,409.3155326177024,478.0,409.228482668209,409.39220680610384,409.3103447371564
2026-01-02 18:20:52+00:00,TSLA,ARCA,T1,SELL,245.1719664782277,270.0,245.1490321050617,245.1980668149537,245.1735494600077
2026-01-02 18:20:56+00:00,NVDA,NYSE,T1,SELL,493.93049481223005,169.0,493.8760616857514,493.97484677659764,493.9254542311745
2026-01-02 18:20:56+00:00,MSFT,NYSE,T1,SELL,409.51482198307303,110.0,409.4738747813103,409.5557777465631,409.5148262639367
2026-01-02 18:20:57+00:00,NVDA,NYSE,T1,BUY,493.98048252976145,174.0,493.93710988032694,494.03590718203316,493.98650853118005
2026-01-02 18:21:09+00:00,AAPL,NASDAQ,T3,BUY,191.75181069924733,114.0,191.73196643476365,191.77031666307346,191.75114154891855
2026-01-02 18:21:10+00:00,AAPL,NASDAQ,T3,BUY,191.6809335372553,117.0,191.64669617835153,191.72337019162552,191.68503318498853
2026-01-02 18:21:20+00:00,TSLA,ARCA,T1,BUY,245.32592046065793,291.0,245.27211744395768,245.37024591662978,245.32118168029373
2026-01-02 18:21:22+00:00,MSFT,NYSE,T1,BUY,409.8048389681482,128.0,409.4797845840138,410.0944652714054,409.7871249277096
2026-01-02 18:21:24+00:00,AAPL,NASDAQ,T3,BUY,191.6840897214765,86.0,191.6687500285195,191.70708761228357,191.68791882040153
2026-01-02 18:21:25+00:00,MSFT,NYSE,T1,SELL,409.74403273444136,145.0,409.70357734328536,409.785526253645,409.7445517984652
2026-01-02 18:21:27+00:00,AAPL,NASDAQ,T3,SELL,191.61668076074605,193.0,191.60060548890593,191.63892944239907,191.6197674656525
2026-01-02 18:21:28+00:00,AAPL,NASDAQ,T3,BUY,191.61620057578148,103.0,191.59599412817008,191.63431715929883,191.61515564373445
2026-01-02 18:21:30+00:00,MSFT,NYSE,T1,SELL,409.82573387209095,181.0,409.7852356365652,409.86720088021684,409.826218258391
2026-01-02 18:21:34+00:00,AAPL,NASDAQ,T3,SELL,191.69604008211545,164.0,191.67344816298825,191.71178668647318,191.6926174247307
2026-01-02 18:21:34+00:00,NVDA,NYSE,T1,BUY,494.23424407861353,175.0,494.1773786235109,494.2762239837716,494.22680130364125
2026-01-02 18:21:38+00:00,TSLA,ARCA,T1,BUY,245.30784429989654,150.0,245.2779963872181,245.3270568925461,245.3025266398821
2026-01-02 18:21:48+00:00,TSLA,ARCA,T1,BUY,245.2509112830528,108.0,245.20159016556022,245.29969042167767,245.25064029361894
2026-01-02 18:21:51+00:00,TSLA,ARCA,T1,SELL,245.32786880009664,145.0,245.30226451108345,245.3513298705216,245.32679719080252
2026-01-02 18:21:53+00:00,TSLA,ARCA,T1,SELL,245.34993378264718,81.0,245.32795328404148,245.37702378174805,245.35248853289477
2026-01-02 18:22:01+00:00,MSFT,NYSE,T1,SELL,409.85493210348494,45.0,409.81340973575374,409.89538061478873,409.85439517527124
2026-01-02 18:22:03+00:00,AAPL,NASDAQ,T3,BUY,191.79291691304255,217.0,191.7761033543651,191.81446241094164,191.79528288265337
2026-01-02 18:22:07+00:00,MSFT,NYSE,T1,SELL,409.72389533717455,105.0,409.6466693439802,409.810560790007,409.7286150669936
2026-01-02 18:22:08+00:00,MSFT,NYSE,T1,BUY,409.77514414722805,121.0,409.7354583656839,409.8174136528857,409.7764360092848
2026-01-02 18:22:11+00:00,TSLA,ARCA,T1,BUY,245.10714124446898,254.0,245.08490425159704,245.13392613463566,245.10941519311635
2026-01-02 18:22:16+00:00,AAPL,NASDAQ,T3,BUY,191.88340095946114,162.0,191.86648096833446,191.9048581022415,191.88566953528797
2026-01-02 18:22:22+00:00,AAPL,NASDAQ,T3,SELL,191.87279119603167,209.0,191.85444196034177,191.8928166862064,191.8736293232741
2026-01-02 18:22:57+00:00,TSLA,ARCA,T1,BUY,245.20702886473518,56.0,245.18048101159914,245.22952201190148,245.2050015117503
2026-01-02 18:23:02+00:00,AAPL,NASDAQ,T3,SELL,191.6948726084227,122.0,191.67384674046997,191.71218534367836,191.69301604207416
2026-01-02 18:23:33+00:00,AAPL,NASDAQ,T3,BUY,191.58571602455598,163.0,191.56485939753614,191.60317620109598,191.58401779931606
2026-01-02 18:23:37+00:00,AAPL,NASDAQ,T3,BUY,191.62580503743874,221.0,191.58964091786885,191.6662921044733,191.62796651117108
2026-01-02 18:23:43+00:00,MSFT,NYSE,T1,SELL,409.71447463261046,439.0,409.67217508862257,409.7541177179032,409.7131464032629
2026-01-02 18:23:45+00:00,MSFT,NYSE,T1,SELL,409.8225361483562,223.0,409.7386476930389,409.9025759377651,409.820611815402
2026-01-02 18:23:50+00:00,TSLA,ARCA,T1,SELL,245.43585555438943,272.0,245.41132628557935,245.46041345955385,245.4358698725666
2026-01-02 18:23:51+00:00,AAPL,NASDAQ,T3,BUY,191.4571406906917,202.0,191.4394745730219,191.4777662971089,191.4586204350654
2026-01-02 18:23:52+00:00,TSLA,ARCA,T1,BUY,245.39388356452343,192.0,245.36825718732084,245.4173357466142,245.39279646696752
2026-01-02 18:24:02+00:00,MSFT,NYSE,T1,BUY,409.54949352850394,50.0,409.4605625441197,409.624379532535,409.54247103832734
2026-01-02 18:24:07+00:00,AAPL,NASDAQ,T3,BUY,191.21253623997055,330.0,191.19303396439767,191.23127639543367,191.21215517991567
2026-01-02 18:24:07+00:00,AAPL,NASDAQ,T3,BUY,191.2130666970926,180.0,191.19303396439767,191.23127639543367,191.21215517991567
2026-01-02 18:24:14+00:00,NVDA,NYSE,T1,BUY,494.7963025293582,327.0,494.7510414560837,494.8500015603854,494.80052150823457
2026-01-02 18:24:31+00:00,NVDA,NYSE,T1,SELL,494.5805518762508,117.0,494.4781346944666,494.67596551450833,494.57705010448745
2026-01-02 18:24:38+00:00,NVDA,NYSE,T1,BUY,494.91692136612465,76.0,494.86357931152645,494.9625619256502,494.91307061858834
2026-01-02 18:24:42+00:00,NVDA,NYSE,T1,BUY,494.8185137752533,75.0,494.76686552175056,494.8658287911818,494.8163471564662
2026-01-02 18:24:43+00:00,TSLA,ARCA,T1,BUY,245.33040236934286,81.0,245.30655971947502,245.3556259380408,245.3310928287579
2026-01-02 18:24:45+00:00,NVDA,NYSE,T1,SELL,494.9592789669242,105.0,494.9092769998796,495.008268754455,494.9587728771673
2026-01-02 18:24:48+00:00,AAPL,NASDAQ,T3,BUY,191.4230181785773,102.0,191.3786537914332,191.45522056630475,191.41693717886898
2026-01-02 18:24:51+00:00,MSFT,NYSE,T1,BUY,409.57165702601753,56.0,409.4301660240038,409.75784122690413,409.594003625454
2026-01-02 18:25:14+00:00,TSLA,ARCA,T1,SELL,245.26222433499973,344.0,245.2349711574855,245.28402305690693,245.2594971071962
2026-01-02 18:25:14+00:00,TSLA,ARCA,T1,BUY,245.25912200139925,67.0,245.2349711574855,245.28402305690693,245.2594971071962
2026-01-02 18:25:16+00:00,MSFT,NYSE,T1,SELL,409.9733593061148,158.0,409.92748285655085,410.0094765524918,409.9684797045213
2026-01-02 18:25:23+00:00,MSFT,NYSE,T1,BUY,410.17243989634545,74.0,410.13620586436576,410.2182413090831,410.17722358672444
2026-01-02 18:25:25+00:00,AAPL,NASDAQ,T3,BUY,191.52054489477518,116.0,191.50226014617712,191.5405644286346,191.52141228740587
2026-01-02 18:25:27+00:00,TSLA,ARCA,T1,BUY,245.31458231959505,184.0,245.29009272976523,245.33915565460367,245.31462419218445
2026-01-02 18:25:27+00:00,TSLA,ARCA,T1,SELL,245.3200719638182,247.0,245.29009272976523,245.33915565460367,245.31462419218445
2026-01-02 18:25:53+00:00,NVDA,NYSE,T1,SELL,494.0140935312319,104.0,493.96845118658615,494.0672547571805,494.0178529718833
2026-01-02 18:25:56+00:00,NVDA,NYSE,T1,SELL,494.0783256923289,217.0,493.8362420380507,494.2314691225149,494.0338555802828
2026-01-02 18:25:57+00:00,MSFT,NYSE,T1,BUY,410.35157420660147,111.0,410.3099721906368,410.39204239209505,410.35100729136593
2026-01-02 18:25:59+00:00,TSLA,ARCA,T1,BUY,245.15583430632918,128.0,245.1307680634315,245.17979912014988,245.1552835917907
2026-01-02 18:26:00+00:00,AAPL,NASDAQ,T3,BUY,191.40065517532662,240.0,191.38631643529504,191.42459752669123,191.40545698099314
2026-01-02 18:26:03+00:00,AAPL,NASDAQ,T3,BUY,191.42708474421312,217.0,191.4105432173324,191.44882915456955,191.42968618595097
2026-01-02 18:26:09+00:00,TSLA,ARCA,T1,BUY,245.31128247867548,80.0,245.28792198606084,245.33698447670713,245.31245323138398
2026-01-02 18:26:10+00:00,TSLA,ARCA,T1,BUY,245.2823268339228,401.0,245.2360046266985,245.33411865135412,245.2850616390263
2026-01-02 18:26:12+00:00,TSLA,ARCA,T1,SELL,245.24358151107097,58.0,245.13916424435985,245.33535405167828,245.23725914801906
2026-01-02 18:26:33+00:00,MSFT,NYSE,T1,BUY,411.07335326544876,135.0,411.0371088059896,411.1193244493151,411.07821662765235
2026-01-02 18:26:45+00:00,NVDA,NYSE,T1,BUY,493.4586645386479,174.0,493.41312507391444,493.5118175681787,493.46247132104656
2026-01-02 18:27:06+00:00,TSLA,ARCA,T1,SELL,245.19260549152568,63.0,245.17096123972343,245.220000335881,245.1954807878022
2026-01-02 18:27:07+00:00,TSLA,ARCA,T1,BUY,245.21012680742996,280.0,245.18083190300123,245.22987297348888,245.20535243824506
2026-01-02 18:27:16+00:00,MSFT,NYSE,T1,BUY,410.91245482358465,95.0,410.86981523378614,410.95199741505104,410.9109063244186
2026-01-02 18:27:22+00:00,TSLA,ARCA,T1,SELL,245.342825949268,142.0,245.31682417835762,245.36589245002048,245.34135831418905
2026-01-02 18:27:27+00:00,NVDA,NYSE,T1,SELL,493.0740528317472,234.0,492.9750718928018,493.1723013674539,493.07368663012784
2026-01-02 18:27:28+00:00,TSLA,ARCA,T1,SELL,245.43548291116983,234.0,245.41145742674945,245.4605446269548,245.43600102685213
2026-01-02 18:27:30+00:00,TSLA,ARCA,T1,SELL,245.4721084497362,75.0,245.4479111651697,245.49700565685188,245.4724584110108
2026-01-02 18:27:31+00:00,AAPL,NASDAQ,T3,SELL,191.70577590128863,100.0,191.66019634586337,191.7368757602846,191.69853605307398
2026-01-02 18:27:32+00:00,TSLA,ARCA,T1,BUY,245.51433209449598,214.0,245.49152819609964,245.54063141206046,245.51607980408005
2026-01-02 18:27:36+00:00,MSFT,NYSE,T1,SELL,411.2243140851446,69.0,410.88751514388196,411.5043090119989,411.1959120779404
2026-01-02 18:27:45+00:00,MSFT,NYSE,T1,BUY,410.9407933661908,115.0,410.89604679180076,410.97823421990194,410.93714050585135
2026-01-02 18:27:50+00:00,SPY,ARCA,T2,BUY,462.3838856066683,122.0,461.96089962306667,462.65436106858544,462.30763034582606
2026-01-02 18:27:56+00:00,SPY,ARCA,T2,SELL,462.27439982978876,143.0,462.2252616856758,462.3177159834427,462.27148883455925
2026-01-02 18:28:01+00:00,TSLA,ARCA,T1,SELL,245.25251939370418,227.0,245.20401121054866,245.30211243527785,245.25306182291325
2026-01-02 18:28:03+00:00,MSFT,NYSE,T1,SELL,411.0249780188283,348.0,410.985840193613,411.06804558219056,411.0269428879018
2026-01-02 18:28:05+00:00,MSFT,NYSE,T1,BUY,411.2324801018335,163.0,411.15829583676447,411.32279205434264,411.24054394555355
2026-01-02 18:28:05+00:00,SPY,ARCA,T2,BUY,462.5412825523234,122.0,462.49294278975896,462.5854506291009,462.5391967094299
2026-01-02 18:28:07+00:00,NVDA,NYSE,T1,BUY,493.3617610747127,157.0,493.2583318673697,493.45567466867686,493.3570032680233
2026-01-02 18:28:08+00:00,SPY,ARCA,T2,SELL,462.7722334048949,203.0,462.69267730576576,462.8777913995068,462.7852343526363
2026-01-02 18:28:11+00:00,MSFT,NYSE,T1,SELL,411.3373700429356,246.0,411.2926666769741,411.3749334369855,411.3338000569798
2026-01-02 18:28:14+00:00,MSFT,NYSE,T1,BUY,411.3564499936875,202.0,411.3178807025139,411.40015250583474,411.3590166041743
2026-01-02 18:28:14+00:00,NVDA,NYSE,T1,BUY,493.2819021869982,205.0,493.23400564524525,493.33266231204095,493.2833339786431
2026-01-02 18:28:23+00:00,MSFT,NYSE,T1,SELL,411.389493000396,349.0,411.347500877448,411.4297786053963,411.38863974142214
2026-01-02 18:28:28+00:00,NVDA,NYSE,T1,SELL,493.04593862815733,213.0,492.99027132335823,493.0888792384144,493.0395752808863
2026-01-02 18:28:34+00:00,NVDA,NYSE,T1,SELL,493.01854574445207,211.0,492.9782317309956,493.0768372378925,493.02753448444406
2026-01-02 18:28:35+00:00,MSFT,NYSE,T1,BUY,411.0058499256249,236.0,410.96486577750545,411.0470669707803,411.0059663741429
2026-01-02 18:28:46+00:00,TSLA,ARCA,T1,SELL,244.91339127280503,57.0,244.88518540003193,244.9341673353055,244.9096763676687
2026-01-02 18:28:48+00:00,SPY,ARCA,T2,BUY,462.0907781710629,160.0,461.90811053593416,462.27778489410616,462.09294771502016
2026-01-02 18:28:52+00:00,AAPL,NASDAQ,T3,SELL,191.9208356702659,221.0,191.902856458475,191.94124086820764,191.92204866334131
2026-01-02 18:28:56+00:00,MSFT,NYSE,T1,SELL,410.6864366116145,160.0,410.64779161298003,410.72992938507986,410.68886049902994
2026-01-02 18:29:00+00:00,TSLA,ARCA,T1,BUY,244.74602584718073,124.0,244.72169305376008,244.7706422872942,244.74616767052714
2026-01-02 18:29:15+00:00,TSLA,ARCA,T1,SELL,244.76317118530082,100.0,244.74011796242772,244.78907088131209,244.7645944218699
2026-01-02 18:29:24+00:00,NVDA,NYSE,T1,SELL,492.26522127174644,51.0,492.2086681758189,492.30711975461196,492.25789396521543
2026-01-02 18:29:26+00:00,SPY,ARCA,T2,SELL,462.6274583519067,219.0,462.5813575930204,462.6738831170914,462.6276203550559
2026-01-02 18:29:31+00:00,NVDA,NYSE,T1,SELL,492.2068056116784,103.0,492.15577078498836,492.2542117832452,492.2049912841168
2026-01-02 18:29:48+00:00,AAPL,NASDAQ,T3,BUY,192.04589859587733,166.0,192.01078299074064,192.08760266787235,192.0491928293065
2026-01-02 18:29:48+00:00,SPY,ARCA,T2,BUY,463.1021174403384,291.0,463.0103553623997,463.1955965527828,463.10297595759124
2026-01-02 18:29:52+00:00,TSLA,ARCA,T1,SELL,244.77595938814073,209.0,244.75213646678998,244.8010917896156,244.7766141282028
2026-01-02 18:30:00+00:00,SPY,ARCA,T2,BUY,463.31690784992435,294.0,463.22627582506124,463.4116034009065,463.31893961298385
2026-01-02 18:30:03+00:00,TSLA,ARCA,T1,BUY,244.8705754231054,275.0,244.8450590928099,244.8940330020194,244.86954604741464
2026-01-02 18:30:05+00:00,TSLA,ARCA,T1,BUY,244.86255472618967,117.0,244.83848694225185,244.88745953689977,244.8629732395758
2026-01-02 18:30:10+00:00,TSLA,ARCA,T1,SELL,244.94812015960323,802.0,244.92704468595426,244.97603499392224,244.95153983993825
2026-01-02 18:30:10+00:00,SPY,ARCA,T2,SELL,463.38983456796996,710.0,463.3439424257801,463.43662048207085,463.39028145392547
2026-01-02 18:30:10+00:00,MSFT,NYSE,T1,BUY,411.2026780537166,106.0,411.10702740568996,411.2715031117935,411.1892652587417
2026-01-02 18:30:18+00:00,AAPL,NASDAQ,T3,BUY,192.074184197726,182.0,192.05296717113072,192.09138160600844,192.07217438856958
2026-01-02 18:30:23+00:00,TSLA,ARCA,T1,SELL,244.79046216937581,214.0,244.76851249624394,244.81747109460304,244.7929917954235
2026-01-02 18:30:25+00:00,TSLA,ARCA,T1,SELL,244.79116901133838,218.0,244.7402807187726,244.8381964141992,244.7892385664859
2026-01-02 18:30:45+00:00,AAPL,NASDAQ,T3,BUY,191.76681855818674,208.0,191.74812859707816,191.7864820581437,191.76730532761093
2026-01-02 18:30:45+00:00,MSFT,NYSE,T1,BUY,411.5838564152148,229.0,411.54343050356005,411.6257474213525,411.5845889624563
2026-01-02 18:30:48+00:00,AAPL,NASDAQ,T3,SELL,191.78830295607972,52.0,191.76510295789703,191.80345981417426,191.78428138603564
2026-01-02 18:30:52+00:00,MSFT,NYSE,T1,SELL,411.45269050910014,169.0,411.41543189930985,411.49772321482124,411.45657755706554
2026-01-02 18:30:52+00:00,AAPL,NASDAQ,T3,BUY,191.86644411283578,175.0,191.85036710522675,191.8887410160389,191.86955406063282
2026-01-02 18:30:55+00:00,NVDA,NYSE,T1,BUY,492.55503206805884,548.0,492.36084927333616,492.754895571274,492.5578724223051
2026-01-02 18:30:57+00:00,MSFT,NYSE,T1,BUY,411.5877304512616,291.0,411.54969638127045,411.6320145523638,411.5908554668171
2026-01-02 18:31:02+00:00,TSLA,ARCA,T1,BUY,244.86130844978712,90.0,244.83750945744774,244.88648185657914,244.86199565701344
2026-01-02 18:31:05+00:00,SPY,ARCA,T2,BUY,462.70263724858575,110.0,462.6580530650201,462.75059392971957,462.70432349736984
2026-01-02 18:31:08+00:00,NVDA,NYSE,T1,BUY,492.1400454965266,142.0,492.0896039268902,492.18803169045196,492.1388178086711
2026-01-02 18:31:13+00:00,AAPL,NASDAQ,T3,SELL,191.89045939971663,188.0,191.87242471455434,191.91080303732954,191.89161387594194
2026-01-02 18:31:14+00:00,MSFT,NYSE,T1,BUY,411.55587550639774,82.0,411.46662295494366,411.6312425280403,411.54893274149197
2026-01-02 18:31:16+00:00,AAPL,NASDAQ,T3,BUY,191.81576732050243,142.0,191.77710324931246,191.8538294358495,191.81546634258098
2026-01-02 18:31:21+00:00,SPY,ARCA,T2,BUY,462.05871816367915,317.0,461.8966074864715,462.26627263852146,462.0814400624965
2026-01-02 18:31:29+00:00,NVDA,NYSE,T1,BUY,491.9186323857582,71.0,491.85893587964216,491.9573175049806,491.9081266923114
2026-01-02 18:31:29+00:00,NVDA,NYSE,T1,SELL,491.90975604778146,522.0,491.85893587964216,491.9573175049806,491.9081266923114
2026-01-02 18:31:32+00:00,MSFT,NYSE,T1,SELL,411.2265150741286,264.0,411.18274621938195,411.26499099310325,411.2238686062426
2026-01-02 18:31:33+00:00,NVDA,NYSE,T1,SELL,491.8078333030103,80.0,491.6284831780927,492.0219433487035,491.8252132633981
2026-01-02 18:31:39+00:00,MSFT,NYSE,T1,BUY,411.36050167658567,116.0,411.2749554060119,411.43949829675245,411.35722685138217
2026-01-02 18:31:48+00:00,SPY,ARCA,T2,BUY,462.232684447514,96.0,462.1469108951517,462.33180663865846,462.23935876690507
2026-01-02 18:31:57+00:00,SPY,ARCA,T2,BUY,462.1714269927169,104.0,462.1256111220101,462.21804548767113,462.17182830484063
2026-01-02 18:32:03+00:00,MSFT,NYSE,T1,SELL,411.3012612113596,315.0,411.2570666320662,411.3393262713565,411.29819645171136
2026-01-02 18:32:05+00:00,TSLA,ARCA,T1,SELL,244.86376001833924,518.0,244.8419939469547,244.8909672430737,244.8664805950142
2026-01-02 18:32:07+00:00,NVDA,NYSE,T1,SELL,491.99973544415593,418.0,491.9515467389769,492.04994688833966,492.0007468136583
2026-01-02 18:32:07+00:00,SPY,ARCA,T2,SELL,462.23352390284833,102.0,462.18986092299946,462.28230813990575,462.2360845314526
2026-01-02 18:32:10+00:00,MSFT,NYSE,T1,BUY,411.1870777885994,230.0,411.14771929358875,411.2299570612242,411.18883817740647
2026-01-02 18:32:25+00:00,SPY,ARCA,T2,BUY,462.00839003776844,212.0,461.9606008682555,462.0530022285652,462.00680154841035
2026-01-02 18:32:30+00:00,TSLA,ARCA,T1,SELL,244.78248534674492,103.0,244.73365727276314,244.83157031828136,244.78261379552225
2026-01-02 18:32:30+00:00,NVDA,NYSE,T1,BUY,492.3434559175617,259.0,492.01699222142173,492.75557164432104,492.3862819328714
2026-01-02 18:32:50+00:00,NVDA,NYSE,T1,SELL,492.07675477209597,165.0,492.02719913391246,492.1256144152674,492.07640677458994
2026-01-02 18:32:54+00:00,AAPL,NASDAQ,T3,SELL,191.56840790003116,154.0,191.5494061770051,191.58771988961178,191.56856303330844
2026-01-02 18:32:59+00:00,AAPL,NASDAQ,T3,BUY,191.57433480532848,112.0,191.5424642955585,191.61909660773915,191.58078045164882
2026-01-02 18:33:05+00:00,SPY,ARCA,T2,SELL,461.38608950713757,104.0,461.3347384047423,461.4270145800408,461.38087649239156
2026-01-02 18:33:07+00:00,MSFT,NYSE,T1,SELL,411.44582966383155,140.0,411.3678124169217,411.5323924578967,411.4501024374092
2026-01-02 18:33:09+00:00,MSFT,NYSE,T1,SELL,411.57574502060737,216.0,411.5351239547191,411.6174392110356,411.57628158287736
2026-01-02 18:33:11+00:00,AAPL,NASDAQ,T3,BUY,191.58003733239863,213.0,191.56212502219634,191.60044127882642,191.58128315051138
2026-01-02 18:33:12+00:00,NVDA,NYSE,T1,SELL,492.18631394251355,81.0,492.0813932430674,492.2782651747509,492.17982920890915
2026-01-02 18:33:22+00:00,NVDA,NYSE,T1,SELL,492.1540845509946,211.0,492.1108370969251,492.2092691075455,492.1600531022353
2026-01-02 18:33:29+00:00,TSLA,ARCA,T1,BUY,244.81718537739542,454.0,244.79055889635353,244.8395219044336,244.81504040039357
2026-01-02 18:33:30+00:00,TSLA,ARCA,T1,SELL,244.8301731306219,293.0,244.80508851304435,244.8540544273384,244.82957147019138
2026-01-02 18:33:31+00:00,SPY,ARCA,T2,SELL,461.2092176067559,114.0,461.16350313897016,461.25574506379047,461.2096241013803
2026-01-02 18:33:35+00:00,NVDA,NYSE,T1,BUY,491.88728748994066,38.0,491.84154410541333,491.93992225204903,491.8907331787312
2026-01-02 18:33:40+00:00,SPY,ARCA,T2,SELL,461.3445101587508,131.0,461.2600625335784,461.44460346677846,461.3523330001784
2026-01-02 18:33:51+00:00,MSFT,NYSE,T1,BUY,411.7889740091293,126.0,411.71846937149587,411.8831897033108,411.80082953740333
2026-01-02 18:33:54+00:00,MSFT,NYSE,T1,BUY,411.9109422173774,70.0,411.8628280140857,411.94520881776896,411.90401841592734
2026-01-02 18:33:56+00:00,SPY,ARCA,T2,SELL,461.23627654132895,141.0,461.19627479889573,461.28852327870345,461.2423990387996
2026-01-02 18:34:10+00:00,AAPL,NASDAQ,T3,SELL,191.58214657859244,186.0,191.54400801963524,191.62064094942903,191.58232448453214
2026-01-02 18:34:10+00:00,AAPL,NASDAQ,T3,SELL,191.58088599382788,156.0,191.54400801963524,191.62064094942903,191.58232448453214
2026-01-02 18:34:11+00:00,NVDA,NYSE,T1,BUY,492.10439053722024,95.0,492.0095420979978,492.20638528347405,492.1079636907359
2026-01-02 18:34:14+00:00,MSFT,NYSE,T1,BUY,411.87178758791595,127.0,411.5622603038654,412.18006704938034,411.87116367662287
2026-01-02 18:34:19+00:00,SPY,ARCA,T2,SELL,461.1114180600591,503.0,461.058834518719,461.1510555077216,461.1049450132203
2026-01-02 18:34:30+00:00,NVDA,NYSE,T1,SELL,492.0789681336153,124.0,492.03477283097703,492.13318962722286,492.08398122909995
2026-01-02 18:34:33+00:00,MSFT,NYSE,T1,BUY,411.8095586350506,207.0,411.7319412535497,411.8966669751954,411.81430411437253
2026-01-02 18:34:38+00:00,AAPL,NASDAQ,T3,SELL,191.44404913111416,172.0,191.42428766724294,191.46257635364503,191.44343201044398
2026-01-02 18:34:47+00:00,MSFT,NYSE,T1,SELL,411.83444014053686,254.0,411.79422909607825,411.87659617860567,411.83541263734196
2026-01-02 18:34:48+00:00,TSLA,ARCA,T1,SELL,244.57619625933347,96.0,244.55312964359578,244.60204516107623,244.577587402336
2026-01-02 18:34:53+00:00,TSLA,ARCA,T1,SELL,244.64821653571047,66.0,244.6264597316453,244.67538991661013,244.6509248241277
2026-01-02 18:34:55+00:00,TSLA,ARCA,T1,SELL,244.7023924631277,150.0,244.67794498241975,244.72688546546456,244.70241522394215
2026-01-02 18:35:02+00:00,SPY,ARCA,T2,BUY,460.9402776272379,149.0,460.85151002828417,461.0358875077914,460.9436987680378
2026-01-02 18:35:04+00:00,NVDA,NYSE,T1,BUY,491.16628807902396,149.0,491.11145337740373,491.2096854912906,491.16056943434717
2026-01-02 18:35:05+00:00,NVDA,NYSE,T1,BUY,491.1249422770058,108.0,491.03572252723524,491.2321761069621,491.13394931709865
2026-01-02 18:35:07+00:00,MSFT,NYSE,T1,BUY,411.7698088577742,139.0,411.724770219396,411.80712340875886,411.76594681407744
2026-01-02 18:35:07+00:00,AAPL,NASDAQ,T3,SELL,191.2711591940389,224.0,191.25012576769416,191.28837961823274,191.26925269296345
2026-01-02 18:35:17+00:00,AAPL,NASDAQ,T3,SELL,191.31927438565722,132.0,191.30005871508612,191.33832255321298,191.31919063414955
2026-01-02 18:35:22+00:00,SPY,ARCA,T2,SELL,461.2915876519713,123.0,461.2504236900719,461.342683000741,461.29655334540644
2026-01-02 18:35:39+00:00,MSFT,NYSE,T1,BUY,411.57049059579975,205.0,411.4088625099768,411.73812130350217,411.5734919067395
2026-01-02 18:35:41+00:00,MSFT,NYSE,T1,SELL,411.6642876635465,70.0,411.4938051957177,411.82313197058426,411.658468583151
2026-01-02 18:35:41+00:00,SPY,ARCA,T2,BUY,461.2530274231206,155.0,461.2079489220943,461.3001997369602,461.25407432952727
2026-01-02 18:35:43+00:00,TSLA,ARCA,T1,SELL,244.35243329539242,174.0,244.32623661716835,244.37510675150523,244.3506716843368
2026-01-02 18:35:44+00:00,AAPL,NASDAQ,T3,SELL,191.31154378157242,584.0,191.2664802920222,191.3430021885183,191.30474124027026
2026-01-02 18:35:47+00:00,SPY,ARCA,T2,SELL,461.17348160315214,93.0,460.9874506942925,461.35638822986215,461.1719194620773
2026-01-02 18:35:48+00:00,MSFT,NYSE,T1,BUY,411.60898846742026,128.0,411.5640222024803,411.6463432390245,411.6051827207524
2026-01-02 18:36:01+00:00,AAPL,NASDAQ,T3,BUY,191.44931443653385,32.0,191.43073402051198,191.46902399631364,191.4498790084128
2026-01-02 18:36:05+00:00,SPY,ARCA,T2,BUY,461.3043930295856,89.0,461.2092848926894,461.3938055107701,461.30154520172977
2026-01-02 18:36:11+00:00,NVDA,NYSE,T1,SELL,490.3833266223263,337.0,490.29540536814403,490.49156276177,490.393484064957
2026-01-02 18:36:12+00:00,SPY,ARCA,T2,BUY,461.203402432934,157.0,461.1642194129346,461.25646148102396,461.2103404469793
2026-01-02 18:36:14+00:00,TSLA,ARCA,T1,SELL,244.43819950927158,233.0,244.41642918384602,244.46531735850024,244.44087327117313
2026-01-02 18:36:19+00:00,NVDA,NYSE,T1,BUY,490.12388413530795,230.0,490.07623934914966,490.17426439952453,490.1252518743371
2026-01-02 18:36:33+00:00,NVDA,NYSE,T1,SELL,490.0854461327843,69.0,490.0345773228369,490.1325940399732,490.08358568140505
2026-01-02 18:36:35+00:00,AAPL,NASDAQ,T3,SELL,191.8830140785481,123.0,191.86481434606407,191.90319114661332,191.8840027463387
2026-01-02 18:36:45+00:00,SPY,ARCA,T2,BUY,460.91715724319164,214.0,460.8701361807885,460.9623194263492,460.91622780356886
2026-01-02 18:36:46+00:00,MSFT,NYSE,T1,BUY,411.5088848257622,59.0,411.47749315491444,411.55979688391835,411.5186450194164
2026-01-02 18:36:47+00:00,NVDA,NYSE,T1,SELL,490.1128280593866,233.0,490.06434526942695,490.16236794074797,490.11335660508746
2026-01-02 18:36:52+00:00,SPY,ARCA,T2,BUY,460.96008846763687,115.0,460.9142415498651,461.00643361738184,460.96033758362347
2026-01-02 18:36:59+00:00,SPY,ARCA,T2,BUY,460.9402475799823,265.0,460.8461827494152,461.0305580975846,460.9383704234999
2026-01-02 18:36:59+00:00,SPY,ARCA,T2,BUY,460.93458255814835,108.0,460.8461827494152,461.0305580975846,460.9383704234999
2026-01-02 18:37:08+00:00,SPY,ARCA,T2,SELL,460.69694647718904,2800.0,460.6530867543784,460.7452265857124,460.6991566700454
2026-01-02 18:37:11+00:00,NVDA,NYSE,T1,BUY,488.76937672614866,162.0,488.7245533873691,488.8223080735152,488.77343073044216
2026-01-02 18:37:20+00:00,TSLA,ARCA,T1,SELL,244.47236792133884,359.0,244.43022877744556,244.5280204272865,244.47912460236603
2026-01-02 18:37:21+00:00,NVDA,NYSE,T1,SELL,488.3699072161222,100.0,488.3264850278989,488.42416009241094,488.3753225601549
2026-01-02 18:37:48+00:00,NVDA,NYSE,T1,SELL,488.2705796303347,167.0,488.22910737973,488.32676296676465,488.27793517324733
2026-01-02 18:37:52+00:00,MSFT,NYSE,T1,SELL,412.6503025703671,101.0,412.6090221090675,412.69155216649506,412.6502871377813
2026-01-02 18:37:55+00:00,MSFT,NYSE,T1,BUY,412.7388102760029,160.0,412.5720026694926,412.9021923474994,412.737097508496
2026-01-02 18:37:58+00:00,AAPL,NASDAQ,T3,SELL,191.77983748358034,282.0,191.7625648249857,191.80092117358555,191.78174299928563
2026-01-02 18:38:01+00:00,NVDA,NYSE,T1,BUY,488.31207626295003,277.0,488.2568205438597,488.3544816740815,488.3056511089706
2026-01-02 18:38:02+00:00,SPY,ARCA,T2,BUY,460.8691928693305,69.0,460.75985989290814,460.9442007050277,460.8520302989679
2026-01-02 18:38:05+00:00,NVDA,NYSE,T1,BUY,488.4315464250465,49.0,488.38173541482917,488.47942153052367,488.4305784726764
2026-01-02 18:38:06+00:00,SPY,ARCA,T2,SELL,460.7606998939011,150.0,460.71107367421314,460.803225104091,460.75714938915206
2026-01-02 18:38:06+00:00,AAPL,NASDAQ,T3,SELL,191.77195271287178,190.0,191.7334964394666,191.81020517979044,191.77185080962852
2026-01-02 18:38:11+00:00,TSLA,ARCA,T1,BUY,244.28559006825986,425.0,244.26121434720804,244.31007147579035,244.2856429114992
2026-01-02 18:38:17+00:00,TSLA,ARCA,T1,BUY,244.23085347327083,256.0,244.2052937739977,244.25413971734685,244.22971674567228
2026-01-02 18:38:18+00:00,TSLA,ARCA,T1,BUY,244.21139908902305,146.0,244.18233821992817,244.23117957170734,244.20675889581776
2026-01-02 18:38:21+00:00,SPY,ARCA,T2,SELL,461.1183168460985,501.0,461.06835356535026,461.16057645835264,461.11446501185145
2026-01-02 18:38:29+00:00,AAPL,NASDAQ,T3,BUY,191.63270208272306,183.0,191.61308337272902,191.6514098220485,191.63224659738876
2026-01-02 18:38:41+00:00,AAPL,NASDAQ,T3,SELL,191.47960324067822,94.0,191.46306508264686,191.50136152530766,191.48221330397726
2026-01-02 18:38:47+00:00,MSFT,NYSE,T1,SELL,412.18219774574936,415.0,412.14506258138556,412.2274998376274,412.1862812095065
2026-01-02 18:38:56+00:00,NVDA,NYSE,T1,SELL,487.9481725266893,86.0,487.91122909357443,488.00882109859367,487.96002509608405
2026-01-02 18:39:13+00:00,SPY,ARCA,T2,BUY,461.43522567475685,118.0,461.3897662206733,461.48205340263564,461.4359098116545
2026-01-02 18:39:20+00:00,NVDA,NYSE,T1,BUY,487.9350000376558,482.0,487.8846758362761,487.98226253011273,487.9334691831944
2026-01-02 18:39:26+00:00,MSFT,NYSE,T1,BUY,412.0142918587824,86.0,411.92721838060976,412.09202222873165,412.0096203046707
2026-01-02 18:39:34+00:00,NVDA,NYSE,T1,BUY,488.3148915183457,163.0,488.2600707267984,488.3577325071218,488.3089016169601
2026-01-02 18:39:35+00:00,MSFT,NYSE,T1,SELL,412.1703052591408,121.0,412.1217429465998,412.2041755384483,412.16295924252404
2026-01-02 18:39:36+00:00,SPY,ARCA,T2,SELL,461.313484123268,382.0,461.261649297629,461.35391085364415,461.3077800756366
2026-01-02 18:39:42+00:00,NVDA,NYSE,T1,BUY,488.6365513388395,250.0,488.5829476186219,488.6806739807819,488.6318107997019
2026-01-02 18:39:44+00:00,NVDA,NYSE,T1,BUY,488.7444265162105,43.0,488.69933980606436,488.7970894489898,488.7482146275271
2026-01-02 18:39:52+00:00,TSLA,ARCA,T1,SELL,243.98235216236964,67.0,243.95746690090166,244.00626327391913,243.9818650874104
2026-01-02 18:39:56+00:00,TSLA,ARCA,T1,SELL,243.89108109848374,345.0,243.84046215607898,243.9380178520806,243.8892400040798
2026-01-02 18:40:15+00:00,NVDA,NYSE,T1,SELL,489.36277553242974,148.0,489.2597804417168,489.4555235025056,489.3576519721112
2026-01-02 18:40:15+00:00,NVDA,NYSE,T1,SELL,489.3514472026187,468.0,489.2597804417168,489.4555235025056,489.3576519721112
2026-01-02 18:40:18+00:00,MSFT,NYSE,T1,SELL,412.55931384971433,88.0,412.51179805730806,412.5943086679806,412.55305336264433
2026-01-02 18:40:19+00:00,AAPL,NASDAQ,T3,BUY,191.47871560390516,298.0,191.4576369479323,191.49593230485758,191.47678462639493
2026-01-02 18:40:25+00:00,SPY,ARCA,T2,BUY,460.79355674424704,139.0,460.7470826149458,460.83924124733204,460.7931619311389
2026-01-02 18:40:25+00:00,MSFT,NYSE,T1,SELL,412.540156947778,373.0,412.5001162825264,412.5826245566103,412.54137041956835
2026-01-02 18:40:27+00:00,TSLA,ARCA,T1,BUY,244.00609398558274,257.0,243.9819346818081,244.03073594887118,244.00633531533964
2026-01-02 18:40:28+00:00,MSFT,NYSE,T1,BUY,412.3581570802908,81.0,412.321199217357,412.4036717044492,412.3624354609031
2026-01-02 18:40:44+00:00,SPY,ARCA,T2,BUY,460.91714616752864,41.0,460.83680295167244,461.0211745471722,460.92898874942233
2026-01-02 18:41:08+00:00,AAPL,NASDAQ,T3,BUY,191.95624781053277,276.0,191.93285596829142,191.9712463785261,191.95205117340876
2026-01-02 18:41:14+00:00,MSFT,NYSE,T1,SELL,412.66204886405416,238.0,412.57747061479665,412.7425346158428,412.66000261531974
2026-01-02 18:41:15+00:00,TSLA,ARCA,T1,SELL,243.75473275691073,83.0,243.72960034159058,243.77835113673842,243.7539757391645
2026-01-02 18:41:16+00:00,NVDA,NYSE,T1,BUY,489.31580598438364,232.0,489.26721049950316,489.3650737279259,489.31614211371453
2026-01-02 18:41:17+00:00,SPY,ARCA,T2,SELL,461.14206709742314,387.0,461.1023498284847,461.1945795214197,461.1484646749522
2026-01-02 18:41:18+00:00,AAPL,NASDAQ,T3,SELL,191.8262929448499,323.0,191.7857686285608,191.86249828194286,191.82413345525183
2026-01-02 18:41:19+00:00,MSFT,NYSE,T1,BUY,412.58801150310774,414.0,412.54792893526417,412.63044677283494,412.58918785404956
2026-01-02 18:41:22+00:00,SPY,ARCA,T2,SELL,461.1150014692373,247.0,461.0705496078505,461.1627729401053,461.1166612739779
2026-01-02 18:41:24+00:00,MSFT,NYSE,T1,BUY,412.4880165958523,54.0,412.44454382912346,412.5270409876052,412.4857924083643
2026-01-02 18:41:32+00:00,TSLA,ARCA,T1,BUY,243.78096478372808,279.0,243.73388242548873,243.83139548107005,243.7826389532794
2026-01-02 18:41:34+00:00,SPY,ARCA,T2,BUY,460.97419079000787,103.0,460.92830707780746,461.0205019587111,460.9744045182593
2026-01-02 18:41:38+00:00,SPY,ARCA,T2,BUY,461.151239266504,113.0,461.10486952820054,461.1970997251259,461.1509846266632
2026-01-02 18:41:38+00:00,SPY,ARCA,T2,BUY,461.1542450510724,330.0,461.10486952820054,461.1970997251259,461.1509846266632
2026-01-02 18:41:53+00:00,MSFT,NYSE,T1,BUY,412.3649785114853,128.0,412.3248295546213,412.40730276785354,412.3660661612374
2026-01-02 18:41:57+00:00,AAPL,NASDAQ,T3,SELL,191.97500219315182,208.0,191.9098296667277,192.06341896618088,191.98662431645428
2026-01-02 18:41:57+00:00,SPY,ARCA,T2,SELL,461.4180452794326,155.0,461.3262652073739,461.5108326269408,461.41854891715735
2026-01-02 18:42:05+00:00,TSLA,ARCA,T1,SELL,243.30465296670175,308.0,243.1599280519124,243.5249417042295,243.34243487807095
2026-01-02 18:42:10+00:00,NVDA,NYSE,T1,BUY,488.6554016621399,238.0,488.60261174265264,488.70034203803067,488.65147689034166
2026-01-02 18:42:36+00:00,AAPL,NASDAQ,T3,BUY,192.24372883059257,460.0,192.20495423649928,192.28185159766613,192.2434029170827
2026-01-02 18:42:37+00:00,MSFT,NYSE,T1,SELL,411.8421371863424,381.0,411.8011549726995,411.88352344054084,411.8423392066202
2026-01-02 18:42:41+00:00,SPY,ARCA,T2,BUY,461.82942471171856,285.0,461.7394659652779,461.9241986982106,461.83183233174424
2026-01-02 18:42:45+00:00,AAPL,NASDAQ,T3,BUY,192.08334855891175,95.0,192.06236735989452,192.10078367499798,192.08157551744625
2026-01-02 18:42:48+00:00,NVDA,NYSE,T1,BUY,488.91413649530466,192.0,488.85766429950803,488.955445610499,488.9065549550035
2026-01-02 18:42:50+00:00,SPY,ARCA,T2,BUY,462.18608934229144,245.0,462.13863066138975,462.231067631219,462.1848491463044
2026-01-02 18:42:51+00:00,AAPL,NASDAQ,T3,SELL,192.1099294977709,175.0,192.0934802227564,192.1319027610548,192.1126914919056
2026-01-02 18:42:51+00:00,NVDA,NYSE,T1,BUY,488.7504353645251,582.0,488.65424164760435,488.8497424444227,488.7519920460135
2026-01-02 18:42:52+00:00,SPY,ARCA,T2,SELL,462.1203723624774,128.0,462.079981526301,462.1724067651302,462.1261941457156
2026-01-02 18:42:54+00:00,MSFT,NYSE,T1,BUY,411.41031490269944,350.0,411.3141381865872,411.4786967535752,411.3964174700812
2026-01-02 18:43:00+00:00,MSFT,NYSE,T1,BUY,411.25335850648815,72.0,411.2191772429304,411.3014293035851,411.26030327325776
2026-01-02 18:43:05+00:00,NVDA,NYSE,T1,BUY,488.71180813770786,38.0,488.5101516191471,488.90111612624526,488.7056338726962
2026-01-02 18:43:09+00:00,SPY,ARCA,T2,SELL,462.3378931104138,128.0,462.2892616287877,462.3817287278233,462.3354951783055
2026-01-02 18:43:12+00:00,AAPL,NASDAQ,T3,BUY,192.15585507934767,165.0,192.12141916348162,192.19828310393513,192.15985113370837
2026-01-02 18:43:17+00:00,NVDA,NYSE,T1,SELL,488.4667303630451,64.0,488.4178834754164,488.5155768214461,488.4667301484312
2026-01-02 18:43:18+00:00,NVDA,NYSE,T1,BUY,488.4011096724448,166.0,488.3525771684214,488.4502574518835,488.40141731015245
2026-01-02 18:43:28+00:00,NVDA,NYSE,T1,SELL,488.33697256582667,335.0,488.2890869885133,488.3867545726695,488.3379207805914
2026-01-02 18:43:34+00:00,NVDA,NYSE,T1,BUY,488.4461940948986,174.0,488.2229033088486,488.61363792534223,488.4182706170954
2026-01-02 18:43:36+00:00,AAPL,NASDAQ,T3,SELL,192.07966364563765,173.0,191.9365811333542,192.22470209577602,192.0806416145651
2026-01-02 18:43:39+00:00,SPY,ARCA,T2,SELL,462.32995858790457,252.0,462.2825727293286,462.37503849045055,462.32880560988957
2026-01-02 18:43:40+00:00,NVDA,NYSE,T1,SELL,488.6718136777478,146.0,488.6250151459161,488.72274992242296,488.67388253416954
2026-01-02 18:43:40+00:00,TSLA,ARCA,T1,BUY,243.3061781789,116.0,243.28235739978544,243.33101873739918,243.3066880685923
2026-01-02 18:43:42+00:00,SPY,ARCA,T2,BUY,462.37564226966794,548.0,462.3287111557278,462.4211861454579,462.37494865059284
2026-01-02 18:43:43+00:00,MSFT,NYSE,T1,SELL,411.8429075045934,67.0,411.7984464174002,411.88081434347635,411.8396303804383
2026-01-02 18:43:46+00:00,NVDA,NYSE,T1,BUY,488.897343546101,171.0,488.79387139102346,488.9894280509119,488.8916497209677
2026-01-02 18:43:47+00:00,MSFT,NYSE,T1,BUY,411.8733674754437,175.0,411.8347653104982,411.91714050107936,411.8759529057888
2026-01-02 18:43:48+00:00,MSFT,NYSE,T1,BUY,411.9257076403209,86.0,411.8424295665576,412.0071994923694,411.9248145294635
2026-01-02 18:43:57+00:00,NVDA,NYSE,T1,BUY,488.5626746736377,197.0,488.46324569845825,488.6586700816143,488.56095789003626
2026-01-02 18:44:03+00:00,AAPL,NASDAQ,T3,BUY,192.29281877775028,99.0,192.27631346680863,192.31477257541286,192.29554302111075
2026-01-02 18:44:03+00:00,AAPL,NASDAQ,T3,BUY,192.2956261985742,99.0,192.27631346680863,192.31477257541286,192.29554302111075
2026-01-02 18:44:03+00:00,NVDA,NYSE,T1,BUY,488.57369374141,114.0,488.5309424482386,488.62865840832427,488.57980042828143
2026-01-02 18:44:04+00:00,NVDA,NYSE,T1,SELL,488.5692842973344,197.0,488.16065804717186,488.8934486271776,488.5270533371747
2026-01-02 18:44:08+00:00,NVDA,NYSE,T1,BUY,488.5435746372106,93.0,488.3702671877217,488.7611197424938,488.56569346510776
2026-01-02 18:44:08+00:00,NVDA,NYSE,T1,SELL,488.53990606918603,177.0,488.3702671877217,488.7611197424938,488.56569346510776
2026-01-02 18:44:23+00:00,NVDA,NYSE,T1,BUY,488.4301442563227,161.0,488.38483433235996,488.4825210679,488.43367770013
2026-01-02 18:44:24+00:00,AAPL,NASDAQ,T3,BUY,192.52869690796896,127.0,192.49083883773787,192.56785057562055,192.5293447066792
2026-01-02 18:44:26+00:00,AAPL,NASDAQ,T3,SELL,192.56543707310027,134.0,192.5470804967773,192.5855937642034,192.56633713049035
2026-01-02 18:44:26+00:00,SPY,ARCA,T2,SELL,462.77262842039215,173.0,462.7238425648463,462.8163965887616,462.77011957680395
2026-01-02 18:44:30+00:00,NVDA,NYSE,T1,SELL,488.32970834727377,66.0,488.27129369413586,488.36895771927715,488.3201257067065
2026-01-02 18:44:35+00:00,TSLA,ARCA,T1,SELL,243.14944693244627,118.0,243.12477176185376,243.1734015791879,243.14908667052083
2026-01-02 18:44:39+00:00,TSLA,ARCA,T1,BUY,243.17221512773293,156.0,243.12363293170714,243.2209018386612,243.17226738518417
2026-01-02 18:44:40+00:00,NVDA,NYSE,T1,SELL,488.3610583621681,153.0,488.314416139511,488.412088790004,488.3632524647575
2026-01-02 18:44:41+00:00,NVDA,NYSE,T1,BUY,488.4453071835929,412.0,488.3910075000543,488.4886954703513,488.4398514852028
2026-01-02 18:44:54+00:00,TSLA,ARCA,T1,SELL,243.26181220092104,63.0,243.2362859225486,243.28493804494533,243.26061198374697
2026-01-02 18:44:57+00:00,SPY,ARCA,T2,BUY,462.1231372539209,66.0,462.087194398802,462.1796210803499,462.13340773957594
2026-01-02 18:45:07+00:00,AAPL,NASDAQ,T3,BUY,192.41878079630024,171.0,192.39875168436083,192.4372352830576,192.4179934837092
2026-01-02 18:45:11+00:00,MSFT,NYSE,T1,BUY,411.96864001499284,76.0,411.937172360497,412.0195680345365,411.97837019751677
2026-01-02 18:45:26+00:00,AAPL,NASDAQ,T3,BUY,192.5946987226495,248.0,192.57085433077447,192.6093723534429,192.59011334210868
2026-01-02 18:45:29+00:00,TSLA,ARCA,T1,SELL,243.54618588775764,227.0,243.52266970341094,243.5713791082921,243.54702440585152
2026-01-02 18:45:35+00:00,TSLA,ARCA,T1,SELL,243.5772645156446,104.0,243.40130996865182,243.76668596560253,243.58399796712717
2026-01-02 18:45:40+00:00,NVDA,NYSE,T1,SELL,487.46937693419073,53.0,487.42018456944936,487.51767835574185,487.4689314625956
2026-01-02 18:45:57+00:00,MSFT,NYSE,T1,SELL,411.41633088547854,276.0,411.38207137708497,411.4643560198246,411.4232136984548
2026-01-02 18:45:59+00:00,AAPL,NASDAQ,T3,SELL,192.67833924479075,83.0,192.66001708554577,192.69855294254856,192.67928501404717
2026-01-02 18:46:10+00:00,SPY,ARCA,T2,SELL,462.8544340894244,179.0,462.81716263311074,462.90973532290633,462.86344897800853
2026-01-02 18:46:14+00:00,AAPL,NASDAQ,T3,BUY,192.66682347271964,270.0,192.64755088110354,192.6860842446161,192.66681756285982
2026-01-02 18:46:23+00:00,MSFT,NYSE,T1,SELL,411.11272551826767,199.0,411.0681814838752,411.15040334235783,411.1092924131165
2026-01-02 18:46:26+00:00,AAPL,NASDAQ,T3,SELL,192.7662309794417,68.0,192.74555587805392,192.78410884452617,192.76483236129005
2026-01-02 18:46:26+00:00,SPY,ARCA,T2,SELL,462.83895033149383,69.0,462.8015709228063,462.894140493948,462.84785570837715
2026-01-02 18:46:31+00:00,AAPL,NASDAQ,T3,SELL,192.77653500774093,122.0,192.73862266026902,192.81573353150736,192.7771780958882
2026-01-02 18:46:33+00:00,SPY,ARCA,T2,BUY,462.6255415338063,151.0,462.5207175205324,462.7057628165998,462.6132401685661
2026-01-02 18:46:34+00:00,MSFT,NYSE,T1,SELL,410.9491798845965,113.0,410.89985168084127,410.98203986999636,410.9409457754188
2026-01-02 18:46:40+00:00,MSFT,NYSE,T1,SELL,410.9141881568314,500.0,410.8688926175139,410.9510746142371,410.9099836158755
2026-01-02 18:46:41+00:00,NVDA,NYSE,T1,BUY,487.32603106993713,153.0,487.2331415303242,487.42807377338494,487.33060765185456
2026-01-02 18:46:43+00:00,AAPL,NASDAQ,T3,SELL,192.82722411527092,131.0,192.6822652274376,192.9715055555248,192.8268853914812
2026-01-02 18:46:47+00:00,SPY,ARCA,T2,SELL,463.0377694434251,188.0,462.9959873998219,463.0885958581477,463.0422916289848
2026-01-02 18:46:51+00:00,MSFT,NYSE,T1,SELL,410.97568102804433,614.0,410.93338899849243,411.0155838957819,410.97448644713717
2026-01-02 18:47:01+00:00,MSFT,NYSE,T1,BUY,411.1394901226731,107.0,411.1002208229485,411.1824490899397,411.1413349564441
2026-01-02 18:47:04+00:00,TSLA,ARCA,T1,SELL,243.1140452524762,39.0,243.07006934589018,243.16731682312397,243.11869308450707
2026-01-02 18:47:04+00:00,AAPL,NASDAQ,T3,BUY,192.96348875460373,92.0,192.94712499260237,192.98571827692933,192.96642163476585
2026-01-02 18:47:09+00:00,AAPL,NASDAQ,T3,SELL,192.93362581566748,125.0,192.91376996859918,192.95235658125415,192.93306327492667
2026-01-02 18:47:09+00:00,MSFT,NYSE,T1,SELL,411.2062966103866,85.0,411.04729851468426,411.37626794126663,411.21178322797545
2026-01-02 18:47:18+00:00,AAPL,NASDAQ,T3,SELL,193.05204152251886,125.0,193.03195164253583,193.07056189388948,193.05125676821265
2026-01-02 18:47:19+00:00,MSFT,NYSE,T1,BUY,411.1390543621684,28.0,411.0985526542523,411.1807805875764,411.13966662091434
2026-01-02 18:47:29+00:00,SPY,ARCA,T2,SELL,462.7228660905039,117.0,462.677045988382,462.7695906520461,462.72331832021405
2026-01-02 18:47:37+00:00,AAPL,NASDAQ,T3,SELL,193.0578105623583,78.0,193.03791399515757,193.07652543910098,193.05721971712927
2026-01-02 18:47:49+00:00,NVDA,NYSE,T1,BUY,487.54684009452177,170.0,487.4439941594623,487.6390107604463,487.5415024599543
2026-01-02 18:47:58+00:00,SPY,ARCA,T2,BUY,462.7253643202472,107.0,462.6712459551505,462.76378945869186,462.71751770692117
2026-01-02 18:47:59+00:00,TSLA,ARCA,T1,SELL,242.99201304370771,123.0,242.96743310853628,243.01603145499263,242.99173228176446
2026-01-02 18:48:09+00:00,TSLA,ARCA,T1,SELL,243.0451985590541,194.0,243.00003552121308,243.09725497931316,243.04864525026312
2026-01-02 18:48:17+00:00,MSFT,NYSE,T1,SELL,411.6630486163956,242.0,411.48440181258655,411.8137210617363,411.64906143716144
2026-01-02 18:48:21+00:00,AAPL,NASDAQ,T3,BUY,192.72025487458447,57.0,192.67913819148768,192.75622526417882,192.71768172783325
2026-01-02 18:48:22+00:00,AAPL,NASDAQ,T3,SELL,192.745280558869,130.0,192.72619380870302,192.76474290237414,192.74546835553858
2026-01-02 18:48:27+00:00,AAPL,NASDAQ,T3,SELL,192.77577663970004,236.0,192.75512494514354,192.79367982562061,192.77440238538207
2026-01-02 18:48:32+00:00,TSLA,ARCA,T1,BUY,243.1815498035119,81.0,242.9885034972392,243.35325981972693,243.17088165848307
2026-01-02 18:48:39+00:00,MSFT,NYSE,T1,BUY,411.93918843969686,471.0,411.89414585306776,411.9765329209452,411.9353393870065
2026-01-02 18:48:47+00:00,SPY,ARCA,T2,SELL,463.08222734807646,108.0,463.0447838674436,463.13740208603895,463.09109297674127
2026-01-02 18:48:51+00:00,NVDA,NYSE,T1,SELL,487.70562379753676,362.0,487.6043505035115,487.7994312598642,487.70189088168786
2026-01-02 18:49:00+00:00,NVDA,NYSE,T1,BUY,487.5906007986649,193.0,487.5420724318371,487.63959059814005,487.59083151498857
2026-01-02 18:49:02+00:00,MSFT,NYSE,T1,SELL,411.7679463629541,217.0,411.7218291791576,411.8041817802536,411.7630054797056
2026-01-02 18:49:04+00:00,AAPL,NASDAQ,T3,BUY,192.74547483498762,132.0,192.7239651885675,192.76251383647002,192.74323951251876
2026-01-02 18:49:05+00:00,MSFT,NYSE,T1,SELL,411.6916928612096,68.0,411.62409635933005,411.78877893438874,411.7064376468594
2026-01-02 18:49:11+00:00,AAPL,NASDAQ,T3,BUY,192.81244600180784,58.0,192.79161779825228,192.8301799780299,192.81089888814108
2026-01-02 18:49:15+00:00,SPY,ARCA,T2,BUY,463.2685687705546,195.0,463.2279301976728,463.32058504919746,463.2742576234351
2026-01-02 18:49:19+00:00,AAPL,NASDAQ,T3,SELL,192.6447087979802,151.0,192.62838435553732,192.6669138853614,192.64764912044936
2026-01-02 18:49:20+00:00,AAPL,NASDAQ,T3,SELL,192.67253845169077,133.0,192.6344232843493,192.71149246749965,192.67295787592448
2026-01-02 18:49:22+00:00,MSFT,NYSE,T1,BUY,411.887494814982,129.0,411.8460746652345,411.9284521179128,411.88726339157364
2026-01-02 18:49:28+00:00,NVDA,NYSE,T1,SELL,487.70102057608347,222.0,487.657071997884,487.75461316640036,487.70584258214217
2026-01-02 18:49:35+00:00,TSLA,ARCA,T1,SELL,242.7655781988184,327.0,242.73981796055486,242.78837077942885,242.76409436999185
2026-01-02 18:49:36+00:00,AAPL,NASDAQ,T3,SELL,192.49969817702018,87.0,192.48095360450483,192.5194536452298,192.5002036248673
2026-01-02 18:49:45+00:00,NVDA,NYSE,T1,SELL,487.674056858892,175.0,487.6253155975391,487.7228504141403,487.6740830058397
2026-01-02 18:49:49+00:00,TSLA,ARCA,T1,SELL,242.63211296068988,130.0,242.6113165380188,242.659843654038,242.6355800960284
2026-01-02 18:49:59+00:00,TSLA,ARCA,T1,BUY,242.59525635304857,794.0,242.56767700580482,242.6161953930447,242.59193619942477
2026-01-02 18:50:03+00:00,TSLA,ARCA,T1,SELL,242.4132780832963,276.0,242.3868737474599,242.43535597043171,242.4111148589458
2026-01-02 18:50:06+00:00,SPY,ARCA,T2,BUY,463.52500772047347,214.0,463.47926678390587,463.5719719077751,463.5256193458405
2026-01-02 18:50:10+00:00,MSFT,NYSE,T1,BUY,412.15195584321214,46.0,412.06687898972604,412.2317387132667,412.14930885149636
2026-01-02 18:50:18+00:00,TSLA,ARCA,T1,BUY,242.5493475204873,120.0,242.50114779692402,242.59816766001538,242.5496577284697
2026-01-02 18:50:19+00:00,AAPL,NASDAQ,T3,SELL,192.62351203330718,186.0,192.58603002669977,192.66307984867487,192.62455493768732
2026-01-02 18:50:24+00:00,MSFT,NYSE,T1,SELL,411.84238612768837,314.0,411.7956230371527,411.8779903984963,411.8368067178245
2026-01-02 18:50:28+00:00,NVDA,NYSE,T1,SELL,487.33674231408185,137.0,487.2788313522851,487.37629686510684,487.327564108696
2026-01-02 18:50:34+00:00,TSLA,ARCA,T1,SELL,242.66579841821434,139.0,242.56517207713318,242.7593018667107,242.66223697192194
2026-01-02 18:50:43+00:00,NVDA,NYSE,T1,SELL,487.27309961869975,77.0,487.2316863395843,487.3291424224605,487.2804143810224
2026-01-02 18:50:57+00:00,MSFT,NYSE,T1,BUY,412.0619457266134,188.0,412.01812629818966,412.1005381646359,412.0593322314128
2026-01-02 18:50:57+00:00,AAPL,NASDAQ,T3,SELL,192.8391984036333,150.0,192.82188590731613,192.860454141321,192.84117002431856
2026-01-02 18:51:06+00:00,AAPL,NASDAQ,T3,SELL,192.77546654684977,88.0,192.75545865473435,192.79401360196005,192.7747361283472
2026-01-02 18:51:08+00:00,AAPL,NASDAQ,T3,SELL,192.77199802867227,112.0,192.69315676809097,192.84737297999018,192.77026487404058
2026-01-02 18:51:15+00:00,AAPL,NASDAQ,T3,BUY,192.81565543372375,53.0,192.79739287376552,192.83595620867376,192.81667454121964
2026-01-02 18:51:29+00:00,AAPL,NASDAQ,T3,BUY,192.71998365398264,101.0,192.70306832880345,192.741612796916,192.72234056285973
2026-01-02 18:51:34+00:00,MSFT,NYSE,T1,BUY,411.9485219165525,101.0,411.9068070503121,411.98919665068223,411.9480018504972
2026-01-02 18:51:47+00:00,SPY,ARCA,T2,BUY,464.30818408711417,145.0,464.25958571109504,464.35244691435764,464.30601631272634
2026-01-02 18:51:50+00:00,TSLA,ARCA,T1,SELL,243.25467672718153,129.0,243.05048707557103,243.4153364432101,243.23291175939056
2026-01-02 18:52:07+00:00,SPY,ARCA,T2,BUY,464.57031149846927,121.0,464.51848945748264,464.611402446673,464.56494595207784
2026-01-02 18:52:10+00:00,NVDA,NYSE,T1,SELL,487.49222244684177,98.0,487.4395947389875,487.53709240770223,487.4883435733449
2026-01-02 18:52:14+00:00,TSLA,ARCA,T1,BUY,243.2878512363007,665.0,243.22813805237007,243.32544876973446,243.27679341105227
2026-01-02 18:52:17+00:00,SPY,ARCA,T2,SELL,464.46172893465086,57.0,464.4203039991437,464.5131973492786,464.46675067421114
2026-01-02 18:52:19+00:00,NVDA,NYSE,T1,BUY,487.5424701659864,72.0,487.49598288164356,487.5934918291146,487.5447373553791
2026-01-02 18:52:24+00:00,MSFT,NYSE,T1,SELL,412.0746403036671,198.0,412.03173273939507,412.1141473274018,412.0729400333984
2026-01-02 18:52:27+00:00,AAPL,NASDAQ,T3,BUY,192.46372761105548,114.0,192.44301391811763,192.48150637014646,192.46226014413205
2026-01-02 18:52:28+00:00,SPY,ARCA,T2,BUY,464.38718798122915,43.0,464.3382673889025,464.4311443300744,464.38470585948846
2026-01-02 18:52:29+00:00,SPY,ARCA,T2,SELL,464.45158154974183,125.0,464.37018581436723,464.5559710457393,464.46307843005326
2026-01-02 18:52:40+00:00,TSLA,ARCA,T1,SELL,243.3202738100373,123.0,243.29727324289522,243.34593756397592,243.32160540343557
2026-01-02 18:52:47+00:00,TSLA,ARCA,T1,BUY,243.35566842215465,59.0,243.3090330088837,243.40637609070362,243.35770454979365
2026-01-02 18:52:52+00:00,SPY,ARCA,T2,BUY,464.440106888568,236.0,464.3950316557453,464.487919950906,464.44147580332566
2026-01-02 18:52:58+00:00,MSFT,NYSE,T1,SELL,411.93798253811235,51.0,411.89330419142664,411.9756910909549,411.9344976411908
2026-01-02 18:53:03+00:00,TSLA,ARCA,T1,SELL,243.5037804889144,69.0,243.47742075802532,243.52612111221234,243.50177093511883
2026-01-02 18:53:10+00:00,MSFT,NYSE,T1,BUY,412.12342260680884,159.0,411.9343609499602,412.2640403104644,412.0992006302123
2026-01-02 18:53:17+00:00,SPY,ARCA,T2,SELL,464.4865741395248,50.0,464.44234167524587,464.53523943335676,464.4887905543013
2026-01-02 18:53:28+00:00,TSLA,ARCA,T1,SELL,243.35397298726318,84.0,243.2927880559323,243.3901246384712,243.34145634720176
2026-01-02 18:53:36+00:00,SPY,ARCA,T2,BUY,464.2547187813239,168.0,464.2107807890135,464.30363223031543,464.25720650966446
2026-01-02 18:53:41+00:00,SPY,ARCA,T2,BUY,464.56325508070597,172.0,464.5124860870739,464.60539787547015,464.558941981272
2026-01-02 18:53:47+00:00,TSLA,ARCA,T1,SELL,243.3566892352669,72.0,243.18996824171984,243.55502698814223,243.37249761493104
2026-01-02 18:53:47+00:00,NVDA,NYSE,T1,SELL,488.4470459943409,191.0,488.40279770527053,488.5004880338444,488.4516428695575
2026-01-02 18:53:48+00:00,MSFT,NYSE,T1,SELL,412.3597740896548,69.0,412.3196704644104,412.4021426457214,412.3609065550659
2026-01-02 18:53:53+00:00,MSFT,NYSE,T1,BUY,412.40588939178036,42.0,412.36450470264265,412.44698585169806,412.40574527717035
2026-01-02 18:53:54+00:00,SPY,ARCA,T2,SELL,464.57698672843196,237.0,464.52825653354176,464.6211714763428,464.5747140049423
2026-01-02 18:53:57+00:00,AAPL,NASDAQ,T3,BUY,192.86120400944404,50.0,192.84248104913632,192.88105340258147,192.8617672258589
2026-01-02 18:54:06+00:00,NVDA,NYSE,T1,BUY,488.55126313909966,71.0,488.50385709607974,488.6015676385532,488.5527123673165
2026-01-02 18:54:21+00:00,NVDA,NYSE,T1,BUY,492.95689814521955,125.0,488.60961710803235,488.7073488046236,488.658482956328
2026-01-02 18:54:25+00:00,TSLA,ARCA,T1,SELL,243.49129685777837,200.0,243.46432861684588,243.51302635234282,243.48867748459435
2026-01-02 18:54:31+00:00,NVDA,NYSE,T1,BUY,488.8402024980525,195.0,488.63625142893324,489.0273168562473,488.83178414259027
2026-01-02 18:54:35+00:00,NVDA,NYSE,T1,SELL,488.8689361961819,351.0,488.8207667771762,488.9185407079247,488.86965374255044
2026-01-02 18:54:49+00:00,MSFT,NYSE,T1,BUY,413.06919066658963,133.0,413.02982535919546,413.1124395856899,413.0711324724427
2026-01-02 18:54:55+00:00,TSLA,ARCA,T1,BUY,243.6192544430565,180.0,243.5640309260318,243.66147602742248,243.61275347672714
2026-01-02 18:54:55+00:00,MSFT,NYSE,T1,BUY,413.183879583915,579.0,413.1034043849933,413.26867880163064,413.186041593312
2026-01-02 18:54:59+00:00,MSFT,NYSE,T1,BUY,413.25299535800724,167.0,413.1746662114958,413.3399691385658,413.2573176750308
2026-01-02 18:55:05+00:00,MSFT,NYSE,T1,SELL,413.0493694070736,128.0,412.75722764367936,413.3768281855513,413.0670279146153
2026-01-02 18:55:05+00:00,MSFT,NYSE,T1,SELL,413.06060056518584,62.0,412.75722764367936,413.3768281855513,413.0670279146153
2026-01-02 18:55:08+00:00,MSFT,NYSE,T1,SELL,412.9651853001356,64.0,412.91488316142903,412.99747439718493,412.956178779307
2026-01-02 18:55:09+00:00,AAPL,NASDAQ,T3,SELL,193.28753715621772,74.0,193.2700007740141,193.3086586399555,193.2893297069848
2026-01-02 18:55:17+00:00,SPY,ARCA,T2,BUY,463.2547900308447,261.0,463.1773116651502,463.3626196514135,463.2699656582819
2026-01-02 18:55:20+00:00,TSLA,ARCA,T1,SELL,243.51429292883773,68.0,243.48658652594858,243.5352887134725,243.51093761971055
2026-01-02 18:55:21+00:00,AAPL,NASDAQ,T3,SELL,193.2840000682968,318.0,193.24718268118554,193.3244970171252,193.28583984915537
2026-01-02 18:55:33+00:00,TSLA,ARCA,T1,SELL,243.55994036831274,150.0,243.53872734260204,243.58743995933224,243.56308365096714
2026-01-02 18:55:38+00:00,NVDA,NYSE,T1,SELL,489.37787851178666,88.0,489.3267685744986,489.4246437157276,489.3757061451131
2026-01-02 18:55:38+00:00,AAPL,NASDAQ,T3,SELL,193.3013055743124,238.0,193.28135670971932,193.320016847075,193.30068677839716
2026-01-02 18:55:45+00:00,MSFT,NYSE,T1,SELL,412.7817691657458,145.0,412.7409193511145,412.82347579062866,412.7821975708716
2026-01-02 18:55:49+00:00,NVDA,NYSE,T1,BUY,489.7293229894526,164.0,489.6345617858137,489.8304547891286,489.73250828747115
2026-01-02 18:55:49+00:00,NVDA,NYSE,T1,SELL,489.7374460803183,83.0,489.6345617858137,489.8304547891286,489.73250828747115
2026-01-02 18:55:51+00:00,AAPL,NASDAQ,T3,BUY,193.3792522097203,131.0,193.30031416906252,193.45501630125062,193.37766523515657
2026-01-02 18:55:53+00:00,SPY,ARCA,T2,SELL,463.3745088590495,153.0,463.2778979315257,463.46324616034406,463.37057204593486
2026-01-02 18:55:54+00:00,MSFT,NYSE,T1,SELL,412.3648438518158,87.0,412.32444397388116,412.4069171099896,412.3656805419354
2026-01-02 18:55:56+00:00,AAPL,NASDAQ,T3,BUY,193.40209598590326,60.0,193.38467004450033,193.42335084658944,193.40401044554488
2026-01-02 18:55:56+00:00,TSLA,ARCA,T1,BUY,243.65987079413253,82.0,243.6375394382108,243.68627181933658,243.6619056287737
2026-01-02 18:55:59+00:00,TSLA,ARCA,T1,SELL,243.68505143452694,309.0,243.4884006422723,243.853907373284,243.67115400777814
2026-01-02 18:55:59+00:00,SPY,ARCA,T2,BUY,463.2446752940895,396.0,463.1935399807331,463.2861879535265,463.2398639671298
2026-01-02 18:56:00+00:00,NVDA,NYSE,T1,SELL,489.7722679811676,65.0,489.726980561137,489.8249357527684,489.7759581569527
2026-01-02 18:56:05+00:00,NVDA,NYSE,T1,BUY,489.91677941957306,356.0,489.85984173685836,489.95782350338243,489.9088326201204
2026-01-02 18:56:10+00:00,TSLA,ARCA,T1,BUY,243.6929399401565,224.0,243.66714326611302,243.71588156859647,243.69151241735474
2026-01-02 18:56:14+00:00,TSLA,ARCA,T1,BUY,243.6399896606694,49.0,243.6144791109307,243.66320687952975,243.63884299523022
2026-01-02 18:56:17+00:00,NVDA,NYSE,T1,SELL,489.9971374088937,124.0,489.9440395949383,490.0420382027181,489.9930388988282
2026-01-02 18:56:20+00:00,AAPL,NASDAQ,T3,SELL,193.29886425315266,176.0,193.27934647268788,193.31800620795596,193.29867634032192
2026-01-02 18:56:29+00:00,AAPL,NASDAQ,T3,BUY,193.32119497734337,166.0,193.30260050251619,193.34126488905534,193.32193269578576
2026-01-02 18:56:32+00:00,AAPL,NASDAQ,T3,SELL,193.30657270942584,86.0,193.28839304790472,193.3270545926688,193.30772382028675
2026-01-02 18:56:34+00:00,NVDA,NYSE,T1,SELL,489.95513493632956,147.0,489.86657960413606,490.0625654331435,489.9645725186398
2026-01-02 18:56:40+00:00,AAPL,NASDAQ,T3,SELL,193.33943636007427,205.0,193.32319414065995,193.36186264633864,193.3425283934993
2026-01-02 18:56:43+00:00,MSFT,NYSE,T1,BUY,412.91428053803423,385.0,412.8746268161406,412.95720999982217,412.9159184079814
2026-01-02 18:56:49+00:00,NVDA,NYSE,T1,BUY,490.50196359262395,159.0,490.46206747056107,490.5601696942776,490.51111858241933
2026-01-02 18:56:49+00:00,MSFT,NYSE,T1,SELL,412.77821378266646,18700.0,412.7328633366978,412.8154181648479,412.77414075077286
2026-01-02 18:56:49+00:00,NVDA,NYSE,T1,SELL,490.51363168922,177.0,490.46206747056107,490.5601696942776,490.51111858241933
2026-01-02 18:56:50+00:00,NVDA,NYSE,T1,SELL,490.32655658478166,192.0,490.2795268757747,490.37759258772104,490.3285597317479
2026-01-02 18:56:53+00:00,MSFT,NYSE,T1,BUY,412.657979811949,113.0,412.6129707353601,412.69550158259193,412.654236158976
2026-01-02 18:56:56+00:00,TSLA,ARCA,T1,BUY,243.73176424587683,54.0,243.68224769630538,243.7797400938634,243.7309938950844
2026-01-02 18:56:58+00:00,NVDA,NYSE,T1,SELL,490.46323582014975,334.0,490.4223068389396,490.52040110973445,490.47135397433703
2026-01-02 18:57:01+00:00,TSLA,ARCA,T1,SELL,243.82919111698862,284.0,243.80367238688385,243.85243799792235,243.8280551924031
2026-01-02 18:57:05+00:00,TSLA,ARCA,T1,SELL,243.8052817627284,297.0,243.78217434416388,243.83093565516378,243.80655499966383
2026-01-02 18:57:10+00:00,MSFT,NYSE,T1,BUY,412.9160300453374,176.0,412.8745078732538,412.9570910331444,412.9157994531991
2026-01-02 18:57:13+00:00,TSLA,ARCA,T1,SELL,243.7938396852411,316.0,243.76896138498424,243.81772005312806,243.79334071905615
2026-01-02 18:57:13+00:00,AAPL,NASDAQ,T3,SELL,193.4358779241381,197.0,193.41589696785658,193.45458401595496,193.43524049190577
2026-01-02 18:57:20+00:00,AAPL,NASDAQ,T3,SELL,193.49977021517623,160.0,193.46502797455534,193.54242946604344,193.5037287202994
2026-01-02 18:57:36+00:00,SPY,ARCA,T2,SELL,461.9561224953227,168.0,461.9125265460602,462.0049182905438,461.958722418302
2026-01-02 18:57:40+00:00,AAPL,NASDAQ,T3,BUY,193.54643295835928,192.0,193.5249380894609,193.56364694796466,193.54429251871278
2026-01-02 18:57:46+00:00,AAPL,NASDAQ,T3,BUY,193.59434660794062,53.0,193.5748368764474,193.6135557157066,193.594196296077
2026-01-02 18:57:47+00:00,SPY,ARCA,T2,SELL,461.90734869380395,128.0,461.80572839659476,461.99048763980204,461.8981080181984
2026-01-02 18:57:47+00:00,SPY,ARCA,T2,BUY,461.89537447690276,68.0,461.80572839659476,461.99048763980204,461.8981080181984
2026-01-02 18:57:50+00:00,TSLA,ARCA,T1,SELL,243.9101516555425,166.0,243.88417274698455,243.9329544597052,243.90856360334487
2026-01-02 18:58:00+00:00,MSFT,NYSE,T1,SELL,413.76771841679636,75.0,413.7245424085819,413.80729559238205,413.765919000482
2026-01-02 18:58:00+00:00,NVDA,NYSE,T1,SELL,490.01852206940356,122.0,489.9686252808426,490.0666288062513,490.01762704354695
2026-01-02 18:58:00+00:00,MSFT,NYSE,T1,BUY,413.7758584872465,297.0,413.7245424085819,413.80729559238205,413.765919000482
2026-01-02 18:58:12+00:00,SPY,ARCA,T2,BUY,461.48209688059245,155.0,461.43934942961016,461.531646529206,461.4854979794081
2026-01-02 18:58:14+00:00,MSFT,NYSE,T1,SELL,413.8989411821321,94.0,413.8632057191723,413.9459866384081,413.9045961787902
2026-01-02 18:58:29+00:00,AAPL,NASDAQ,T3,SELL,193.6646564376783,137.0,193.64454383549293,193.68327661753824,193.66391022651558
2026-01-02 18:58:31+00:00,AAPL,NASDAQ,T3,BUY,193.56367771690878,122.0,193.541628600694,193.58034079763385,193.56098469916392
2026-01-02 18:58:35+00:00,AAPL,NASDAQ,T3,SELL,193.52574548879278,114.0,193.48359700353384,193.56100592411937,193.5223014638266
2026-01-02 18:58:40+00:00,AAPL,NASDAQ,T3,BUY,193.44339547590812,259.0,193.39923263522155,193.47660780330926,193.4379202192654
2026-01-02 18:58:42+00:00,MSFT,NYSE,T1,BUY,413.91906953932227,54.0,413.60432639777207,414.2251985414765,413.9147624696243
2026-01-02 18:59:05+00:00,MSFT,NYSE,T1,BUY,413.97520783267754,180.0,413.93617534099127,414.0189708556109,413.9775730983011
2026-01-02 18:59:07+00:00,NVDA,NYSE,T1,SELL,489.7595461444929,79.0,489.71114020044485,489.8090922236873,489.76011621206607
2026-01-02 18:59:09+00:00,AAPL,NASDAQ,T3,SELL,193.67574120418064,146.0,193.65803669182466,193.6967721727111,193.67740443226788
2026-01-02 18:59:16+00:00,MSFT,NYSE,T1,SELL,417.49146779372217,110.0,413.8964948742688,413.97928245200137,413.9378886631351
2026-01-02 18:59:17+00:00,SPY,ARCA,T2,BUY,462.16686838816383,276.0,462.1142938465253,462.2067259485048,462.16050989751506
2026-01-02 18:59:22+00:00,NVDA,NYSE,T1,BUY,489.93100362836765,202.0,489.88672884149855,489.9847159859813,489.93572241373994
2026-01-02 18:59:29+00:00,TSLA,ARCA,T1,SELL,243.59941314275838,367.0,243.5490457997454,243.6464849058865,243.59776535281594
2026-01-02 18:59:30+00:00,SPY,ARCA,T2,SELL,461.84476738081423,167.0,461.67599610536587,462.0454846976871,461.86074040152647
2026-01-02 18:59:39+00:00,MSFT,NYSE,T1,SELL,413.8505033685667,100.0,413.808444074746,413.8912140405575,413.84982905765173
2026-01-02 18:59:42+00:00,MSFT,NYSE,T1,BUY,413.76626649107186,132.0,413.7214890420351,413.8042416151008,413.76286532856795
2026-01-02 18:59:42+00:00,SPY,ARCA,T2,SELL,461.9158762522382,174.0,461.8258582838951,462.010625580668,461.91824193228155
2026-01-02 18:59:57+00:00,NVDA,NYSE,T1,SELL,490.5164451612595,70.0,490.4673346868982,490.56543796416327,490.51638632553073
2026-01-02 19:00:03+00:00,TSLA,ARCA,T1,BUY,243.64420437850237,85.0,243.5998658808502,243.69732531909017,243.64859559997018
2026-01-02 19:00:03+00:00,NVDA,NYSE,T1,BUY,490.7748602584674,369.0,490.7159671528713,490.8141201616027,490.765043657237
2026-01-02 19:00:03+00:00,MSFT,NYSE,T1,BUY,413.4638237423663,196.0,413.2014062238279,413.82167353364605,413.511539878737
2026-01-02 19:00:09+00:00,MSFT,NYSE,T1,BUY,413.73818599209085,221.0,413.6668338046899,413.8323336381784,413.74958372143413
2026-01-02 19:00:12+00:00,AAPL,NASDAQ,T3,BUY,194.06329720177197,177.0,194.02011610822254,194.09773967938006,194.0589278938013
2026-01-02 19:00:14+00:00,NVDA,NYSE,T1,BUY,490.43974222839284,77.0,490.3920373656729,490.4901255819676,490.44108147382025
2026-01-02 19:00:26+00:00,AAPL,NASDAQ,T3,SELL,193.926638054339,106.0,193.9094321216392,193.94821788664007,193.92882500413964
2026-01-02 19:00:32+00:00,NVDA,NYSE,T1,BUY,490.57169298295406,100.0,490.4663085553696,490.6625343239455,490.56442143965756
2026-01-02 19:00:32+00:00,NVDA,NYSE,T1,BUY,490.57041153323087,372.0,490.4663085553696,490.6625343239455,490.56442143965756
2026-01-02 19:00:38+00:00,AAPL,NASDAQ,T3,BUY,193.7753650419321,174.0,193.7594232048283,193.79817896504528,193.7788010849368
2026-01-02 19:00:49+00:00,NVDA,NYSE,T1,BUY,490.4534168284246,67.0,490.4108716181583,490.50896360168025,490.4599176099193
2026-01-02 19:00:51+00:00,AAPL,NASDAQ,T3,SELL,193.92280641066884,275.0,193.76254280642578,194.05340476710595,193.90797378676587
2026-01-02 19:00:56+00:00,SPY,ARCA,T2,SELL,461.4740018358378,75.0,461.4307262216688,461.5230215964506,461.4768739090597
2026-01-02 19:01:00+00:00,NVDA,NYSE,T1,SELL,490.11849848788785,564.0,490.06928764176007,490.1673113016544,490.11829947170725
2026-01-02 19:01:06+00:00,AAPL,NASDAQ,T3,SELL,193.72499973221343,63.0,193.68614351784217,193.7636334732404,193.72488849554128
2026-01-02 19:01:17+00:00,NVDA,NYSE,T1,BUY,490.45549817818886,151.0,490.3567696178668,490.55295156210275,490.4548605899848
2026-01-02 19:01:22+00:00,SPY,ARCA,T2,BUY,461.49495345411145,123.0,461.4019462559919,461.5865439540339,461.4942451050129
2026-01-02 19:01:24+00:00,AAPL,NASDAQ,T3,SELL,193.50886255984648,125.0,193.49192915114176,193.5306314071976,193.51128027916968
2026-01-02 19:01:32+00:00,TSLA,ARCA,T1,BUY,243.4637570666145,69.0,243.37633340540006,243.5711123837157,243.47372289455788
2026-01-02 19:01:35+00:00,TSLA,ARCA,T1,SELL,243.47371896329238,133.0,243.43000703010713,243.5273985112154,243.47870277066127
2026-01-02 19:01:45+00:00,NVDA,NYSE,T1,BUY,490.66436152195257,93.0,490.61543136108884,490.713564260651,490.66449781086993
2026-01-02 19:01:48+00:00,TSLA,ARCA,T1,BUY,243.55000114422973,254.0,243.52461147404546,243.5733212673196,243.54896637068254
2026-01-02 19:01:49+00:00,TSLA,ARCA,T1,BUY,243.50811034300094,118.0,243.48651471881726,243.53521689197834,243.5108658053978
2026-01-02 19:01:53+00:00,NVDA,NYSE,T1,SELL,490.83621790954794,274.0,490.7901889798543,490.88835683443574,490.839272907145
2026-01-02 19:02:01+00:00,AAPL,NASDAQ,T3,SELL,193.38989331440925,146.0,193.34854887021632,193.4259037607425,193.3872263154794
2026-01-02 19:02:04+00:00,TSLA,ARCA,T1,SELL,243.6097871617138,228.0,243.5854261642466,243.6341481216752,243.6097871429609
2026-01-02 19:02:07+00:00,NVDA,NYSE,T1,BUY,490.4523630686072,107.0,490.4102001681026,490.5082920173212,490.4592460927119
2026-01-02 19:02:12+00:00,AAPL,NASDAQ,T3,BUY,193.52776705018027,897.0,193.51125709932657,193.54996322135864,193.5306101603426
2026-01-02 19:02:15+00:00,SPY,ARCA,T2,BUY,461.73031051505734,205.0,461.6839431958874,461.7762892191289,461.73011620750816
2026-01-02 19:02:18+00:00,TSLA,ARCA,T1,SELL,243.7782636017811,215.0,243.75618913924578,243.80494525268497,243.78056719596538
2026-01-02 19:02:25+00:00,TSLA,ARCA,T1,BUY,243.6649209625123,1152.0,243.64215875088397,243.69089205596467,243.66652540342432
2026-01-02 19:02:32+00:00,TSLA,ARCA,T1,BUY,243.66904220057322,169.0,243.64578540814412,243.69451943862882,243.67015242338647
2026-01-02 19:02:34+00:00,TSLA,ARCA,T1,BUY,243.75897318896148,131.0,243.71278290556972,243.81028751965476,243.76153521261224
2026-01-02 19:02:37+00:00,TSLA,ARCA,T1,SELL,243.8508377883326,153.0,243.8249328837245,243.8737027472876,243.84931781550605
2026-01-02 19:02:39+00:00,NVDA,NYSE,T1,BUY,489.98448144322913,87.0,489.9346492118038,490.0326459413191,489.98364757656145
2026-01-02 19:02:44+00:00,SPY,ARCA,T2,BUY,462.16961841943817,52.0,462.09056269918165,462.27543589890126,462.18299929904146
2026-01-02 19:02:44+00:00,NVDA,NYSE,T1,BUY,489.74498937607245,126.0,489.3812616242078,490.1158844837888,489.7485730539983
2026-01-02 19:02:47+00:00,MSFT,NYSE,T1,SELL,414.54543918084255,67.0,414.4985483505627,414.5814563510329,414.5400023507978
2026-01-02 19:02:49+00:00,NVDA,NYSE,T1,BUY,489.7870788523322,170.0,489.602406557694,489.9942452184044,489.7983258880492
2026-01-02 19:03:05+00:00,TSLA,ARCA,T1,SELL,243.66641193646078,213.0,243.58465571839398,243.77960142124985,243.6821285698219
2026-01-02 19:03:10+00:00,AAPL,NASDAQ,T3,SELL,193.99890679341294,373.0,193.98142273237355,194.02022289693647,194.000822814655
2026-01-02 19:03:12+00:00,NVDA,NYSE,T1,BUY,489.7995589270257,61.0,489.75328597023645,489.8512464234758,489.8022661968561
2026-01-02 19:03:13+00:00,AAPL,NASDAQ,T3,BUY,194.00418705263766,192.0,193.98389988340597,194.02270054344865,194.0033002134273
2026-01-02 19:03:24+00:00,NVDA,NYSE,T1,SELL,489.64046565613233,96.0,489.5617618548073,489.75762573232475,489.659693793566
2026-01-02 19:03:30+00:00,MSFT,NYSE,T1,BUY,414.86543701260666,206.0,414.70786526186583,415.039764313696,414.87381478778093
2026-01-02 19:03:37+00:00,NVDA,NYSE,T1,BUY,489.4668274974535,52.0,489.3732460534945,489.5690345096071,489.4711402815508
2026-01-02 19:03:39+00:00,NVDA,NYSE,T1,SELL,489.59729432705166,178.0,489.5507409912648,489.648660931457,489.5997009613609
2026-01-02 19:03:40+00:00,NVDA,NYSE,T1,SELL,489.5452276751564,203.0,489.49517349846246,489.59308232404476,489.5441279112536
2026-01-02 19:03:42+00:00,NVDA,NYSE,T1,SELL,489.49825050949147,111.0,489.45020173156763,489.54810156189694,489.4991516467323
2026-01-02 19:04:03+00:00,SPY,ARCA,T2,BUY,463.26258049327396,227.0,463.2163079440799,463.30896047092136,463.26263420750064
2026-01-02 19:04:06+00:00,TSLA,ARCA,T1,SELL,244.1397048261788,105.0,244.11491179694644,244.16373966209233,244.13932572951938
2026-01-02 19:04:11+00:00,TSLA,ARCA,T1,BUY,244.1975936923895,132.0,244.1736419980382,244.22248161039903,244.1980618042186
2026-01-02 19:04:26+00:00,AAPL,NASDAQ,T3,SELL,194.06394237084973,197.0,194.0410172842592,194.07982936892452,194.06042332659186
2026-01-02 19:04:30+00:00,MSFT,NYSE,T1,BUY,415.3836243324101,327.0,415.3504434775845,415.43352187411966,415.3919826758521
2026-01-02 19:04:34+00:00,MSFT,NYSE,T1,SELL,415.25290553457546,258.0,415.0779888385694,415.41018410774797,415.2440864731587
2026-01-02 19:04:41+00:00,NVDA,NYSE,T1,SELL,488.3344675748545,552.0,488.2840766443619,488.38174322634893,488.3329099353554
2026-01-02 19:04:43+00:00,AAPL,NASDAQ,T3,BUY,193.98591583769667,295.0,193.96600977480702,194.00480685647014,193.98540831563858
2026-01-02 19:04:47+00:00,NVDA,NYSE,T1,SELL,488.6870725331769,108.0,488.63405161286914,488.73178819685006,488.6829199048596
2026-01-02 19:04:54+00:00,AAPL,NASDAQ,T3,SELL,193.8333974025283,157.0,193.81346346899767,193.8522300383484,193.83284675367304
2026-01-02 19:04:58+00:00,NVDA,NYSE,T1,SELL,488.4275041259601,474.0,488.3826665030215,488.4803528049523,488.4315096539869
2026-01-02 19:05:02+00:00,AAPL,NASDAQ,T3,BUY,193.76784526904717,843.0,193.74654923125502,193.78530241641977,193.7659258238374
2026-01-02 19:05:02+00:00,AAPL,NASDAQ,T3,BUY,193.76537020346615,75.0,193.74654923125502,193.78530241641977,193.7659258238374
2026-01-02 19:05:10+00:00,SPY,ARCA,T2,BUY,463.49467108547395,216.0,463.447952358577,463.5406512189347,463.4943017887559
2026-01-02 19:05:12+00:00,NVDA,NYSE,T1,SELL,487.8411539624689,148.0,487.7940921716977,487.8916607469896,487.84287645934364
2026-01-02 19:05:23+00:00,TSLA,ARCA,T1,BUY,243.8432490577216,304.0,243.81933240675528,243.868101150111,243.84371677843313
2026-01-02 19:05:28+00:00,NVDA,NYSE,T1,BUY,487.6467167161317,75.0,487.5974829877099,487.6950122372324,487.64624761247114
2026-01-02 19:05:28+00:00,MSFT,NYSE,T1,BUY,415.0785913412115,404.0,415.0353587750087,415.1183741483011,415.0768664616549
2026-01-02 19:05:30+00:00,SPY,ARCA,T2,BUY,463.2415944548246,107.0,463.1979905883036,463.2906394513076,463.2443150198056
2026-01-02 19:05:30+00:00,SPY,ARCA,T2,SELL,463.2401063105567,198.0,463.1979905883036,463.2906394513076,463.2443150198056
2026-01-02 19:05:30+00:00,MSFT,NYSE,T1,SELL,415.0333101408647,174.0,414.9920818230976,415.07508854013395,415.03358518161576
2026-01-02 19:05:33+00:00,MSFT,NYSE,T1,BUY,415.1610634963697,205.0,415.0902207025321,415.25629000467353,415.1732553536028
2026-01-02 19:05:36+00:00,TSLA,ARCA,T1,BUY,244.00054852599084,133.0,243.89610295947273,244.09129791982446,243.9937004396486
2026-01-02 19:05:39+00:00,NVDA,NYSE,T1,BUY,487.5008168955873,118.0,487.4608749830252,487.5583769082143,487.50962594561975
2026-01-02 19:05:40+00:00,TSLA,ARCA,T1,BUY,244.05997212715906,124.0,243.96974653070737,244.16500042949144,244.0673734800994
2026-01-02 19:05:41+00:00,MSFT,NYSE,T1,BUY,415.407437486546,152.0,415.0611897804727,415.6842488594527,415.3727193199627
2026-01-02 19:05:41+00:00,MSFT,NYSE,T1,BUY,415.28436405061984,118.0,415.0611897804727,415.6842488594527,415.3727193199627
2026-01-02 19:05:42+00:00,AAPL,NASDAQ,T3,SELL,193.86527898822575,118.0,193.8484926580163,193.8872662339055,193.8678794459609
2026-01-02 19:05:43+00:00,AAPL,NASDAQ,T3,SELL,193.83887317423424,127.0,193.81908469857578,193.85785239228485,193.83846854543032
2026-01-02 19:05:52+00:00,AAPL,NASDAQ,T3,BUY,193.89366359860568,135.0,193.874726134232,193.91350495734116,193.89411554578658
2026-01-02 19:05:56+00:00,MSFT,NYSE,T1,SELL,415.0817447891519,135.0,415.0404087374099,415.12342512079573,415.0819169291028
2026-01-02 19:06:00+00:00,NVDA,NYSE,T1,BUY,488.03876138070837,237.0,487.84925396218273,488.2396895395834,488.0444717508831
2026-01-02 19:06:12+00:00,SPY,ARCA,T2,SELL,463.08255750296036,250.0,463.0353524311761,463.1279687632955,463.0816605972358
2026-01-02 19:06:13+00:00,SPY,ARCA,T2,BUY,463.0174492726036,242.0,462.92442496021056,463.1096317715569,463.01702836588373
2026-01-02 19:06:16+00:00,NVDA,NYSE,T1,BUY,488.17577576321236,169.0,488.0801934716419,488.27546460325686,488.1778290374494
2026-01-02 19:06:17+00:00,MSFT,NYSE,T1,SELL,415.1791253944178,254.0,415.14295545558224,415.2259923503628,415.1844739029725
2026-01-02 19:06:32+00:00,AAPL,NASDAQ,T3,SELL,193.9902353691448,280.0,193.97009289778288,194.0088907961523,193.98949184696758
2026-01-02 19:06:44+00:00,TSLA,ARCA,T1,SELL,243.96941425184013,316.0,243.9464250057107,243.99521917012828,243.9708220879195
2026-01-02 19:07:01+00:00,AAPL,NASDAQ,T3,BUY,193.8562147573818,147.0,193.8403048067428,193.87907674489796,193.85969077582038
2026-01-02 19:07:13+00:00,AAPL,NASDAQ,T3,SELL,193.90428306685249,147.0,193.87065527303454,193.94821904789873,193.90943716046664
2026-01-02 19:07:13+00:00,SPY,ARCA,T2,SELL,462.7654726457454,280.0,462.4796468449146,463.1738869952948,462.8267669201047
2026-01-02 19:07:15+00:00,NVDA,NYSE,T1,BUY,487.88839674235294,105.0,487.8394756288829,487.937053281774,487.88826445532845
2026-01-02 19:07:17+00:00,SPY,ARCA,T2,SELL,462.8169129979315,98.0,462.7686988797688,462.8612618758444,462.8149803778066
2026-01-02 19:07:19+00:00,TSLA,ARCA,T1,SELL,243.87492721004654,190.0,243.84912623358434,243.8979009363013,243.87351358494283
2026-01-02 19:07:22+00:00,NVDA,NYSE,T1,SELL,487.54136675225675,46.0,487.3714943245594,487.76154754130573,487.5665209329326
2026-01-02 19:07:24+00:00,SPY,ARCA,T2,BUY,462.9007620112423,116.0,462.79209514592804,462.97724901476016,462.8846720803441
2026-01-02 19:07:24+00:00,MSFT,NYSE,T1,BUY,415.24086368006596,133.0,415.19895310188963,415.2820011973196,415.2404771496046
2026-01-02 19:07:25+00:00,AAPL,NASDAQ,T3,SELL,193.79108881668915,126.0,193.75425732740058,193.83177453377283,193.7930159305867
2026-01-02 19:07:30+00:00,TSLA,ARCA,T1,SELL,243.85003282962785,432.0,243.82885313168816,243.8776237793793,243.85323845553373
2026-01-02 19:07:32+00:00,TSLA,ARCA,T1,SELL,243.8848200393731,379.0,243.78003721002676,243.975139280623,243.8775882453249
2026-01-02 19:07:37+00:00,NVDA,NYSE,T1,SELL,487.2321158907636,138.0,487.0635755132772,487.45338229640106,487.25847890483914
2026-01-02 19:07:39+00:00,MSFT,NYSE,T1,SELL,414.9728888135259,136.0,414.8730424391084,415.03902485256674,414.9560336458376
2026-01-02 19:07:43+00:00,AAPL,NASDAQ,T3,SELL,193.7791870006862,56.0,193.7615001243092,193.80025629995166,193.78087821213043
2026-01-02 19:07:45+00:00,MSFT,NYSE,T1,SELL,415.0674338419859,143.0,414.9732537114587,415.1392762174445,415.0562649644516
2026-01-02 19:07:48+00:00,AAPL,NASDAQ,T3,BUY,193.91567758047918,165.0,193.87372658825183,193.95129159188787,193.91250909006985
2026-01-02 19:07:52+00:00,SPY,ARCA,T2,SELL,462.8851899168653,81.0,462.79190670535263,462.97706049879343,462.88448360207303
2026-01-02 19:08:14+00:00,SPY,ARCA,T2,BUY,463.19082111816596,48.0,463.1431142992891,463.2357521859376,463.18943324261335
2026-01-02 19:08:23+00:00,SPY,ARCA,T2,SELL,463.2401454103162,227.0,463.20095618163197,463.29360563781387,463.2472809097229
2026-01-02 19:08:31+00:00,MSFT,NYSE,T1,SELL,414.86794048860656,205.0,414.8313570736343,414.9143316425059,414.8728443580701
2026-01-02 19:08:35+00:00,SPY,ARCA,T2,SELL,462.95002400982224,181.0,462.8508367887973,463.03601415898686,462.9434254738921
2026-01-02 19:08:35+00:00,NVDA,NYSE,T1,SELL,488.04682187255787,618.0,487.99910255896947,488.09671214043937,488.0479073497044
2026-01-02 19:08:38+00:00,MSFT,NYSE,T1,BUY,414.84444887827635,253.0,414.7694964191391,414.9354374059041,414.8524669125216
2026-01-02 19:08:38+00:00,SPY,ARCA,T2,BUY,462.889949172022,67.0,462.8423703660873,462.9349480979337,462.8886592320105
2026-01-02 19:08:39+00:00,SPY,ARCA,T2,SELL,462.8552873719069,225.0,462.80832493154344,462.90089585362193,462.8546103925827
2026-01-02 19:08:53+00:00,AAPL,NASDAQ,T3,BUY,194.04998956351585,75.0,194.03172647092046,194.07053669723726,194.05113158407886
2026-01-02 19:08:55+00:00,NVDA,NYSE,T1,SELL,487.8090006539879,81.0,487.7174135114742,487.9125395020769,487.81497650677557
2026-01-02 19:08:59+00:00,AAPL,NASDAQ,T3,BUY,194.1079616139022,254.0,194.08849122963798,194.12731281004196,194.10790201983997
2026-01-02 19:09:08+00:00,TSLA,ARCA,T1,SELL,244.4177762252031,236.0,244.3896300680451,244.43851288234015,244.41407147519263
2026-01-02 19:09:10+00:00,NVDA,NYSE,T1,BUY,487.62771926175407,97.0,487.57692420890936,487.6744493462649,487.62568677758713
2026-01-02 19:09:16+00:00,SPY,ARCA,T2,SELL,462.8936896281651,201.0,462.80599641875614,462.99115584920975,462.89857613398294
2026-01-02 19:09:17+00:00,TSLA,ARCA,T1,SELL,244.2549810116851,45.0,244.208265640974,244.30596848779976,244.25711706438688
2026-01-02 19:09:22+00:00,SPY,ARCA,T2,SELL,463.0660822480216,119.0,462.8646591459461,463.23509904922423,463.0498790975852
2026-01-02 19:09:31+00:00,TSLA,ARCA,T1,BUY,244.3004103655373,115.0,244.27465349241007,244.3235133090902,244.29908340075013
2026-01-02 19:09:33+00:00,SPY,ARCA,T2,SELL,463.15739443964185,18.0,463.10790317241253,463.2005340161314,463.154218594272
2026-01-02 19:09:43+00:00,SPY,ARCA,T2,BUY,463.04742106954274,132.0,462.99769820707337,463.09030700759484,463.0440026073341
2026-01-02 19:09:50+00:00,TSLA,ARCA,T1,SELL,244.52581809739698,144.0,244.49913723656283,244.54804195448196,244.5235895955224
2026-01-02 19:09:51+00:00,TSLA,ARCA,T1,BUY,244.53686718194697,124.0,244.51507173788397,244.56397964302207,244.53952569045302
2026-01-02 19:09:57+00:00,AAPL,NASDAQ,T3,BUY,194.29282282689215,505.0,194.21806328505352,194.37349991033165,194.29578159769258
2026-01-02 19:10:05+00:00,NVDA,NYSE,T1,SELL,487.9843976176417,71.0,487.93214465684565,488.0297408453959,487.9809427511208
2026-01-02 19:10:10+00:00,TSLA,ARCA,T1,SELL,244.4221004682427,234.0,244.39776491562392,244.4466493570512,244.42220713633756
2026-01-02 19:10:11+00:00,NVDA,NYSE,T1,BUY,488.33216642927124,39.0,488.2871572144083,488.38482441257105,488.3359908134897
2026-01-02 19:10:13+00:00,MSFT,NYSE,T1,SELL,414.9983761261553,288.0,414.9547652088491,415.03776446181615,414.9962648353326
2026-01-02 19:10:16+00:00,AAPL,NASDAQ,T3,BUY,194.31310462185613,74.0,194.23034121624605,194.3857876677997,194.30806444202287
2026-01-02 19:10:22+00:00,MSFT,NYSE,T1,BUY,414.99450183265645,297.0,414.947312854542,415.0303106168892,414.9888117357156
2026-01-02 19:10:27+00:00,TSLA,ARCA,T1,SELL,244.1744867832495,252.0,244.1520878431112,244.20092314420992,244.17650549366056
2026-01-02 19:10:36+00:00,MSFT,NYSE,T1,BUY,414.89316014016276,328.0,414.8476864509272,414.93066428600093,414.88917536846407
2026-01-02 19:10:38+00:00,NVDA,NYSE,T1,SELL,488.84184765768697,225.0,488.7500361561314,488.94557527841835,488.84780571727487
2026-01-02 19:10:40+00:00,NVDA,NYSE,T1,SELL,488.7471493775956,94.0,488.6978098329368,488.7955591698371,488.74668450138694
2026-01-02 19:10:47+00:00,TSLA,ARCA,T1,BUY,243.957705018527,118.0,243.9361468619801,243.98493897056335,243.96054291627172
2026-01-02 19:10:51+00:00,MSFT,NYSE,T1,BUY,415.03826857456664,70.0,414.99298305612245,415.0759899534234,415.03448650477293
2026-01-02 19:10:55+00:00,TSLA,ARCA,T1,BUY,243.93538977490707,224.0,243.9106104472568,243.9593974480463,243.93500394765155
2026-01-02 19:11:05+00:00,AAPL,NASDAQ,T3,BUY,194.30400415523752,354.0,194.28910935930506,194.3279710673477,194.30854021332638
2026-01-02 19:11:12+00:00,MSFT,NYSE,T1,SELL,414.84310507929064,166.0,414.7568684527746,414.9228043873426,414.8398364200586
2026-01-02 19:11:12+00:00,SPY,ARCA,T2,SELL,463.620325993033,116.0,463.57800850351174,463.67073337769983,463.6243709406058
2026-01-02 19:11:12.055000+00:00,MSFT,NYSE,T1,SELL,415.1305200155862,196.0,415.0384854164648,415.2045340203522,415.1215097184085
2026-01-02 19:11:12.078000+00:00,MSFT,NYSE,T1,SELL,415.3950715175692,128.0,415.3238926415589,415.49005543117346,415.4069740363662
2026-01-02 19:11:12.090000+00:00,MSFT,NYSE,T1,SELL,415.2104471944515,127.0,415.16469460248464,415.24773584552946,415.20621522400705
2026-01-02 19:11:12.124000+00:00,MSFT,NYSE,T1,BUY,415.5061438627656,136.0,415.41849666911634,415.58469730791177,415.50159698851405
2026-01-02 19:11:12.130000+00:00,MSFT,NYSE,T1,BUY,416.1171518959844,243.0,416.08102566744924,416.1642501950355,416.12263793124237
2026-01-02 19:11:12.145000+00:00,MSFT,NYSE,T1,SELL,415.23696067439516,428.0,415.1879484543692,415.2709943486495,415.22947140150933
2026-01-02 19:11:12.168000+00:00,MSFT,NYSE,T1,BUY,415.32632238460064,444.0,415.2860516843705,415.3691172012591,415.3275844428148
2026-01-02 19:11:12.330000+00:00,MSFT,NYSE,T1,SELL,416.683254731484,130.0,416.6392208470336,416.72255702482073,416.68088893592716
2026-01-02 19:11:12.350000+00:00,MSFT,NYSE,T1,BUY,416.3862907873421,128.0,416.338231478348,416.42150745224103,416.3798694652945
2026-01-02 19:11:12.352000+00:00,MSFT,NYSE,T1,BUY,416.63005977009306,195.0,416.5854401173437,416.6687655379092,416.62710282762646
2026-01-02 19:11:12.408000+00:00,MSFT,NYSE,T1,SELL,415.96397918562707,180.0,415.87906551629226,416.0454504194794,415.9622579678858
2026-01-02 19:11:12.450000+00:00,MSFT,NYSE,T1,BUY,416.1055392702846,110.0,416.01776906617044,416.1842094618761,416.10098926402327
2026-01-02 19:11:12.450000+00:00,MSFT,NYSE,T1,SELL,416.44555060282465,356.0,416.40308680735967,416.48637575361573,416.4447312804877
2026-01-02 19:11:12.468000+00:00,MSFT,NYSE,T1,BUY,417.6465765116026,239.0,417.60992287187054,417.6934532094787,417.6516880406746
2026-01-02 19:11:12.532000+00:00,MSFT,NYSE,T1,SELL,415.12407018184166,143.0,415.04067653532707,415.20672601583726,415.12370127558216
2026-01-02 19:11:12.588000+00:00,MSFT,NYSE,T1,SELL,416.07312744463405,143.0,415.97916458173256,416.1455895325554,416.062377057144
2026-01-02 19:11:12.592000+00:00,MSFT,NYSE,T1,BUY,416.28610128125814,354.0,416.24127278973714,416.32452936995315,416.28290107984515
2026-01-02 19:11:12.600000+00:00,MSFT,NYSE,T1,BUY,415.269468801203,72.0,415.22497466429184,415.30802796455475,415.2665013144233
2026-01-02 19:11:12.615000+00:00,MSFT,NYSE,T1,SELL,418.3629277210649,112.0,418.32140348821105,418.4050761361735,418.36323981219226
2026-01-02 19:11:12.660000+00:00,MSFT,NYSE,T1,BUY,416.4216695981348,118.0,416.3240875047243,416.49065045231566,416.40736897851997
2026-01-02 19:11:12.660000+00:00,MSFT,NYSE,T1,BUY,416.2612063612715,102.0,416.2256928617258,416.3089463256445,416.26731959368516
2026-01-02 19:11:12.756000+00:00,MSFT,NYSE,T1,BUY,416.58669979738545,230.0,416.54756459519683,416.63088243990035,416.5892235175486
2026-01-02 19:11:12.828000+00:00,MSFT,NYSE,T1,SELL,416.00602610587026,204.0,415.914685375135,416.0810845291158,415.9978849521254
2026-01-02 19:11:12.832000+00:00,MSFT,NYSE,T1,BUY,415.9143088582354,427.0,415.87473404644606,415.9579173115819,415.916325679014
2026-01-02 19:11:13.008000+00:00,MSFT,NYSE,T1,BUY,416.56327282693496,136.0,416.48803742517566,416.65466596585384,416.57135169551475
2026-01-02 19:11:13.053000+00:00,MSFT,NYSE,T1,BUY,415.9917744458369,344.0,415.942911320036,416.0261082219902,415.9845097710131
2026-01-02 19:11:13.085000+00:00,MSFT,NYSE,T1,BUY,416.474869978572,257.0,416.43021104020835,416.5135054118536,416.471858226031
2026-01-02 19:11:13.120000+00:00,MSFT,NYSE,T1,SELL,418.42598202162003,239.0,418.3850100113193,418.46869538185865,418.426852696589
2026-01-02 19:11:13.159000+00:00,MSFT,NYSE,T1,SELL,416.04852597828267,78.0,416.0045955191001,416.08780475912795,416.04620013911403
2026-01-02 19:11:13.221000+00:00,MSFT,NYSE,T1,SELL,416.80477454285943,169.0,416.60969627715536,416.94311740262725,416.7764068398913
2026-01-02 19:11:13.296000+00:00,MSFT,NYSE,T1,SELL,418.8095568177841,69.0,418.7257866266052,418.89331044601977,418.8095485363125
2026-01-02 19:11:13.311000+00:00,MSFT,NYSE,T1,SELL,416.3571286126024,208.0,416.3190479003434,416.40232003713714,416.36068396874026
2026-01-02 19:11:13.410000+00:00,MSFT,NYSE,T1,SELL,419.145676825593,47.0,419.1003639782158,419.184192433857,419.1422782060364
2026-01-02 19:11:13.425000+00:00,MSFT,NYSE,T1,SELL,416.2135995862104,117.0,416.1406209045179,416.3071104507889,416.2238656776534
2026-01-02 19:11:13.540000+00:00,MSFT,NYSE,T1,SELL,416.55568976963457,154.0,416.3846067914462,416.717847773272,416.5512272823591
2026-01-02 19:11:13.764000+00:00,MSFT,NYSE,T1,BUY,418.75512296682837,42.0,418.7152499462167,418.7990013713484,418.75712565878257
2026-01-02 19:11:13.848000+00:00,MSFT,NYSE,T1,BUY,418.7955211053198,162.0,418.4963180178805,419.12453365663646,418.8104258372585
2026-01-02 19:11:13.974000+00:00,MSFT,NYSE,T1,SELL,418.3964119752326,107.0,418.2123778804767,418.5470816642946,418.37972977238564
2026-01-02 19:11:13.988000+00:00,MSFT,NYSE,T1,SELL,416.0996623111503,252.0,416.0603597710775,416.14358016507117,416.10196996807434
2026-01-02 19:11:14.088000+00:00,MSFT,NYSE,T1,SELL,416.1621090665259,178.0,416.1170969730037,416.20032871557254,416.1587128442881
2026-01-02 19:11:14.109000+00:00,MSFT,NYSE,T1,BUY,417.4434454725283,127.0,417.26660316734814,417.6005500286265,417.4335765979873
2026-01-02 19:11:14.310000+00:00,MSFT,NYSE,T1,SELL,416.6359826999316,338.0,416.4901363651154,416.8234618043832,416.6567990847493
2026-01-02 19:11:14.340000+00:00,MSFT,NYSE,T1,SELL,418.7303170238467,141.0,418.69234820409616,418.7760950484214,418.7342216262588
2026-01-02 19:11:14.432000+00:00,MSFT,NYSE,T1,SELL,416.76401391132845,89.0,416.7226048481869,416.80595770444216,416.76428127631453
2026-01-02 19:11:14.482000+00:00,MSFT,NYSE,T1,SELL,416.80141819699713,188.0,416.75759130971954,416.84095116396696,416.79927123684325
2026-01-02 19:11:14.556000+00:00,MSFT,NYSE,T1,SELL,417.00095340510563,56.0,416.95833679526993,417.04173680262977,417.00003679894985
2026-01-02 19:11:14.812000+00:00,MSFT,NYSE,T1,BUY,417.69407839879193,83.0,417.60445221746363,417.7715274133898,417.6879898154267
2026-01-02 19:11:15+00:00,SPY,ARCA,T2,SELL,463.7702731639513,253.0,463.7181364559462,463.8108893585276,463.7645129072369
2026-01-02 19:11:15.182000+00:00,MSFT,NYSE,T1,BUY,418.6491458706773,61.0,418.6102098807094,418.69394029572703,418.6520750882182
2026-01-02 19:11:15.220000+00:00,MSFT,NYSE,T1,SELL,418.84099461975114,149.0,418.7896636905049,418.8734299998739,418.8315468451894
2026-01-02 19:11:23+00:00,TSLA,ARCA,T1,SELL,243.81829671744364,146.0,243.7961550293278,243.8449191367444,243.8205370830361
2026-01-02 19:11:25+00:00,SPY,ARCA,T2,SELL,464.30205746448246,140.0,464.25264810699815,464.34550792260114,464.29907801479965
2026-01-02 19:11:36+00:00,SPY,ARCA,T2,SELL,464.12375471266824,101.0,464.06824543266987,464.1610683640496,464.1146568983597
2026-01-02 19:11:41+00:00,NVDA,NYSE,T1,SELL,489.4325056999801,50.0,489.38932680543223,489.4872144595587,489.43827063249546
2026-01-02 19:11:44+00:00,NVDA,NYSE,T1,BUY,489.4795750415907,80.0,489.43518708859347,489.53308391569385,489.48413550214366
2026-01-02 19:11:53+00:00,NVDA,NYSE,T1,SELL,489.5797211104203,67.0,489.4888729775396,489.6847076936738,489.5867903356067
2026-01-02 19:11:56+00:00,AAPL,NASDAQ,T3,BUY,194.11820577964104,185.0,194.09907112079895,194.13789481739275,194.11848296909585
2026-01-02 19:12:06+00:00,AAPL,NASDAQ,T3,BUY,194.21129790067303,156.0,194.17768740857767,194.25537402086357,194.21653071472062
2026-01-02 19:12:15+00:00,SPY,ARCA,T2,BUY,464.7444143943445,223.0,464.5796643815091,464.95147683799684,464.76557060975296
2026-01-02 19:12:18+00:00,SPY,ARCA,T2,BUY,464.7253792506668,245.0,464.6787908894721,464.77173594215526,464.7252634158137
2026-01-02 19:12:19+00:00,NVDA,NYSE,T1,BUY,489.35450911722654,84.0,489.3058946459693,489.4037656119951,489.3548301289822
2026-01-02 19:12:32+00:00,TSLA,ARCA,T1,SELL,243.92220819013679,53.0,243.8956893282638,243.9444733445311,243.92008133639746
2026-01-02 19:12:34+00:00,SPY,ARCA,T2,SELL,464.9288328535778,322.0,464.83742735052596,465.02339951589926,464.9304134332126
2026-01-02 19:12:37+00:00,TSLA,ARCA,T1,BUY,243.92983909499156,302.0,243.9058795049345,243.9546655594409,243.9302725321877
2026-01-02 19:12:49+00:00,SPY,ARCA,T2,BUY,465.49282722632626,254.0,465.4434202883426,465.5365182821997,465.4899692852712
2026-01-02 19:12:51+00:00,TSLA,ARCA,T1,BUY,244.06409291430637,82.0,244.01119810684094,244.1088221108845,244.0600101088627
2026-01-02 19:12:52+00:00,AAPL,NASDAQ,T3,BUY,194.43798009817684,269.0,194.3970360773208,194.47481044662558,194.4359232619732
2026-01-02 19:13:03+00:00,AAPL,NASDAQ,T3,SELL,194.5267996839796,336.0,194.50757559361358,194.5464809992729,194.52702829644323
2026-01-02 19:13:09+00:00,NVDA,NYSE,T1,BUY,489.4800312989031,201.0,489.4295046548202,489.5274003453202,489.4784525000702
2026-01-02 19:13:14+00:00,NVDA,NYSE,T1,SELL,489.6708025061951,268.0,489.61607102955196,489.7140040370586,489.6650375333053
2026-01-02 19:13:17+00:00,AAPL,NASDAQ,T3,SELL,194.59756214940407,149.0,194.57989851573686,194.61881838742718,194.59935845158202
2026-01-02 19:13:26+00:00,TSLA,ARCA,T1,SELL,244.0319688207208,142.0,244.01091895495048,244.05972601944794,244.0353224871992
2026-01-02 19:13:36+00:00,TSLA,ARCA,T1,BUY,244.13723190330165,132.0,244.08277554231105,244.18042818305614,244.1316018626836
2026-01-02 19:13:40+00:00,SPY,ARCA,T2,BUY,465.14479605990164,61.0,465.0959183592277,465.18894684574826,465.142432602488
2026-01-02 19:13:46+00:00,TSLA,ARCA,T1,BUY,244.0286112052134,132.0,243.9814102964784,244.0790223830143,244.03021633974635
2026-01-02 19:13:47+00:00,TSLA,ARCA,T1,SELL,243.98657100743273,81.0,243.961003305759,244.00980038612818,243.98540184594358
2026-01-02 19:13:55+00:00,AAPL,NASDAQ,T3,SELL,195.00677181234636,67.0,194.9854783408593,195.02447933662705,195.00497883874317
2026-01-02 19:13:58+00:00,AAPL,NASDAQ,T3,SELL,194.98649916388771,182.0,194.97077991109472,195.0097779668825,194.9902789389886
2026-01-02 19:13:58+00:00,SPY,ARCA,T2,BUY,465.0480645279316,130.0,464.9592932225045,465.1453141439778,465.0523036832412
2026-01-02 19:14:06+00:00,SPY,ARCA,T2,BUY,465.15729039559153,203.0,465.11097783962015,465.2040093383379,465.15749358897904
2026-01-02 19:14:08+00:00,AAPL,NASDAQ,T3,BUY,195.0357201064187,161.0,195.01392948343573,195.0529361700011,195.0334328267184
2026-01-02 19:14:08+00:00,NVDA,NYSE,T1,BUY,494.42789815876944,75.0,488.96989498776827,489.0676987471418,489.018796867455
2026-01-02 19:14:11+00:00,AAPL,NASDAQ,T3,BUY,195.06386127920155,85.0,195.047799679415,195.08681314069702,195.067306410056
2026-01-02 19:14:16+00:00,TSLA,ARCA,T1,BUY,243.7829116415092,53.0,243.7619663338648,243.81072360285845,243.78634496836162
2026-01-02 19:14:21+00:00,NVDA,NYSE,T1,BUY,488.9941946948841,120.0,488.9355330363437,489.0333299226396,488.98443147949166
2026-01-02 19:14:27+00:00,TSLA,ARCA,T1,SELL,243.67163321781516,187.0,243.6475806616455,243.69631505121677,243.67194785643113
2026-01-02 19:14:29+00:00,SPY,ARCA,T2,SELL,464.86641287967825,61.0,464.828442469722,464.92141745571456,464.8749299627183
2026-01-02 19:14:31+00:00,TSLA,ARCA,T1,BUY,243.60160384428661,190.0,243.57539274519578,243.62411269573985,243.59975272046782
2026-01-02 19:14:31+00:00,TSLA,ARCA,T1,SELL,243.59800377553034,126.0,243.57539274519578,243.62411269573985,243.59975272046782
2026-01-02 19:14:35+00:00,SPY,ARCA,T2,SELL,464.5768717189375,87.0,464.47332495128336,464.65915144656293,464.56623819892314
2026-01-02 19:14:36+00:00,AAPL,NASDAQ,T3,BUY,194.91978781087374,223.0,194.8996132334632,194.93859705449202,194.91910514397762
2026-01-02 19:14:43+00:00,TSLA,ARCA,T1,BUY,243.53506721857053,98.0,243.51100632905872,243.55971340103173,243.53535986504522
2026-01-02 19:14:50+00:00,TSLA,ARCA,T1,BUY,243.54983682224514,433.0,243.50207371139254,243.59949402493982,243.55078386816618
2026-01-02 19:15:05+00:00,NVDA,NYSE,T1,BUY,489.28064981935347,144.0,489.23053485011394,489.32839074267326,489.2794627963936
2026-01-02 19:15:07+00:00,SPY,ARCA,T2,SELL,464.3876062817108,83.0,464.3412816215509,464.43415916562964,464.38772039359026
2026-01-02 19:15:10+00:00,NVDA,NYSE,T1,BUY,489.28706979896856,105.0,489.23310018513087,489.33095659080846,489.28202838796966
2026-01-02 19:15:16+00:00,SPY,ARCA,T2,SELL,464.578769280563,192.0,464.2395189482211,464.9364008880983,464.5879599181597
2026-01-02 19:15:18+00:00,SPY,ARCA,T2,SELL,464.4902670607902,77.0,464.308744122081,464.68033975563213,464.49454193885657
2026-01-02 19:15:18+00:00,TSLA,ARCA,T1,BUY,243.62319225343867,210.0,243.60087279279762,243.6495978398609,243.62523531632925
2026-01-02 19:15:19+00:00,AAPL,NASDAQ,T3,BUY,195.00550943064889,157.0,194.99062084501702,195.02962286938845,195.01012185720273
2026-01-02 19:15:21+00:00,TSLA,ARCA,T1,SELL,243.60720442653766,333.0,243.56126075125303,243.65870474435218,243.6099827478026
2026-01-02 19:15:27+00:00,NVDA,NYSE,T1,BUY,489.3928111935177,37.0,489.3465774665309,489.4444565699346,489.39551701823274
2026-01-02 19:15:30+00:00,NVDA,NYSE,T1,BUY,489.44882996162096,146.0,489.39878118973144,489.49667073492395,489.4477259623277
2026-01-02 19:15:34+00:00,NVDA,NYSE,T1,SELL,489.4637169745924,108.0,489.42140301571834,489.5192970857285,489.4703500507234
2026-01-02 19:15:38+00:00,SPY,ARCA,T2,SELL,464.31216642224126,287.0,464.2216462664933,464.4073720701606,464.31450916832694
2026-01-02 19:15:43+00:00,SPY,ARCA,T2,BUY,464.4784156601242,207.0,464.43055612347416,464.5234515242389,464.47700382385653
2026-01-02 19:15:44+00:00,NVDA,NYSE,T1,SELL,489.5854055868314,218.0,489.5383060314105,489.6362234843621,489.5872647578863
2026-01-02 19:15:48+00:00,AAPL,NASDAQ,T3,BUY,195.15894343887317,157.0,195.13964874680215,195.17868057973482,195.15916466326848
2026-01-02 19:15:52+00:00,NVDA,NYSE,T1,SELL,489.71087103984587,216.0,489.65688818669406,489.7548293584486,489.70585877257133
2026-01-02 19:15:54+00:00,SPY,ARCA,T2,SELL,464.4048517011865,312.0,464.3604255051475,464.45330687838583,464.40686619176665
2026-01-02 19:15:55+00:00,TSLA,ARCA,T1,BUY,243.53832628813115,143.0,243.51251681780144,243.5612241919024,243.53687050485192
2026-01-02 19:16:09+00:00,TSLA,ARCA,T1,BUY,243.7303561463693,146.0,243.6275718228888,243.8225518723669,243.72506184762784
2026-01-02 19:16:15+00:00,SPY,ARCA,T2,SELL,464.17308008362,144.0,464.1276113173791,464.2204461231231,464.1740287202511
2026-01-02 19:16:20+00:00,AAPL,NASDAQ,T3,SELL,195.10328848462527,193.0,195.08521258881726,195.12423353342948,195.10472306112337
2026-01-02 19:16:24+00:00,NVDA,NYSE,T1,SELL,489.6038476065289,351.0,489.553438050353,489.651358530011,489.602398290182
2026-01-02 19:16:26+00:00,TSLA,ARCA,T1,BUY,243.48436321690772,173.0,243.46044547439348,243.50914243318422,243.48479395378885
2026-01-02 19:16:29+00:00,TSLA,ARCA,T1,SELL,243.50496197718127,83.0,243.48121399027974,243.52991510318907,243.5055645467344
2026-01-02 19:16:42+00:00,NVDA,NYSE,T1,SELL,489.4913678376976,172.0,489.4373926506212,489.5352899188781,489.48634128474964
2026-01-02 19:16:48+00:00,SPY,ARCA,T2,BUY,464.09248164430437,221.0,464.0527378787553,464.145557708314,464.09914779353466
2026-01-02 19:16:53+00:00,TSLA,ARCA,T1,BUY,243.28089519587022,400.0,243.1879013011728,243.38252947348266,243.28521538732772
2026-01-02 19:17:01+00:00,TSLA,ARCA,T1,SELL,243.35500075586626,305.0,243.3343375365053,243.3830092711861,243.3586734038457
2026-01-02 19:17:10+00:00,TSLA,ARCA,T1,BUY,243.28413551721422,280.0,243.258632726573,243.30728931877752,243.28296102267527
2026-01-02 19:17:14+00:00,TSLA,ARCA,T1,SELL,243.24645181599013,56.0,243.21787430595163,243.2665227456568,243.2421985258042
2026-01-02 19:17:15+00:00,TSLA,ARCA,T1,SELL,243.254430460343,266.0,243.22632981748646,243.27497994846303,243.25065488297474
2026-01-02 19:17:16+00:00,NVDA,NYSE,T1,SELL,489.5642540065395,179.0,489.52572132486773,489.6236362606263,489.574678792747
2026-01-02 19:17:16+00:00,SPY,ARCA,T2,SELL,463.8487639477557,80.0,463.4880899613537,464.1838439117586,463.83596693655613
2026-01-02 19:17:17+00:00,NVDA,NYSE,T1,SELL,489.57019935744285,253.0,489.46305996122567,489.6588843500879,489.56097215565677
2026-01-02 19:17:22+00:00,TSLA,ARCA,T1,SELL,243.32302932496802,86.0,243.2942503701486,243.34291408659428,243.31858222837144
2026-01-02 19:17:31+00:00,NVDA,NYSE,T1,BUY,489.6563329767271,74.0,489.54485033159773,489.74070744315264,489.6427788873752
2026-01-02 19:17:39+00:00,SPY,ARCA,T2,BUY,464.0269515460202,98.0,463.976759160822,464.06956379311737,464.0231614769697
2026-01-02 19:17:44+00:00,TSLA,ARCA,T1,SELL,243.45828152601413,123.0,243.42894074495896,243.47763140217367,243.45328607356632
2026-01-02 19:17:45+00:00,NVDA,NYSE,T1,SELL,489.46816705078976,102.0,489.4292212671571,489.52711690097397,489.47816908406554
2026-01-02 19:17:49+00:00,TSLA,ARCA,T1,BUY,243.49176164460786,209.0,243.46760944771168,243.51630783944037,243.49195864357603
2026-01-02 19:17:50+00:00,TSLA,ARCA,T1,SELL,243.46876804026218,184.0,243.4450918788871,243.49378576665165,243.46943882276938
2026-01-02 19:17:56+00:00,AAPL,NASDAQ,T3,SELL,195.2560109128688,118.0,195.18640008657826,195.3426116912894,195.26450588893383
2026-01-02 19:18:04+00:00,SPY,ARCA,T2,BUY,463.58697863105436,183.0,463.5409761481622,463.6336936151385,463.58733488165035
2026-01-02 19:18:08+00:00,SPY,ARCA,T2,SELL,463.73426680062397,159.0,463.6912734395019,463.7840209689428,463.73764720422236
2026-01-02 19:18:16+00:00,AAPL,NASDAQ,T3,SELL,195.1288970692602,225.0,195.10877963283414,195.14780529132653,195.12829246208034
2026-01-02 19:18:27+00:00,SPY,ARCA,T2,BUY,463.86378443950684,227.0,463.8174700595496,463.91024283083857,463.8638564451941
2026-01-02 19:18:28+00:00,AAPL,NASDAQ,T3,BUY,195.17208363178358,168.0,195.1515513692634,195.19058558295862,195.171068476111
2026-01-02 19:18:29+00:00,TSLA,ARCA,T1,BUY,243.658931636563,250.0,243.5770805814876,243.7720202218089,243.67455040164825
2026-01-02 19:18:32+00:00,TSLA,ARCA,T1,SELL,243.65483138372855,123.0,243.62928912985836,243.67801986075744,243.6536544953079
2026-01-02 19:18:38+00:00,SPY,ARCA,T2,BUY,463.6140691505345,202.0,463.56183147476736,463.65455311322614,463.60819229399675
2026-01-02 19:18:41+00:00,NVDA,NYSE,T1,BUY,489.3946445557746,99.0,489.3383474959501,489.43622495319494,489.3872862245725
2026-01-02 19:18:48+00:00,SPY,ARCA,T2,BUY,463.6697344659685,181.0,463.62513675178815,463.71787105256857,463.67150390217836
2026-01-02 19:18:50+00:00,NVDA,NYSE,T1,BUY,489.38553583176326,180.0,489.34319053663205,489.441068962582,489.392129749607
2026-01-02 19:18:52+00:00,SPY,ARCA,T2,SELL,463.60178923389424,39.0,463.55787214646773,463.65059299298173,463.60423256972473
2026-01-02 19:18:57+00:00,SPY,ARCA,T2,BUY,463.6291378277456,394.0,463.58253259265797,463.6752583717544,463.6288954822062
2026-01-02 19:18:58+00:00,NVDA,NYSE,T1,BUY,489.49352539214846,43.0,489.44332698393293,489.54122543917526,489.4922762115541
2026-01-02 19:19:00+00:00,NVDA,NYSE,T1,SELL,489.4412656549034,302.0,489.3976273142348,489.49551662862905,489.4465719714319
2026-01-02 19:19:00+00:00,TSLA,ARCA,T1,SELL,243.85089164376083,524.0,243.8275717725809,243.87634216397456,243.85195696827773
2026-01-02 19:19:14+00:00,TSLA,ARCA,T1,SELL,243.8769964519386,249.0,243.8503084131112,243.89908335228776,243.87469588269948
2026-01-02 19:19:17+00:00,SPY,ARCA,T2,SELL,464.10675188059923,93.0,464.05600020409247,464.14882068618147,464.10241044513697
2026-01-02 19:19:19+00:00,TSLA,ARCA,T1,BUY,243.9279378148666,125.0,243.90349857227432,243.95228415054657,243.92789136141045
2026-01-02 19:19:32+00:00,SPY,ARCA,T2,SELL,464.6240945264663,275.0,464.57542203120863,464.66834640805257,464.6218842196306
2026-01-02 19:19:39+00:00,SPY,ARCA,T2,BUY,464.90913930770023,81.0,464.8630718149228,464.95605372747707,464.90956277119994
2026-01-02 19:19:40+00:00,NVDA,NYSE,T1,SELL,489.5180940772431,308.0,489.46640897431837,489.56431204642047,489.5153605103694
2026-01-02 19:19:45+00:00,NVDA,NYSE,T1,SELL,489.59744153061786,176.0,489.48914577780727,489.68498060308343,489.58706319044535
2026-01-02 19:19:46+00:00,SPY,ARCA,T2,SELL,465.1822526666262,243.0,465.14032548361865,465.2333628524523,465.18684416803546
2026-01-02 19:19:51+00:00,NVDA,NYSE,T1,SELL,489.3663294206832,88.0,489.27455900946546,489.47030798286397,489.3724334961647
2026-01-02 19:19:56+00:00,SPY,ARCA,T2,SELL,465.00867817263037,264.0,464.95800556164244,465.0510064628449,465.00450601224367
2026-01-02 19:19:57+00:00,AAPL,NASDAQ,T3,BUY,194.8670337823349,378.0,194.8462976240016,194.8852707808421,194.86578420242185
2026-01-02 19:20:05+00:00,TSLA,ARCA,T1,SELL,244.079054386719,274.0,244.0569915958295,244.10580787577666,244.08139973580307
2026-01-02 19:20:05+00:00,AAPL,NASDAQ,T3,SELL,194.94206353685234,66.0,194.923724623259,194.96271326704803,194.94321894515352
2026-01-02 19:20:05+00:00,AAPL,NASDAQ,T3,BUY,194.93980022630623,129.0,194.923724623259,194.96271326704803,194.94321894515352
2026-01-02 19:20:13+00:00,SPY,ARCA,T2,SELL,464.7275868611249,115.0,464.67915058463313,464.77209570926254,464.72562314694784
2026-01-02 19:20:44+00:00,AAPL,NASDAQ,T3,BUY,195.3334174282749,321.0,195.3161369146753,195.35520404877164,195.33567048172347
2026-01-02 19:20:45+00:00,AAPL,NASDAQ,T3,SELL,195.35867715628297,262.0,195.33583981440444,195.37491088947485,195.35537535193964
2026-01-02 19:20:58+00:00,TSLA,ARCA,T1,BUY,243.91633372038694,116.0,243.8204568846357,244.0155913039111,243.9180240942734
2026-01-02 19:21:00+00:00,AAPL,NASDAQ,T3,BUY,195.40006372192525,157.0,195.36015691635023,195.43831661105574,195.399236763703
2026-01-02 19:21:07+00:00,TSLA,ARCA,T1,BUY,243.99620764718642,133.0,243.9699962996617,244.01879517880954,243.9943957392356
2026-01-02 19:21:20+00:00,NVDA,NYSE,T1,BUY,488.2169046252832,25.0,488.12267763924854,488.31796576793,488.22032170358926
2026-01-02 19:21:22+00:00,NVDA,NYSE,T1,BUY,488.2016983914823,318.0,488.1476427042591,488.24528199672926,488.1964623504942
2026-01-02 19:21:33+00:00,NVDA,NYSE,T1,BUY,488.1896131904314,253.0,488.140154073483,488.2377918680771,488.18897297078007
2026-01-02 19:21:41+00:00,NVDA,NYSE,T1,BUY,488.4377063768627,256.0,488.3861652468054,488.48385224855497,488.4350087476802
2026-01-02 19:21:44+00:00,AAPL,NASDAQ,T3,SELL,195.54652790038588,167.0,195.52669172391595,195.56580097318565,195.5462463485508
2026-01-02 19:21:49+00:00,TSLA,ARCA,T1,BUY,243.64924157705315,148.0,243.62548573847513,243.67421570861987,243.6498507235475
2026-01-02 19:21:52+00:00,TSLA,ARCA,T1,SELL,243.6883308766979,115.0,243.66468463724584,243.71342244795437,243.6890535426001
2026-01-02 19:21:55+00:00,NVDA,NYSE,T1,SELL,488.78021451866147,286.0,488.7322257522956,488.8299819730682,488.7811038626819
2026-01-02 19:21:56+00:00,NVDA,NYSE,T1,BUY,488.62255618696844,120.0,488.4523733136709,488.8432915796282,488.64783244664955
2026-01-02 19:22:04+00:00,TSLA,ARCA,T1,SELL,243.73407100867027,115.0,243.54526972118714,243.91086181984292,243.72806577051503
2026-01-02 19:22:10+00:00,NVDA,NYSE,T1,SELL,489.02697623057344,251.0,488.9422866007853,489.1379026386332,489.04009461970924
2026-01-02 19:22:32+00:00,SPY,ARCA,T2,BUY,464.0667765775327,116.0,464.0290232714435,464.1218383576064,464.07543081452496
2026-01-02 19:22:37+00:00,SPY,ARCA,T2,SELL,464.10037398938823,71.0,463.9919494442931,464.1775833508521,464.0847663975726
2026-01-02 19:22:43+00:00,NVDA,NYSE,T1,SELL,489.103255608886,114.0,489.055489240442,489.1533101203781,489.10439968041004
2026-01-02 19:22:47+00:00,TSLA,ARCA,T1,BUY,243.62658892956588,136.0,243.59949552455024,243.64822029613228,243.62385791034126
2026-01-02 19:22:51+00:00,TSLA,ARCA,T1,BUY,243.7021566858179,112.0,243.6751214668978,243.723861365181,243.6994914160394
2026-01-02 19:22:51+00:00,TSLA,ARCA,T1,SELL,243.7030096656199,157.0,243.6751214668978,243.723861365181,243.6994914160394
2026-01-02 19:22:55+00:00,SPY,ARCA,T2,BUY,464.3640742583286,111.0,464.1570086989573,464.5284828955951,464.3427457972762
2026-01-02 19:23:04+00:00,TSLA,ARCA,T1,BUY,243.79917736494207,85.0,243.77780561556872,243.82656605273556,243.80218583415214
2026-01-02 19:23:12+00:00,AAPL,NASDAQ,T3,BUY,195.26850953471225,129.0,195.1845942529342,195.34080441240033,195.26269933266727
2026-01-02 19:23:17+00:00,NVDA,NYSE,T1,BUY,489.81938035107106,161.0,489.7015991254581,489.89751894907295,489.7995590372655
2026-01-02 19:23:23+00:00,NVDA,NYSE,T1,SELL,489.6555975712141,132.0,489.55020490248614,489.74606415629785,489.648134529392
2026-01-02 19:23:23+00:00,AAPL,NASDAQ,T3,BUY,195.43399834495852,151.0,195.41406026771836,195.45314698844396,195.43360362808116
2026-01-02 19:23:32+00:00,AAPL,NASDAQ,T3,SELL,195.47952569474572,544.0,195.45695229127574,195.49604759126402,195.47649994126988
2026-01-02 19:23:47+00:00,NVDA,NYSE,T1,SELL,489.5200871286403,100.0,489.471149030949,489.56905305115725,489.5201010410531
2026-01-02 19:23:51+00:00,NVDA,NYSE,T1,SELL,489.4872666631951,439.0,489.3696252000897,489.56541220757117,489.4675187038304
2026-01-02 19:23:57+00:00,NVDA,NYSE,T1,SELL,489.37651312390454,77.0,489.3317807809377,489.4296569247083,489.380718852823
2026-01-02 19:24:00+00:00,TSLA,ARCA,T1,SELL,243.52037932853023,366.0,243.42722753599529,243.62204724590802,243.52463739095165
2026-01-02 19:24:01+00:00,TSLA,ARCA,T1,SELL,243.46732070083175,150.0,243.41316092305996,243.51054566437747,243.46185329371872
2026-01-02 19:24:29+00:00,TSLA,ARCA,T1,SELL,243.69894815114282,211.0,243.65287003359037,243.75035067773263,243.7016103556615
2026-01-02 19:24:31+00:00,AAPL,NASDAQ,T3,SELL,195.1236786486097,213.0,195.10701136362482,195.14603666842802,195.12652401602642
2026-01-02 19:24:32+00:00,TSLA,ARCA,T1,SELL,243.69139575670138,146.0,243.6650918502817,243.713829742441,243.68946079636135
2026-01-02 19:24:33+00:00,TSLA,ARCA,T1,BUY,243.7099754642171,149.0,243.6875491987525,243.73629158283063,243.71192039079156
2026-01-02 19:24:43+00:00,TSLA,ARCA,T1,SELL,243.84920848737542,256.0,243.8212878530489,243.87005698753296,243.84567242029092
2026-01-02 19:24:59+00:00,NVDA,NYSE,T1,BUY,488.90685564329186,93.0,488.8580565537552,488.95583794320487,488.90694724848004
2026-01-02 19:25:26+00:00,SPY,ARCA,T2,SELL,463.60345907472237,134.0,463.50359151980075,463.6890300441135,463.59631078195713
2026-01-02 19:25:52+00:00,TSLA,ARCA,T1,BUY,243.36816779014154,166.0,243.34356497380003,243.3922385541528,243.36790176397642
2026-01-02 19:25:53+00:00,NVDA,NYSE,T1,SELL,489.29038133644644,208.0,489.08166981565705,489.47309172027144,489.27738076796425
2026-01-02 19:26:03+00:00,NVDA,NYSE,T1,BUY,489.0998282143974,456.0,489.0468961833722,489.14471534452497,489.0958057639486
2026-01-02 19:26:05+00:00,NVDA,NYSE,T1,BUY,489.2211732373101,113.0,489.0501665235197,489.4415632154153,489.2458648694675
2026-01-02 19:26:20+00:00,SPY,ARCA,T2,BUY,463.63099425056987,94.0,463.58148895324604,463.6742145235938,463.6278517384199
2026-01-02 19:26:48+00:00,NVDA,NYSE,T1,SELL,489.55153487664626,104.0,489.4931546464679,489.5910630682393,489.5421088573536
2026-01-02 19:26:51+00:00,SPY,ARCA,T2,BUY,463.1906111159784,74.0,463.1471934774573,463.23983218002303,463.19351282874015
2026-01-02 19:26:54+00:00,SPY,ARCA,T2,BUY,463.2123161376008,38.0,463.0076898454457,463.3782442190716,463.19296703225865
2026-01-02 19:26:59+00:00,NVDA,NYSE,T1,SELL,489.66530627331537,317.0,489.5730078962641,489.768876273098,489.67094208468103
2026-01-02 19:27:04+00:00,AAPL,NASDAQ,T3,BUY,195.34523579047357,159.0,195.32418834016804,195.3632570847105,195.34372271243927
2026-01-02 19:27:09+00:00,SPY,ARCA,T2,BUY,463.5351898391718,107.0,463.4836275675124,463.5763335636255,463.52998056556896
2026-01-02 19:27:13+00:00,AAPL,NASDAQ,T3,SELL,195.2896388949487,143.0,195.27191048484102,195.31096877276676,195.2914396288039
2026-01-02 19:27:50+00:00,SPY,ARCA,T2,SELL,463.5661169584325,153.0,463.5128118773667,463.6055237109255,463.5591677941461
2026-01-02 19:27:52+00:00,NVDA,NYSE,T1,BUY,489.75258752790523,128.0,489.6990834431457,489.7970330547955,489.7480582489706
2026-01-02 19:28:00+00:00,NVDA,NYSE,T1,SELL,489.629019068364,362.0,489.5834680714198,489.6813945576828,489.6324313145513
2026-01-02 19:28:07+00:00,TSLA,ARCA,T1,SELL,242.78332159641428,192.0,242.75825797748396,242.8068144847302,242.7825362311071
2026-01-02 19:28:13+00:00,NVDA,NYSE,T1,SELL,489.72916481049674,336.0,489.53185240140385,489.9236345962029,489.72774349880336
2026-01-02 19:28:23+00:00,NVDA,NYSE,T1,SELL,489.58455293866666,156.0,489.5438336503054,489.64175220889126,489.5927929295983
2026-01-02 19:28:34+00:00,AAPL,NASDAQ,T3,SELL,195.11001786967665,251.0,195.08865440135716,195.12767603440076,195.10816521787896
2026-01-02 19:28:34+00:00,AAPL,NASDAQ,T3,SELL,196.93122226607196,298.0,195.08865440135716,195.12767603440076,195.10816521787896
2026-01-02 19:28:42+00:00,AAPL,NASDAQ,T3,BUY,195.1482958881118,168.0,195.12607036431058,195.16509948129516,195.14558492280287
2026-01-02 19:28:42+00:00,NVDA,NYSE,T1,SELL,490.04663922358134,91.0,489.8561707270466,490.2482124803295,490.0521916036881
2026-01-02 19:28:45+00:00,MSFT,NYSE,T1,BUY,418.7480053268278,150.0,418.7039634072938,418.787712574892,418.7458379910929
2026-01-02 19:28:46+00:00,AAPL,NASDAQ,T3,BUY,195.19014465022354,110.0,195.16621171564134,195.2052488616991,195.18573028867021
2026-01-02 19:28:59+00:00,NVDA,NYSE,T1,SELL,490.59917203085564,102.0,490.5565301186248,490.6546512367603,490.60559067769253
2026-01-02 19:29:04+00:00,NVDA,NYSE,T1,BUY,490.68337542510767,217.0,490.6339329296527,490.7320695298987,490.6830012297757
2026-01-02 19:29:06+00:00,AAPL,NASDAQ,T3,SELL,195.0832261412016,109.0,195.06569724726816,195.10471428842172,195.08520576784494
2026-01-02 19:29:06+00:00,MSFT,NYSE,T1,BUY,418.91303065308216,294.0,418.86973366142416,418.95351598638894,418.91162482390655
2026-01-02 19:29:13+00:00,MSFT,NYSE,T1,BUY,418.8888093369414,87.0,418.73826566307355,419.07339032546895,418.90582799427125
2026-01-02 19:29:20+00:00,MSFT,NYSE,T1,SELL,418.9915817474328,246.0,418.95021324355423,419.0340116660452,418.9921124547997
2026-01-02 19:29:21+00:00,AAPL,NASDAQ,T3,BUY,195.16553942316673,142.0,195.14767484380772,195.1867082821203,195.167191562964
2026-01-02 19:29:24+00:00,MSFT,NYSE,T1,SELL,419.07161462264816,121.0,419.03144814981044,419.11526282090756,419.073355485359
2026-01-02 19:29:24+00:00,MSFT,NYSE,T1,BUY,419.0729192822282,206.0,419.03144814981044,419.11526282090756,419.073355485359
2026-01-02 19:29:27+00:00,TSLA,ARCA,T1,SELL,242.8136858064228,270.0,242.79253645373902,242.84109981736614,242.81681813555258
2026-01-02 19:29:30+00:00,TSLA,ARCA,T1,BUY,242.75111490046675,81.0,242.7266670755247,242.7752172639586,242.75094216974165
2026-01-02 19:29:33+00:00,SPY,ARCA,T2,BUY,462.9519399655735,382.0,462.9071560964429,462.9997467867312,462.95345144158705
2026-01-02 19:29:34+00:00,NVDA,NYSE,T1,SELL,490.43463890407014,189.0,490.2094295792091,490.6017540526618,490.40559181593545
2026-01-02 19:29:36+00:00,NVDA,NYSE,T1,SELL,490.49956645763945,269.0,490.4492650707024,490.5473647336828,490.4983149021926
2026-01-02 19:29:41+00:00,SPY,ARCA,T2,SELL,462.96102625052544,83.0,462.9171088664268,463.00970154746824,462.9634052069475
2026-01-02 19:29:43+00:00,SPY,ARCA,T2,BUY,463.00836307503573,63.0,462.95231504032336,463.0449147633037,462.99861490181354
2026-01-02 19:29:46+00:00,MSFT,NYSE,T1,SELL,418.7296137738624,192.0,418.6753989487604,418.7591424028956,418.717270675828
2026-01-02 19:29:47+00:00,MSFT,NYSE,T1,SELL,418.7969078351138,63.0,418.7558873589028,418.83964691232995,418.79776713561637
2026-01-02 19:29:51+00:00,MSFT,NYSE,T1,SELL,418.93311221429946,283.0,418.7456776290092,419.0808082233502,418.9132429261797
2026-01-02 19:29:53+00:00,TSLA,ARCA,T1,SELL,242.45774387172875,153.0,242.43227367082744,242.48076497469202,242.45651932275973
2026-01-02 19:29:58+00:00,AAPL,NASDAQ,T3,SELL,195.02712987676028,326.0,195.001340105501,195.04034427393893,195.02084218971996
2026-01-02 19:30:06+00:00,SPY,ARCA,T2,BUY,462.35579219607257,142.0,462.27929647228035,462.46424518061093,462.37177082644564
2026-01-02 19:30:06+00:00,SPY,ARCA,T2,BUY,462.37383340379785,139.0,462.27929647228035,462.46424518061093,462.37177082644564
2026-01-02 19:30:08+00:00,SPY,ARCA,T2,BUY,462.3996937211333,356.0,462.35701486371244,462.44949551475025,462.40325518923134
2026-01-02 19:30:10+00:00,SPY,ARCA,T2,SELL,462.4892960850574,272.0,462.30056939568556,462.6705578465825,462.485563621134
2026-01-02 19:30:13+00:00,MSFT,NYSE,T1,SELL,419.15155992502196,111.0,419.1106035971737,419.1944341009435,419.1525188490586
2026-01-02 19:30:19+00:00,MSFT,NYSE,T1,SELL,419.1478621299131,448.0,419.0695104177932,419.23717175422763,419.1533410860104
2026-01-02 19:30:21+00:00,AAPL,NASDAQ,T3,BUY,194.95920236638193,99.0,194.93821917336103,194.97721071635002,194.95771494485552
2026-01-02 19:30:23+00:00,AAPL,NASDAQ,T3,SELL,194.92069028338486,99.0,194.877428406785,194.95539497146063,194.9164116891228
2026-01-02 19:30:24+00:00,AAPL,NASDAQ,T3,BUY,194.90808834079306,177.0,194.8895043715467,194.92848617060093,194.90899527107382
2026-01-02 19:30:24+00:00,SPY,ARCA,T2,BUY,462.6202482687932,178.0,462.5379844411521,462.7230366453694,462.63051054326075
2026-01-02 19:30:24+00:00,SPY,ARCA,T2,BUY,462.64001512443605,173.0,462.5379844411521,462.7230366453694,462.63051054326075
2026-01-02 19:30:31+00:00,AAPL,NASDAQ,T3,BUY,194.90364412064585,237.0,194.88408794935586,194.92306866501727,194.90357830718656
2026-01-02 19:30:35+00:00,MSFT,NYSE,T1,BUY,418.97492251031736,97.0,418.9318340967858,419.01562884307975,418.9737314699328
2026-01-02 19:30:44+00:00,MSFT,NYSE,T1,SELL,418.866262617312,506.0,418.7875260018247,418.9550745219295,418.8713002618771
2026-01-02 19:30:47+00:00,TSLA,ARCA,T1,BUY,242.56224142038664,38.0,242.48019272327662,242.67425450216678,242.5772236127217
2026-01-02 19:30:49+00:00,AAPL,NASDAQ,T3,SELL,194.8167366334846,83.0,194.73406497145385,194.88991456326772,194.81198976736079
2026-01-02 19:30:50+00:00,TSLA,ARCA,T1,SELL,242.6565816054937,57.0,242.59697025888929,242.6940284586328,242.64549935876104
2026-01-02 19:30:51+00:00,TSLA,ARCA,T1,BUY,242.6327249804737,273.0,242.6059401448376,242.65446618547062,242.63020316515411
2026-01-02 19:30:52+00:00,TSLA,ARCA,T1,SELL,242.6319460531111,264.0,242.60644450397362,242.6549706454886,242.6307075747311
2026-01-02 19:31:04+00:00,AAPL,NASDAQ,T3,BUY,194.62320429536857,139.0,194.6048785197142,194.64380338790494,194.62434095380956
2026-01-02 19:31:05+00:00,TSLA,ARCA,T1,BUY,242.56850560388912,206.0,242.54325069777158,242.5917641992613,242.56750744851644
2026-01-02 19:31:07+00:00,AAPL,NASDAQ,T3,SELL,194.58985481337314,154.0,194.5692908953906,194.60820864534466,194.58874977036763
2026-01-02 19:31:11+00:00,MSFT,NYSE,T1,SELL,418.4623273551999,32.0,418.4157791081231,418.49947063309725,418.4576248706102
2026-01-02 19:31:16+00:00,TSLA,ARCA,T1,SELL,242.56532113092942,157.0,242.53951705748995,242.5880298121769,242.56377343483342
2026-01-02 19:31:19+00:00,NVDA,NYSE,T1,SELL,490.81478978115337,105.0,490.7584433035151,490.85660480832627,490.8075240559207
2026-01-02 19:31:20+00:00,MSFT,NYSE,T1,SELL,418.29783462589364,88.0,418.25661065609165,418.3402703441917,418.2984405001417
2026-01-02 19:31:26+00:00,AAPL,NASDAQ,T3,BUY,194.55846953269108,201.0,194.53970939658984,194.57862122965247,194.55916531312116
2026-01-02 19:31:33+00:00,NVDA,NYSE,T1,SELL,490.79266336292255,71.0,490.74951863067326,490.8476783503713,490.7985984905223
2026-01-02 19:31:42+00:00,MSFT,NYSE,T1,BUY,418.5442487293686,196.0,418.45867793466806,418.6260948892329,418.5423864119505
2026-01-02 19:31:44+00:00,SPY,ARCA,T2,BUY,462.94512893840505,148.0,462.8999379082067,462.99252715471295,462.9462325314598
2026-01-02 19:31:48+00:00,TSLA,ARCA,T1,BUY,242.69076821695447,182.0,242.66565375064826,242.71419173519686,242.68992274292256
2026-01-02 19:31:51+00:00,SPY,ARCA,T2,SELL,463.0280976980616,215.0,462.85560983075163,463.2260424916806,463.0408261612161
2026-01-02 19:31:57+00:00,AAPL,NASDAQ,T3,BUY,194.39805692214807,144.0,194.38015680802957,194.4190367273831,194.39959676770633
2026-01-02 19:32:02+00:00,TSLA,ARCA,T1,SELL,242.7000758606338,108.0,242.6743708479378,242.72291057608024,242.69864071200902
2026-01-02 19:32:11+00:00,SPY,ARCA,T2,SELL,462.97012562832805,316.0,462.8785905456978,463.0637790196109,462.97118478265435
2026-01-02 19:32:14+00:00,AAPL,NASDAQ,T3,SELL,194.30967583054613,141.0,194.28935502603383,194.32821678321477,194.3087859046243
2026-01-02 19:32:18+00:00,MSFT,NYSE,T1,BUY,418.67470156723647,421.0,418.62652966380404,418.71026334310477,418.6683965034544
2026-01-02 19:32:25+00:00,MSFT,NYSE,T1,BUY,418.6144018981157,114.0,418.4752937481849,418.8102079488637,418.6427508485243
2026-01-02 19:32:31+00:00,SPY,ARCA,T2,BUY,462.63935158212115,31.0,462.5973023944027,462.6898311077529,462.6435667510778
2026-01-02 19:32:34+00:00,AAPL,NASDAQ,T3,SELL,194.2951794053218,103.0,194.25803782402798,194.33575658290934,194.29689720346866
2026-01-02 19:32:36+00:00,NVDA,NYSE,T1,SELL,491.3535529466193,123.0,491.3031096219277,491.401380070897,491.35224484641236
2026-01-02 19:32:37+00:00,SPY,ARCA,T2,BUY,462.6332007354453,118.0,462.5328455423736,462.71789569062014,462.62537061649687
2026-01-02 19:32:41+00:00,SPY,ARCA,T2,BUY,462.5569307574283,246.0,462.5143590616211,462.6068711846458,462.56061512313346
2026-01-02 19:32:50+00:00,NVDA,NYSE,T1,SELL,491.0550166804531,123.0,491.0077769593714,491.105988335901,491.0568826476362
2026-01-02 19:32:56+00:00,AAPL,NASDAQ,T3,SELL,194.29524210636384,121.0,194.27709668212262,194.31595598738957,194.2965263347561
2026-01-02 19:33:04+00:00,MSFT,NYSE,T1,BUY,418.66668610653005,359.0,418.5896657509022,418.7571351110746,418.6734004309884
2026-01-02 19:33:17+00:00,NVDA,NYSE,T1,BUY,491.523881852725,191.0,491.47967460809775,491.5779803735959,491.5288274908468
2026-01-02 19:33:17+00:00,SPY,ARCA,T2,SELL,462.5279696585822,74.0,462.48269220341183,462.5751979924314,462.5289450979216
2026-01-02 19:33:22+00:00,NVDA,NYSE,T1,BUY,491.7881287597541,269.0,491.6983634871643,491.89508217629697,491.7967228317306
2026-01-02 19:33:23+00:00,NVDA,NYSE,T1,BUY,491.7844997177946,209.0,491.73757103298374,491.8359283829253,491.7867497079545
2026-01-02 19:33:26+00:00,NVDA,NYSE,T1,SELL,491.8553176285706,103.0,491.64603078816964,492.0395050024859,491.84276789532777
2026-01-02 19:33:34+00:00,TSLA,ARCA,T1,SELL,242.5074834362442,102.0,242.48750427728035,242.53600662837093,242.51175545282564
2026-01-02 19:33:36+00:00,MSFT,NYSE,T1,BUY,418.63346125452756,116.0,418.5866463545063,418.6703720563474,418.62850920542684
2026-01-02 19:33:42+00:00,NVDA,NYSE,T1,SELL,491.26501841529256,67.0,491.2175845481583,491.3158378904022,491.26671121928024
2026-01-02 19:33:50+00:00,AAPL,NASDAQ,T3,SELL,194.55067696896901,107.0,194.50943625566174,194.58725559403166,194.5483459248467
2026-01-02 19:33:59+00:00,NVDA,NYSE,T1,SELL,490.9436221958142,128.0,490.89916855435763,490.9973582070338,490.9482633806957
2026-01-02 19:34:00+00:00,SPY,ARCA,T2,SELL,461.9955103110945,56.0,461.9468778540744,462.0392764695067,461.99307716179055
2026-01-02 19:34:03+00:00,NVDA,NYSE,T1,SELL,490.9622923505655,93.0,490.7501970258275,491.14295428635234,490.9465756560899
2026-01-02 19:34:11+00:00,NVDA,NYSE,T1,BUY,491.10424990078394,211.0,490.99273732353845,491.18917370574434,491.0909555146414
2026-01-02 19:34:14+00:00,TSLA,ARCA,T1,SELL,242.67458963714972,89.0,242.64955865298842,242.69809341819555,242.673826035592
2026-01-02 19:34:15+00:00,MSFT,NYSE,T1,BUY,418.49560812532155,276.0,418.45482413985957,418.53852347462106,418.4966738072403
2026-01-02 19:34:21+00:00,MSFT,NYSE,T1,SELL,418.4958108999457,254.0,418.4533845825409,418.53708362936203,418.49523410595145
2026-01-02 19:34:22+00:00,SPY,ARCA,T2,BUY,462.5104144951691,214.0,462.4663119513052,462.55881446394676,462.512563207626
2026-01-02 19:34:24+00:00,AAPL,NASDAQ,T3,BUY,194.4568227908737,151.0,194.43627195295463,194.47516309645957,194.4557175247071
2026-01-02 19:34:30+00:00,NVDA,NYSE,T1,BUY,490.7655552452851,108.0,490.66381125797847,490.8601160434387,490.7619636507086
2026-01-02 19:34:30+00:00,NVDA,NYSE,T1,SELL,490.75931523055255,80.0,490.66381125797847,490.8601160434387,490.7619636507086
2026-01-02 19:34:31+00:00,AAPL,NASDAQ,T3,SELL,194.45990923313062,216.0,194.41993055894176,194.49771408787115,194.45882232340645
2026-01-02 19:34:33+00:00,NVDA,NYSE,T1,SELL,490.7997839682893,54.0,490.7427610747086,490.8409194427603,490.79184025873445
2026-01-02 19:34:49+00:00,AAPL,NASDAQ,T3,BUY,194.54762441998068,106.0,194.52864733295203,194.56755695338066,194.54810214316635
2026-01-02 19:34:57+00:00,MSFT,NYSE,T1,SELL,418.2436011647143,83.0,417.9022221687624,418.52954599488515,418.2158840818238
2026-01-02 19:34:58+00:00,AAPL,NASDAQ,T3,SELL,194.50829943680054,68.0,194.4863346441415,194.525235801186,194.50578522266375
2026-01-02 19:35:06+00:00,SPY,ARCA,T2,BUY,462.1000039582691,76.0,462.00664151956227,462.191481144095,462.09906133182864
2026-01-02 19:35:06+00:00,AAPL,NASDAQ,T3,BUY,194.56251652855548,125.0,194.54069919077241,194.57961122181368,194.56015520629305
2026-01-02 19:35:11+00:00,TSLA,ARCA,T1,BUY,242.88412821161864,660.0,242.85645893139656,242.9050350807978,242.88074700609718
2026-01-02 19:35:26+00:00,AAPL,NASDAQ,T3,SELL,194.51923582333987,55.0,194.5001310948296,194.53903501144026,194.51958305313494
2026-01-02 19:35:27+00:00,MSFT,NYSE,T1,BUY,417.76966432333967,239.0,417.73133201269735,417.81488663456213,417.77310932362974
2026-01-02 19:35:28+00:00,SPY,ARCA,T2,SELL,461.7948607814402,99.0,461.7504649643304,461.8428242932562,461.7966446287933
2026-01-02 19:35:31+00:00,MSFT,NYSE,T1,BUY,417.379480672695,249.0,417.33708281991653,417.42055858405695,417.37882070198674
2026-01-02 19:35:32+00:00,SPY,ARCA,T2,SELL,462.0204907219072,176.0,461.9668878276008,462.059290445428,462.0130891365144
2026-01-02 19:35:35+00:00,SPY,ARCA,T2,BUY,461.94868211651175,70.0,461.90084489019483,461.9932342981137,461.94703959415426
2026-01-02 19:35:35+00:00,SPY,ARCA,T2,SELL,461.94363636700393,330.0,461.90084489019483,461.9932342981137,461.94703959415426
2026-01-02 19:35:39+00:00,SPY,ARCA,T2,SELL,461.9421230257356,239.0,461.8977177610808,461.9901065435113,461.94391215229604
2026-01-02 19:35:44+00:00,MSFT,NYSE,T1,BUY,417.50389684454825,157.0,417.4605404785991,417.54404093674066,417.5022907076699
2026-01-02 19:35:52+00:00,AAPL,NASDAQ,T3,SELL,194.46025058656812,59.0,194.44270703211862,194.4815994627681,194.46215324744335
2026-01-02 19:35:53+00:00,AAPL,NASDAQ,T3,BUY,194.45835081252056,107.0,194.43837382136792,194.4772653852886,194.45781960332826
2026-01-02 19:36:02+00:00,MSFT,NYSE,T1,BUY,417.4117385853776,85.0,417.3678120131401,417.45129392373383,417.40955296843697
2026-01-02 19:36:07+00:00,NVDA,NYSE,T1,SELL,491.4668153400355,77.0,491.41466706968686,491.5129598323771,491.46381345103197
2026-01-02 19:36:08+00:00,TSLA,ARCA,T1,SELL,242.53567778811794,181.0,242.51445176183978,242.56295950296624,242.538705632403
2026-01-02 19:36:10+00:00,NVDA,NYSE,T1,BUY,491.2617889908885,60.0,491.06263585316213,491.45564316476936,491.25913950896575
2026-01-02 19:36:11+00:00,NVDA,NYSE,T1,SELL,491.30991211073353,178.0,491.26306669469335,491.3613291342762,491.3121979144848
2026-01-02 19:36:12+00:00,NVDA,NYSE,T1,BUY,491.34991983241673,159.0,491.29860717703906,491.3968767254293,491.3477419512342
2026-01-02 19:36:15+00:00,NVDA,NYSE,T1,BUY,491.42911515366467,527.0,491.38222270196667,491.48050897513434,491.4313658385505
2026-01-02 19:36:18+00:00,MSFT,NYSE,T1,BUY,417.6014966113379,83.0,417.55097962837715,417.63449817615765,417.5927389022674
2026-01-02 19:36:19+00:00,MSFT,NYSE,T1,SELL,417.687434515969,212.0,417.6066464868091,417.77372256061864,417.69018452371387
2026-01-02 19:36:25+00:00,NVDA,NYSE,T1,BUY,491.85111585151606,145.0,491.79874209734027,491.8971116827183,491.84792689002927
2026-01-02 19:36:29+00:00,TSLA,ARCA,T1,SELL,242.32137464348673,90.0,242.29580106898553,242.34426507559996,242.32003307229274
2026-01-02 19:36:31+00:00,AAPL,NASDAQ,T3,SELL,194.39511479311068,147.0,194.37602249622952,194.414901588638,194.39546204243376
2026-01-02 19:36:38+00:00,SPY,ARCA,T2,BUY,462.18478145934904,144.0,462.1407506465758,462.23318804044453,462.18696934351016
2026-01-02 19:36:39+00:00,MSFT,NYSE,T1,SELL,417.98331961703116,142.0,417.8933186237206,418.0605093893232,417.9769140065219
2026-01-02 19:36:46+00:00,NVDA,NYSE,T1,SELL,492.3185709145958,50.0,492.2209850639978,492.4179128435793,492.31944895378854
2026-01-02 19:36:48+00:00,TSLA,ARCA,T1,SELL,242.36995056010312,160.0,242.3441566147845,242.39263029347532,242.36839345412992
2026-01-02 19:36:48+00:00,SPY,ARCA,T2,SELL,462.01288988017467,90.0,461.9729884525459,462.06539229062025,462.0191903715831
2026-01-02 19:36:49+00:00,SPY,ARCA,T2,SELL,462.03831400511376,187.0,461.8530362962668,462.2226665774163,462.03785143684155
2026-01-02 19:36:52+00:00,AAPL,NASDAQ,T3,SELL,194.2644917127739,77.0,194.2446241082491,194.28347691835174,194.26405051330042
2026-01-02 19:36:58+00:00,NVDA,NYSE,T1,BUY,492.55336203650694,132.0,492.5093409486738,492.6078526680355,492.55859680835465
2026-01-02 19:36:58+00:00,NVDA,NYSE,T1,BUY,492.5633700404749,215.0,492.5093409486738,492.6078526680355,492.55859680835465
2026-01-02 19:36:58+00:00,MSFT,NYSE,T1,BUY,418.21050251367245,293.0,418.17286665933557,418.2565095969612,418.2146881281484
2026-01-02 19:36:59+00:00,TSLA,ARCA,T1,BUY,242.41882184371133,249.0,242.3934133972291,242.44189692826166,242.41765516274538
2026-01-02 19:37:03+00:00,AAPL,NASDAQ,T3,SELL,194.2760635291627,165.0,194.25863577639836,194.2974913891149,194.27806358275663
2026-01-02 19:37:05+00:00,SPY,ARCA,T2,BUY,461.9542727502148,110.0,461.86415774192534,462.04894036154604,461.9565490517357
2026-01-02 19:37:17+00:00,TSLA,ARCA,T1,BUY,242.4806343314261,83.0,242.45926873866028,242.50776544207838,242.48351709036933
2026-01-02 19:37:19+00:00,NVDA,NYSE,T1,BUY,492.6994712452951,167.0,492.6500333732779,492.7485732339386,492.69930330360825
2026-01-02 19:37:24+00:00,AAPL,NASDAQ,T3,SELL,194.35338862939466,110.0,194.331993746459,194.37086403223688,194.35142888934794
2026-01-02 19:37:28+00:00,AAPL,NASDAQ,T3,SELL,194.34809216346773,242.0,194.325975591546,194.36484467357252,194.34541013255927
2026-01-02 19:37:28+00:00,MSFT,NYSE,T1,SELL,418.0720145518048,88.0,418.0312886649284,418.11490328412333,418.07309597452587
2026-01-02 19:37:30+00:00,AAPL,NASDAQ,T3,BUY,194.38580924338302,176.0,194.36765777966679,194.40653519896466,194.38709648931572
2026-01-02 19:37:32+00:00,SPY,ARCA,T2,SELL,461.98311775485877,128.0,461.8884742534437,462.07326660161465,461.98087042752917
2026-01-02 19:37:34+00:00,TSLA,ARCA,T1,BUY,242.47451558620907,311.0,242.45229332052745,242.50078862872235,242.4765409746249
2026-01-02 19:37:35+00:00,SPY,ARCA,T2,SELL,461.95796852696697,518.0,461.9118759941871,462.00426760854737,461.9580718013672
2026-01-02 19:37:38+00:00,TSLA,ARCA,T1,SELL,242.52812327451664,236.0,242.50610608144433,242.55461215326778,242.53035911735606
2026-01-02 19:37:39+00:00,SPY,ARCA,T2,BUY,462.1866607805287,187.0,462.1442207307451,462.23665881870005,462.19043977472256
2026-01-02 19:37:43+00:00,AAPL,NASDAQ,T3,BUY,194.3841945190492,127.0,194.3635855127681,194.40246211753112,194.3830238151496
2026-01-02 19:37:43+00:00,SPY,ARCA,T2,SELL,462.07951521339595,176.0,462.0359126799498,462.12832910412817,462.082120892039
2026-01-02 19:37:54+00:00,MSFT,NYSE,T1,SELL,417.3851967903348,224.0,417.34074405162613,417.4242205480861,417.3824822998561
2026-01-02 19:38:12+00:00,NVDA,NYSE,T1,SELL,493.06847229926257,391.0,492.96693463532756,493.1641608544255,493.06554774487654
2026-01-02 19:38:13+00:00,NVDA,NYSE,T1,BUY,493.07790165024625,223.0,492.89199334106536,493.2864647242915,493.0892290326784
2026-01-02 19:38:17+00:00,MSFT,NYSE,T1,SELL,416.9124298965512,169.0,416.57772048997793,417.20305607239976,416.89038828118885
2026-01-02 19:38:18+00:00,TSLA,ARCA,T1,SELL,242.59205493250445,242.0,242.5658047513938,242.61432276414538,242.5900637577696
2026-01-02 19:38:26+00:00,NVDA,NYSE,T1,BUY,493.02554223985277,408.0,492.97396717097456,493.0725718248741,493.02326949792433
2026-01-02 19:38:29+00:00,TSLA,ARCA,T1,SELL,242.58088987315386,52.0,242.55577122431313,242.60428723015858,242.58002922723585
2026-01-02 19:38:32+00:00,NVDA,NYSE,T1,SELL,493.06967150618834,155.0,493.02603827227426,493.12465334143565,493.07534580685495
2026-01-02 19:38:39+00:00,MSFT,NYSE,T1,SELL,417.01754177090083,349.0,416.98052426229435,417.06392870759134,417.02222648494285
2026-01-02 19:38:51+00:00,SPY,ARCA,T2,SELL,461.77016748102375,290.0,461.73065945953056,461.82301482695925,461.7768371432449
2026-01-02 19:38:56+00:00,NVDA,NYSE,T1,SELL,493.6441748424943,124.0,493.5933140260911,493.6920425617499,493.6426782939205
2026-01-02 19:38:57+00:00,SPY,ARCA,T2,BUY,461.7140534139507,47.0,461.61745746633727,461.80214138610773,461.7097994262225
2026-01-02 19:38:57+00:00,TSLA,ARCA,T1,BUY,242.67898650454615,390.0,242.63507951114934,242.7321529576431,242.68361623439623
2026-01-02 19:39:01+00:00,MSFT,NYSE,T1,SELL,416.77130184342656,93.0,416.6828316952735,416.8495381692464,416.76618493225993
2026-01-02 19:39:03+00:00,TSLA,ARCA,T1,BUY,242.5551474531505,132.0,242.53127913200737,242.57979023894447,242.55553468547592
2026-01-02 19:39:07+00:00,SPY,ARCA,T2,SELL,461.69307159177487,362.0,461.49344609000406,461.8627885838736,461.67811733693884
2026-01-02 19:39:17+00:00,SPY,ARCA,T2,BUY,461.853593597021,187.0,461.80872588800895,461.9010968702848,461.85491137914687
2026-01-02 19:39:20+00:00,AAPL,NASDAQ,T3,SELL,194.56750326360455,290.0,194.5312153971925,194.60904344896176,194.57012942307713
2026-01-02 19:39:23+00:00,SPY,ARCA,T2,SELL,461.62362369480417,160.0,461.4499320333184,461.8192397020125,461.63458586766546
2026-01-02 19:39:40+00:00,NVDA,NYSE,T1,BUY,493.0063280499039,236.0,492.95579861719057,493.054399637016,493.0050991271033
2026-01-02 19:39:42+00:00,NVDA,NYSE,T1,SELL,492.9007159084661,49.0,492.8519587935702,492.9505390433539,492.90124891846204
2026-01-02 19:39:44+00:00,MSFT,NYSE,T1,BUY,415.88766787265575,219.0,415.8467763635893,415.92995403662934,415.8883652001093
2026-01-02 19:39:46+00:00,AAPL,NASDAQ,T3,BUY,194.64871522261978,144.0,194.6271901917203,194.66611952269173,194.64665485720602
2026-01-02 19:39:48+00:00,MSFT,NYSE,T1,SELL,415.8184825923134,46.0,415.78043205873576,415.8635964615878,415.8220142601618
2026-01-02 19:39:48+00:00,TSLA,ARCA,T1,SELL,242.72094391104406,190.0,242.69752904820592,242.7460734084516,242.72180122832876
2026-01-02 19:39:49+00:00,SPY,ARCA,T2,BUY,461.7037243469686,91.0,461.4802364260083,461.8495683479178,461.66490238696304
2026-01-02 19:39:52+00:00,TSLA,ARCA,T1,SELL,242.68275080527516,177.0,242.5745192202509,242.76865649053522,242.67158785539306
2026-01-02 19:40:02+00:00,MSFT,NYSE,T1,BUY,416.0011174453379,251.0,415.9252794099261,416.09168280236855,416.0084811061473
2026-01-02 19:40:16+00:00,SPY,ARCA,T2,BUY,462.1211714602963,253.0,462.07636416510576,462.16878868039026,462.122576422748
2026-01-02 19:40:19+00:00,SPY,ARCA,T2,SELL,461.98504515982626,112.0,461.8835695129981,462.0683598988805,461.9759647059393
2026-01-02 19:40:25+00:00,MSFT,NYSE,T1,BUY,415.4673902991048,208.0,415.320692692968,415.6530822029264,415.4868874479472
2026-01-02 19:40:28+00:00,AAPL,NASDAQ,T3,BUY,194.53366296719628,190.0,194.51440070823233,194.55330747905109,194.5338540936417
2026-01-02 19:40:29+00:00,MSFT,NYSE,T1,BUY,415.4836060975247,114.0,415.44054714819333,415.5236435672649,415.4820953577291
2026-01-02 19:40:45+00:00,MSFT,NYSE,T1,BUY,415.6416264972781,375.0,415.6016207670453,415.6847494040624,415.64318508555385
2026-01-02 19:40:46+00:00,NVDA,NYSE,T1,BUY,491.88325697162344,299.0,491.82554920768877,491.9239241550251,491.8747366813569
2026-01-02 19:40:48+00:00,MSFT,NYSE,T1,SELL,415.57980635756246,247.0,415.54030816255016,415.62342453582,415.5818663491851
2026-01-02 19:40:49+00:00,SPY,ARCA,T2,BUY,461.47802851371466,94.0,461.43544565742036,461.52774197618373,461.48159381680205
2026-01-02 19:40:52+00:00,TSLA,ARCA,T1,BUY,242.6790995964521,165.0,242.65529504443433,242.70383095703446,242.6795630007344
2026-01-02 19:40:58+00:00,AAPL,NASDAQ,T3,BUY,194.50377142836325,83.0,194.48479068243637,194.5236915306577,194.50424110654703
2026-01-02 19:41:04+00:00,SPY,ARCA,T2,BUY,461.628679920921,60.0,461.53856884730607,461.72322120531663,461.63089502631135
2026-01-02 19:41:11+00:00,AAPL,NASDAQ,T3,BUY,194.29441792705978,278.0,194.27754611824423,194.3164055134074,194.29697581582582
2026-01-02 19:41:13+00:00,AAPL,NASDAQ,T3,SELL,194.20828898764722,249.0,194.17188561152162,194.24956990262447,194.21072775707304
2026-01-02 19:41:15+00:00,TSLA,ARCA,T1,SELL,242.4650796770567,124.0,242.41872581721177,242.51571270491618,242.46721926106397
2026-01-02 19:41:24+00:00,NVDA,NYSE,T1,BUY,492.1962721452071,390.0,492.1476900024529,492.24612938439157,492.19690969342224
2026-01-02 19:41:39+00:00,SPY,ARCA,T2,BUY,462.1490730936597,308.0,462.1075629549388,462.1999937106054,462.1537783327721
2026-01-02 19:41:45+00:00,MSFT,NYSE,T1,SELL,415.594593008611,186.0,415.5031881129075,415.66942263505706,415.58630537398227
2026-01-02 19:41:47+00:00,AAPL,NASDAQ,T3,SELL,194.43209441134596,120.0,194.4103853487731,194.44927131443944,194.42982833160627
2026-01-02 19:41:51+00:00,AAPL,NASDAQ,T3,SELL,194.38536177329482,194.0,194.3506512976599,194.42840710934132,194.38952920350062
2026-01-02 19:41:56+00:00,MSFT,NYSE,T1,BUY,415.40895224820144,122.0,415.36803146283637,415.45111337732044,415.4095724200784
2026-01-02 19:42:00+00:00,SPY,ARCA,T2,SELL,462.66033851306327,94.0,462.5682886979885,462.7533530263334,462.66082086216096
2026-01-02 19:42:01+00:00,NVDA,NYSE,T1,BUY,492.09273013189386,193.0,492.03452554915486,492.1329422959394,492.08373392254714
2026-01-02 19:42:19+00:00,SPY,ARCA,T2,SELL,462.5024178912917,110.0,462.41375958357753,462.59876208791184,462.5062608357447
2026-01-02 19:42:22+00:00,AAPL,NASDAQ,T3,SELL,194.39925464927413,223.0,194.36156863554885,194.43932881503895,194.4004487252939
2026-01-02 19:42:35+00:00,TSLA,ARCA,T1,SELL,242.71232986757013,116.0,242.69216031035148,242.7407035967422,242.71643195354685
2026-01-02 19:42:39+00:00,MSFT,NYSE,T1,SELL,415.77807058304245,328.0,415.7069790982182,415.8732951530685,415.79013712564335
2026-01-02 19:42:40+00:00,TSLA,ARCA,T1,SELL,242.79646870291523,267.0,242.77465476118533,242.82321454811625,242.7989346546508
2026-01-02 19:42:42+00:00,TSLA,ARCA,T1,BUY,242.80566457079541,310.0,242.77966063503794,242.82822142324375,242.80394102914084
2026-01-02 19:42:43+00:00,TSLA,ARCA,T1,SELL,242.7795015903502,40.0,242.73091087610638,242.82802266281416,242.77946676946027
2026-01-02 19:42:55+00:00,AAPL,NASDAQ,T3,BUY,194.45715869133988,218.0,194.4228800866857,194.50066479566217,194.46177244117393
2026-01-02 19:42:55+00:00,MSFT,NYSE,T1,SELL,415.7062529323595,172.0,415.5586650500413,415.89124501406695,415.72495503205414
2026-01-02 19:43:10+00:00,TSLA,ARCA,T1,SELL,243.03003401450772,322.0,243.00703589386367,243.05564216166923,243.03133902776645
2026-01-02 19:43:11+00:00,MSFT,NYSE,T1,BUY,415.4945267758588,118.0,415.3279296216223,415.66032492344027,415.4941272725313
2026-01-02 19:43:18+00:00,AAPL,NASDAQ,T3,SELL,194.38611588320094,379.0,194.365690816173,194.4045678420388,194.3851293291059
2026-01-02 19:43:28+00:00,AAPL,NASDAQ,T3,SELL,194.39744503719623,243.0,194.37733140774003,194.41621076195702,194.39677108484852
2026-01-02 19:43:31+00:00,MSFT,NYSE,T1,BUY,414.8243079115286,278.0,414.74142895184013,414.9073587093724,414.82439383060625
2026-01-02 19:43:37+00:00,TSLA,ARCA,T1,SELL,242.86448185920452,92.0,242.81715231210777,242.91429860229064,242.8657254571992
2026-01-02 19:43:48+00:00,SPY,ARCA,T2,BUY,462.17179567623356,187.0,461.9842929249805,462.3540282534519,462.1691605892162
2026-01-02 19:43:53+00:00,TSLA,ARCA,T1,BUY,242.86347744624084,308.0,242.8404388185071,242.8890117635653,242.8647252910362
2026-01-02 19:44:00+00:00,MSFT,NYSE,T1,BUY,414.6505981487314,165.0,414.335708826989,414.9576788677601,414.64669384737454
2026-01-02 19:44:10+00:00,NVDA,NYSE,T1,SELL,491.54816431320205,194.0,491.4964710976277,491.5947802227597,491.5456256601937
2026-01-02 19:44:23+00:00,SPY,ARCA,T2,BUY,462.3057798071911,209.0,462.25817171597146,462.35063259640265,462.30440215618705
2026-01-02 19:44:30+00:00,TSLA,ARCA,T1,BUY,242.8397399627293,77.0,242.8172813990406,242.86584971215171,242.84156555559616
2026-01-02 19:44:36+00:00,SPY,ARCA,T2,SELL,462.71090612728096,376.0,462.66936858549843,462.7619117135283,462.7156401495134
2026-01-02 19:44:39+00:00,SPY,ARCA,T2,BUY,462.72954974739554,105.0,462.67427164384935,462.76681575258897,462.72054369821916
2026-01-02 19:44:42+00:00,MSFT,NYSE,T1,BUY,414.32103884479307,76.0,414.2834310951061,414.36629606782236,414.32486358146423
2026-01-02 19:44:45+00:00,NVDA,NYSE,T1,BUY,491.5137603728096,200.0,491.4677041161563,491.56600748731665,491.5168558017365
2026-01-02 19:44:51+00:00,MSFT,NYSE,T1,SELL,414.242255536271,60.0,414.1652543378085,414.3309535793919,414.2481039586002
2026-01-02 19:44:52+00:00,NVDA,NYSE,T1,SELL,491.65162203858364,195.0,491.59478918510206,491.69311797581815,491.6439535804601
2026-01-02 19:44:53+00:00,SPY,ARCA,T2,BUY,463.29972106806554,71.0,463.25683358121233,463.3494942139918,463.3031638976021
2026-01-02 19:45:06+00:00,MSFT,NYSE,T1,SELL,414.2439501050305,77.0,414.202717392416,414.2855662207773,414.24414180659664
2026-01-02 19:45:14+00:00,NVDA,NYSE,T1,SELL,491.6532018803325,169.0,491.2357965279746,491.973203277829,491.6044999029018
2026-01-02 19:45:22+00:00,AAPL,NASDAQ,T3,BUY,194.09317484959914,159.0,194.05138888109377,194.12902496386278,194.09020692247827
2026-01-02 19:45:28+00:00,SPY,ARCA,T2,SELL,462.7711791797193,117.0,462.57987570262924,462.9500876879855,462.76498169530737
2026-01-02 19:45:34+00:00,MSFT,NYSE,T1,SELL,414.1591093042856,90.0,414.12382205370324,414.2066551014188,414.165238577561
2026-01-02 19:45:37+00:00,AAPL,NASDAQ,T3,BUY,194.02919618454106,157.0,194.0093206744706,194.04812641917994,194.02872354682526
2026-01-02 19:45:38+00:00,TSLA,ARCA,T1,BUY,243.1624489015248,146.0,243.1205740395603,243.21784172271273,243.16920788113651
2026-01-02 19:45:44+00:00,TSLA,ARCA,T1,BUY,243.13664315770328,282.0,243.1164437590918,243.16507191065875,243.14075783487527
2026-01-02 19:45:45+00:00,MSFT,NYSE,T1,SELL,414.287509927623,122.0,414.22084255542194,414.38656403674037,414.30370329608115
2026-01-02 19:45:49+00:00,TSLA,ARCA,T1,BUY,243.14796386457036,64.0,243.09596479059655,243.19322262808026,243.1445937093384
2026-01-02 19:45:55+00:00,SPY,ARCA,T2,SELL,462.57373828612,88.0,462.522888190963,462.61540201998406,462.5691451054735
2026-01-02 19:46:02+00:00,AAPL,NASDAQ,T3,SELL,194.02909343920217,277.0,194.01046718311898,194.04927315715298,194.02987017013598
2026-01-02 19:46:08+00:00,NVDA,NYSE,T1,BUY,491.57350967509484,189.0,491.5255391773193,491.62385411664866,491.57469664698397
2026-01-02 19:46:36+00:00,SPY,ARCA,T2,BUY,462.29849223623364,92.0,462.20075360657387,462.38567089147347,462.29321224902367
2026-01-02 19:46:36+00:00,TSLA,ARCA,T1,BUY,243.2904797901036,69.0,243.23674704467336,243.33406120632358,243.28540412549847
2026-01-02 19:46:48+00:00,NVDA,NYSE,T1,BUY,491.6150216483925,60.0,491.51769124797244,491.7143376537528,491.6160144508626
2026-01-02 19:46:54+00:00,AAPL,NASDAQ,T3,BUY,194.4154768233463,172.0,194.39286175337986,194.43174421397657,194.41230298367822
2026-01-02 19:46:59+00:00,AAPL,NASDAQ,T3,SELL,194.49387512121814,81.0,194.45701940596743,194.53481777340332,194.49591858968537
2026-01-02 19:47:00+00:00,MSFT,NYSE,T1,SELL,413.26006705824284,151.0,413.22256870904715,413.3052214880668,413.263895098557
2026-01-02 19:47:09+00:00,SPY,ARCA,T2,SELL,461.15959628296827,80.0,461.07233492774856,461.25680075488503,461.1645678413168
2026-01-02 19:47:13+00:00,MSFT,NYSE,T1,SELL,413.5346956118346,109.0,413.48360121726733,413.56630620800985,413.5249537126386
2026-01-02 19:47:16+00:00,SPY,ARCA,T2,SELL,460.94376564108035,184.0,460.9005031134301,460.99269243298477,460.94659777320743
2026-01-02 19:47:17+00:00,SPY,ARCA,T2,SELL,460.98276084391784,256.0,460.9383782588526,461.0305751541939,460.98447670652325
2026-01-02 19:47:22+00:00,TSLA,ARCA,T1,SELL,242.93095474715972,133.0,242.90753370890397,242.95612007428227,242.93182689159312
2026-01-02 19:47:38+00:00,TSLA,ARCA,T1,SELL,243.01252670745353,227.0,242.90250846219928,243.09690822887572,242.9997083455375
2026-01-02 19:47:39+00:00,NVDA,NYSE,T1,SELL,491.3975515829685,106.0,491.2995569257434,491.4961160603406,491.397836493042
2026-01-02 19:47:43+00:00,MSFT,NYSE,T1,BUY,413.7524842379084,143.0,413.71099513215205,413.79374560622585,413.75237036918895
2026-01-02 19:47:45+00:00,TSLA,ARCA,T1,SELL,243.20177269898852,174.0,243.1762615070381,243.22490162335114,243.20058156519463
2026-01-02 19:47:45+00:00,AAPL,NASDAQ,T3,SELL,194.48383930494836,331.0,194.46168953123,194.500585758759,194.4811376449945
2026-01-02 19:47:49+00:00,MSFT,NYSE,T1,BUY,413.60704638982907,321.0,413.5716055623267,413.6543281556985,413.6129668590126
2026-01-02 19:47:50+00:00,TSLA,ARCA,T1,BUY,243.21072606210075,212.0,243.16691761452594,243.2642038388166,243.21556072667127
2026-01-02 19:47:52+00:00,MSFT,NYSE,T1,BUY,413.61129690948263,157.0,413.46014158990863,413.7910420633699,413.62559182663927
2026-01-02 19:47:53+00:00,SPY,ARCA,T2,BUY,461.529254476232,208.0,461.4612261662775,461.645847581027,461.55353687365226
2026-01-02 19:47:56+00:00,AAPL,NASDAQ,T3,SELL,194.34536779794587,326.0,194.3111935398602,194.3889335652812,194.3500635525707
2026-01-02 19:47:58+00:00,SPY,ARCA,T2,SELL,461.64798338792576,42.0,461.59808650634295,461.69041535652923,461.6442509314361
2026-01-02 19:48:02+00:00,TSLA,ARCA,T1,BUY,243.0668993290301,179.0,243.022767944522,243.1199964974104,243.0713822209662
2026-01-02 19:48:05+00:00,SPY,ARCA,T2,BUY,461.4203515675436,47.0,461.3672763339336,461.45955901746873,461.41341767570117
2026-01-02 19:48:06+00:00,NVDA,NYSE,T1,BUY,491.1386590727149,295.0,491.08687419353623,491.1851013910947,491.13598779231546
2026-01-02 19:48:24+00:00,NVDA,NYSE,T1,BUY,491.31892920827204,122.0,491.2613317729178,491.3595938654816,491.3104628191997
2026-01-02 19:48:27+00:00,SPY,ARCA,T2,BUY,461.11530193175093,278.0,461.0639091041323,461.1561311081535,461.1100201061429
2026-01-02 19:48:27+00:00,TSLA,ARCA,T1,BUY,242.70544860248617,87.0,242.6816460129582,242.73018719627913,242.70591660461866
2026-01-02 19:48:28+00:00,AAPL,NASDAQ,T3,BUY,194.5752035851626,112.0,194.560219107955,194.5991350433701,194.57967707566254
2026-01-02 19:48:29+00:00,SPY,ARCA,T2,SELL,467.71153891045884,62.0,461.17831849751104,461.2705633856994,461.2244409416052
2026-01-02 19:48:45+00:00,NVDA,NYSE,T1,SELL,491.45790467418385,548.0,491.40517970207577,491.5034705671027,491.4543251345892
2026-01-02 19:48:45+00:00,MSFT,NYSE,T1,BUY,413.2218225739881,262.0,413.1801567901125,413.26280108590015,413.2214789380063
2026-01-02 19:48:45+00:00,MSFT,NYSE,T1,BUY,413.2135011341111,102.0,413.1801567901125,413.26280108590015,413.2214789380063
2026-01-02 19:48:48+00:00,SPY,ARCA,T2,SELL,461.0776026386205,248.0,460.7547496130355,461.44640047560193,461.1005750443187
2026-01-02 19:48:52+00:00,AAPL,NASDAQ,T3,SELL,194.42692827143296,217.0,194.410201578927,194.44908750783566,194.42964454338133
2026-01-02 19:48:53+00:00,TSLA,ARCA,T1,BUY,242.77464492612765,135.0,242.74842709030676,242.7969816311789,242.77270436074284
2026-01-02 19:48:53+00:00,SPY,ARCA,T2,SELL,461.16663206612145,84.0,461.1202628291916,461.21249610508505,461.1663794671383
2026-01-02 19:48:56+00:00,MSFT,NYSE,T1,BUY,413.0863927296501,109.0,413.0521404138105,413.1347591037623,413.0934497587864
2026-01-02 19:49:12+00:00,AAPL,NASDAQ,T3,BUY,194.47577861355208,85.0,194.43043559759482,194.50822332938023,194.46932946348753
2026-01-02 19:49:20+00:00,SPY,ARCA,T2,SELL,461.2549061728835,119.0,461.16161910967145,461.3461206576249,461.2538698836482
2026-01-02 19:49:22+00:00,AAPL,NASDAQ,T3,SELL,194.3562375346136,124.0,194.32120844768022,194.39895247986576,194.360080463773
2026-01-02 19:49:28+00:00,NVDA,NYSE,T1,BUY,491.44309758915756,150.0,491.39473788483485,491.4930266612895,491.4438822730622
2026-01-02 19:49:29+00:00,AAPL,NASDAQ,T3,SELL,194.32868412755238,62.0,194.29302186579608,194.37075462109348,194.33188824344478
2026-01-02 19:49:32+00:00,AAPL,NASDAQ,T3,BUY,194.34996215524188,193.0,194.3315964574742,194.37046666378635,194.35103156063028
2026-01-02 19:49:33+00:00,TSLA,ARCA,T1,BUY,243.03668303475743,108.0,243.00847597445485,243.05708253030534,243.0327792523801
2026-01-02 19:49:36+00:00,SPY,ARCA,T2,BUY,461.6916383961702,658.0,461.6424448675546,461.7347825903004,461.6886137289275
2026-01-02 19:49:47+00:00,TSLA,ARCA,T1,BUY,242.83890938618052,48.0,242.74195911390416,242.9362303897056,242.83909475180488
2026-01-02 19:49:48+00:00,TSLA,ARCA,T1,SELL,242.78489319566765,171.0,242.75812685383744,242.8066833348563,242.78240509434687
2026-01-02 19:49:54+00:00,AAPL,NASDAQ,T3,BUY,194.45545852638799,141.0,194.4372770085234,194.4761683530596,194.4567226807915
2026-01-02 19:49:55+00:00,MSFT,NYSE,T1,BUY,413.7497004412586,192.0,413.70418669280156,413.7869358050513,413.74556124892644
2026-01-02 19:50:02+00:00,SPY,ARCA,T2,BUY,461.38551966303226,211.0,461.3408532623853,461.4331306607776,461.38699196158143
2026-01-02 19:50:07+00:00,NVDA,NYSE,T1,BUY,490.68087654948835,181.0,490.6356855397754,490.7338224905784,490.6847540151769
2026-01-02 19:50:10+00:00,TSLA,ARCA,T1,BUY,242.51887090367393,159.0,242.4735221849818,242.5705309956179,242.52202659029984
2026-01-02 19:50:15+00:00,SPY,ARCA,T2,SELL,461.15040792715075,115.0,460.87490120044043,461.56673242566006,461.22081681305025
2026-01-02 19:50:15+00:00,NVDA,NYSE,T1,BUY,490.35057747531073,223.0,490.3038653252096,490.4019359053326,490.3529006152711
2026-01-02 19:50:27+00:00,NVDA,NYSE,T1,SELL,490.3876936297561,52.0,490.33625268723927,490.4343297454825,490.3852912163609
2026-01-02 19:50:32+00:00,TSLA,ARCA,T1,SELL,242.54516271334296,338.0,242.52083293374247,242.56934195123094,242.5450874424867
2026-01-02 19:50:37+00:00,MSFT,NYSE,T1,SELL,413.9323997172963,300.0,413.85528329499056,414.0208585233542,413.9380709091724
2026-01-02 19:50:41+00:00,NVDA,NYSE,T1,SELL,490.59445997614057,101.0,490.54801804964205,490.6461374651936,490.5970777574178
2026-01-02 19:50:48+00:00,MSFT,NYSE,T1,BUY,413.9382060167099,102.0,413.89755685400013,413.98034464414997,413.93895074907505
2026-01-02 19:50:50+00:00,AAPL,NASDAQ,T3,BUY,194.73891985258967,134.0,194.69463373415422,194.7725271663343,194.73358045024426
2026-01-02 19:50:51+00:00,TSLA,ARCA,T1,BUY,242.41626582962473,267.0,242.39261494881245,242.44109832013933,242.4168566344759
2026-01-02 19:50:55+00:00,NVDA,NYSE,T1,BUY,491.1683359347151,197.0,491.1152309440962,491.21346381357193,491.16434737883407
2026-01-02 19:50:57+00:00,MSFT,NYSE,T1,SELL,414.18227755822113,229.0,414.1347139438125,414.21754917012396,414.17613155696824
2026-01-02 19:51:06+00:00,MSFT,NYSE,T1,BUY,413.96982273972793,447.0,413.92548492530375,414.00827830162643,413.9668816134651
2026-01-02 19:51:06+00:00,SPY,ARCA,T2,SELL,461.0837771744848,472.0,461.0355073329415,461.1277236560404,461.08161549449096
2026-01-02 19:51:10+00:00,AAPL,NASDAQ,T3,SELL,194.587285861911,93.0,194.51712332185969,194.67279929090478,194.59496130638223
2026-01-02 19:51:15+00:00,TSLA,ARCA,T1,SELL,242.29921644702367,175.0,242.26970758448317,242.31816637187882,242.293936978181
2026-01-02 19:51:22+00:00,NVDA,NYSE,T1,BUY,491.0796506027243,62.0,490.98774129843275,491.18417568182883,491.0859584901308
2026-01-02 19:51:37+00:00,TSLA,ARCA,T1,BUY,242.32207792312283,95.0,242.29646303794132,242.34492717696284,242.32069510745208
2026-01-02 19:51:40+00:00,TSLA,ARCA,T1,BUY,242.37920285495213,83.0,242.35608481391318,242.4045608784824,242.3803228461978
2026-01-02 19:51:41+00:00,NVDA,NYSE,T1,BUY,491.4507066302038,113.0,491.40545762521907,491.50374854583623,491.45460308552765
2026-01-02 19:51:53+00:00,AAPL,NASDAQ,T3,BUY,194.38828459307857,109.0,194.30087262833058,194.45637552759297,194.37862407796177
2026-01-02 19:52:02+00:00,AAPL,NASDAQ,T3,SELL,194.24556764694032,61.0,194.22717858206096,194.26602790270942,194.2466032423852
2026-01-02 19:52:07+00:00,MSFT,NYSE,T1,SELL,413.5502243843495,542.0,413.5090241913978,413.5917342672437,413.55037922932075
2026-01-02 19:52:08+00:00,AAPL,NASDAQ,T3,SELL,194.14760950415965,148.0,194.01383902781825,194.3050782157509,194.15945862178458
2026-01-02 19:52:09+00:00,TSLA,ARCA,T1,BUY,242.2159668020335,142.0,242.19657812176987,242.2450222818102,242.22080020179004
2026-01-02 19:52:12+00:00,AAPL,NASDAQ,T3,SELL,194.16354539413643,112.0,194.14091842391997,194.17975049081144,194.1603344573657
2026-01-02 19:52:32+00:00,NVDA,NYSE,T1,SELL,491.25791352117517,287.0,490.8446312296034,491.5814507911189,491.21304101036117
2026-01-02 19:52:33+00:00,TSLA,ARCA,T1,BUY,242.5322738331174,45.0,242.5097289140152,242.55823571047765,242.53398231224642
2026-01-02 19:52:55+00:00,SPY,ARCA,T2,BUY,460.38059922878296,114.0,460.16486885335183,460.5331480601172,460.3490084567345
2026-01-02 19:52:58+00:00,AAPL,NASDAQ,T3,BUY,194.1950942851475,157.0,194.17436500799,194.21320376486727,194.19378438642863
2026-01-02 19:53:02+00:00,NVDA,NYSE,T1,BUY,491.45243581252333,165.0,491.39886019897546,491.4971497999754,491.4480049994754
2026-01-02 19:53:02+00:00,SPY,ARCA,T2,SELL,460.3337828176642,99.0,460.2939236951649,460.3859916867031,460.339957690934
2026-01-02 19:53:03+00:00,NVDA,NYSE,T1,BUY,491.4033964010328,98.0,491.35398942690557,491.4522700528535,491.40312973987955
2026-01-02 19:53:19+00:00,SPY,ARCA,T2,SELL,460.7382919415337,199.0,460.58850885557024,460.95712710995645,460.77281798276334
2026-01-02 19:53:21+00:00,MSFT,NYSE,T1,SELL,413.0603953832315,43.0,413.02516938833315,413.1077826835404,413.0664760359368
2026-01-02 19:53:24+00:00,AAPL,NASDAQ,T3,BUY,194.25014253195204,199.0,194.22840972886613,194.26725929576858,194.24783451231735
2026-01-02 19:53:25+00:00,TSLA,ARCA,T1,SELL,242.24309709371508,216.0,242.2195580860912,242.26800684258407,242.24378246433764
2026-01-02 19:53:29+00:00,SPY,ARCA,T2,SELL,461.0728722733795,344.0,460.9768926207952,461.161320263372,461.0691064420836
2026-01-02 19:53:33+00:00,TSLA,ARCA,T1,SELL,242.15536668657168,260.0,242.12995722905399,242.17838806358324,242.1541726463186
2026-01-02 19:53:33+00:00,SPY,ARCA,T2,SELL,461.0228668194389,222.0,460.9823412306822,461.07454691949727,461.02844407508974
2026-01-02 19:53:35+00:00,SPY,ARCA,T2,SELL,460.9869852899319,411.0,460.8929915273554,461.07738560278136,460.98518856506837
2026-01-02 19:53:36+00:00,AAPL,NASDAQ,T3,SELL,194.26254401211364,249.0,194.2409306240352,194.27978269536712,194.26035665970116
2026-01-02 19:53:38+00:00,AAPL,NASDAQ,T3,SELL,194.26400148774513,245.0,194.24772414340555,194.28657757357723,194.2671508584914
2026-01-02 19:53:41+00:00,NVDA,NYSE,T1,SELL,491.3336251397793,275.0,491.2451378659839,491.4416752286028,491.34340654729334
2026-01-02 19:53:52+00:00,SPY,ARCA,T2,SELL,461.10363915432947,326.0,461.0558080896989,461.1480284733553,461.1019182815271
2026-01-02 19:54:01+00:00,MSFT,NYSE,T1,BUY,413.0309970228321,383.0,412.7146719261682,413.3342085865528,413.0244402563605
2026-01-02 19:54:09+00:00,TSLA,ARCA,T1,BUY,242.4791993330635,192.0,242.4514644312654,242.4999595736659,242.47571200246566
2026-01-02 19:54:20+00:00,TSLA,ARCA,T1,BUY,242.49756311522938,211.0,242.4719469887356,242.5204462280573,242.49619660839645
2026-01-02 19:54:40+00:00,MSFT,NYSE,T1,SELL,413.4870405412872,223.0,413.44780406148084,413.53050189207624,413.48915297677854
2026-01-02 19:54:50+00:00,MSFT,NYSE,T1,SELL,413.2280363501117,84.0,413.18751445898266,413.2701602264512,413.22883734271693
2026-01-02 19:54:52+00:00,SPY,ARCA,T2,BUY,461.10389947551005,325.0,461.0610402498458,461.15326168003884,461.1071509649423
2026-01-02 19:55:01+00:00,NVDA,NYSE,T1,BUY,491.83518036826484,160.0,491.65100575489055,492.0444839507728,491.8477448528317
2026-01-02 19:55:06+00:00,MSFT,NYSE,T1,BUY,413.33333768784604,225.0,413.2868815022363,413.3695471451011,413.3282143236687
2026-01-02 19:55:21+00:00,AAPL,NASDAQ,T3,BUY,194.06361386480927,236.0,194.02255630707893,194.10018085451125,194.0613685807951
2026-01-02 19:55:22+00:00,SPY,ARCA,T2,SELL,461.9456018437701,177.0,461.86360308567544,462.0483854833892,461.9559942845323
2026-01-02 19:55:24+00:00,MSFT,NYSE,T1,SELL,413.26682243917725,352.0,413.2361706776703,413.31882617735585,413.2774984275131
2026-01-02 19:55:37+00:00,SPY,ARCA,T2,BUY,461.97324734940514,123.0,461.87966954655485,462.0644583721386,461.9720639593467
2026-01-02 19:55:42+00:00,NVDA,NYSE,T1,SELL,492.4318645448977,353.0,492.3845116332948,492.4829983842966,492.4337550087957
2026-01-02 19:55:53+00:00,AAPL,NASDAQ,T3,BUY,194.1307392633342,191.0,194.11336508220137,194.1521916378734,194.13277836003738
2026-01-02 19:55:54+00:00,AAPL,NASDAQ,T3,BUY,194.12324959465838,191.0,194.0526452030318,194.2079494408894,194.1302973219606
2026-01-02 19:55:55+00:00,SPY,ARCA,T2,SELL,461.9066995106545,98.0,461.73478338010636,462.1043190210669,461.9195512005866
2026-01-02 19:55:56+00:00,AAPL,NASDAQ,T3,SELL,194.09366813704125,216.0,194.0712611843142,194.11007931836446,194.09067025133933
2026-01-02 19:55:56+00:00,MSFT,NYSE,T1,BUY,413.4915745694865,599.0,413.4254284310005,413.5908316830233,413.5081300570119
2026-01-02 19:55:58+00:00,AAPL,NASDAQ,T3,SELL,194.10501647515775,176.0,194.02778665412208,194.18307099718263,194.10542882565235
2026-01-02 19:56:06+00:00,SPY,ARCA,T2,SELL,461.7272882560482,140.0,461.53537314275695,461.9047491916907,461.72006116722383
2026-01-02 19:56:13+00:00,AAPL,NASDAQ,T3,SELL,194.2680156621337,200.0,194.23218302580065,194.30989144069397,194.2710372332473
2026-01-02 19:56:18+00:00,AAPL,NASDAQ,T3,BUY,194.27883898828512,89.0,194.26006432576173,194.29892022421672,194.27949227498922
2026-01-02 19:56:19+00:00,TSLA,ARCA,T1,SELL,242.70633630047854,172.0,242.60744740418082,242.8016110275535,242.70452921586715
2026-01-02 19:56:22+00:00,NVDA,NYSE,T1,BUY,493.10662883538015,279.0,493.05609486171767,493.1547159427981,493.1054054022579
2026-01-02 19:56:22+00:00,SPY,ARCA,T2,BUY,461.78534304873347,104.0,461.73777780855363,461.83013459979446,461.78395620417405
2026-01-02 19:56:23+00:00,AAPL,NASDAQ,T3,SELL,194.22924458888434,198.0,194.20992603130028,194.24877190109353,194.2293489661969
2026-01-02 19:56:24+00:00,MSFT,NYSE,T1,BUY,413.21071292806846,273.0,413.1678802739836,413.2505221142224,413.209201194103
2026-01-02 19:56:40+00:00,AAPL,NASDAQ,T3,BUY,194.15120492501453,53.0,194.13057436226524,194.1694043601375,194.14998936120136
2026-01-02 19:56:40+00:00,MSFT,NYSE,T1,BUY,412.7504709762662,164.0,412.70868659093867,412.79123658325614,412.7499615870974
2026-01-02 19:56:44+00:00,MSFT,NYSE,T1,BUY,412.5758494855291,168.0,412.41925706444107,412.74932449706563,412.58429078075335
2026-01-02 19:56:48+00:00,NVDA,NYSE,T1,BUY,493.33766597707756,70.0,493.28798235851934,493.38664982173736,493.33731609012835
2026-01-02 19:56:54+00:00,AAPL,NASDAQ,T3,BUY,193.98540030486177,578.0,193.96767272293633,194.00647013722235,193.98707143007934
2026-01-02 19:56:55+00:00,AAPL,NASDAQ,T3,BUY,194.00911592524602,238.0,193.98900162173658,194.02780330222896,194.00840246198277
2026-01-02 19:56:59+00:00,NVDA,NYSE,T1,BUY,493.5255102234989,257.0,493.47767095352816,493.5763763582593,493.52702365589374
2026-01-02 19:57:05+00:00,AAPL,NASDAQ,T3,BUY,194.0214475232665,197.0,193.9852502673519,194.06285988938322,194.02405507836755
2026-01-02 19:57:26+00:00,SPY,ARCA,T2,BUY,462.2740536873102,127.0,462.223080424132,462.31553428560295,462.26930735486746
2026-01-02 19:57:36+00:00,TSLA,ARCA,T1,BUY,242.66100721117334,243.0,242.63399373050467,242.68252538241595,242.6582595564603
2026-01-02 19:57:38+00:00,TSLA,ARCA,T1,BUY,242.68140416089327,238.0,242.65599320666814,242.7045292589147,242.68026123279142
2026-01-02 19:57:49+00:00,MSFT,NYSE,T1,SELL,413.24942398232247,230.0,413.17023579555837,413.33553695010755,413.25288637283296
2026-01-02 19:58:03+00:00,NVDA,NYSE,T1,BUY,493.6947281696146,66.0,493.65077416069687,493.74951418953185,493.70014417511436
2026-01-02 19:58:24+00:00,MSFT,NYSE,T1,BUY,413.7240708868256,320.0,413.5584835403897,413.88946271889347,413.7239731296416
2026-01-02 19:58:26+00:00,AAPL,NASDAQ,T3,BUY,194.29197245392137,109.0,194.27236144524483,194.31121980336968,194.29179062430725
2026-01-02 19:58:48+00:00,MSFT,NYSE,T1,BUY,413.7880076526391,246.0,413.7071329535295,413.8726489099022,413.78989093171583
2026-01-02 19:58:52+00:00,NVDA,NYSE,T1,SELL,494.32990642378445,146.0,494.2738856139451,494.3727502775342,494.32331794573963
2026-01-02 19:59:08+00:00,SPY,ARCA,T2,BUY,461.28772693650654,53.0,461.19029958733773,461.37481260977717,461.28255609855745
2026-01-02 19:59:13+00:00,NVDA,NYSE,T1,BUY,493.9607277770718,87.0,493.91310910071434,494.01190160178464,493.9625053512495
2026-01-02 19:59:18+00:00,TSLA,ARCA,T1,BUY,243.08812201755956,150.0,243.06936438729886,243.11798312204982,243.09367375467434
2026-01-02 19:59:28+00:00,NVDA,NYSE,T1,BUY,494.3456725613199,124.0,494.3011995928971,494.40006971982837,494.35063465636273
2026-01-02 19:59:47+00:00,NVDA,NYSE,T1,BUY,494.44474442355755,237.0,494.3888536024164,494.48774126190284,494.43829743215963
2026-01-02 19:59:51+00:00,NVDA,NYSE,T1,BUY,494.32991193166214,311.0,494.23141176166746,494.4291438727944,494.3302778172309
2026-01-02 19:59:51+00:00,SPY,ARCA,T2,SELL,461.6516112354334,48.0,461.60256321403614,461.6948929596535,461.6487280868448
2026-01-02 20:00:00+00:00,SPY,ARCA,T2,BUY,461.81782730687956,720.0,461.6707994013729,462.04028383466726,461.8555416180201
2026-01-02 20:00:02+00:00,NVDA,NYSE,T1,SELL,494.60790565579225,96.0,494.55953832401207,494.65846012385686,494.60899922393446
2026-01-02 20:00:02+00:00,SPY,ARCA,T2,SELL,461.8363275986768,385.0,461.7934568446344,461.8858247727961,461.8396408087153
2026-01-02 20:00:04+00:00,TSLA,ARCA,T1,BUY,243.4024685042774,211.0,243.37861354768134,243.42729413844998,243.40295384306566
2026-01-02 20:00:09+00:00,TSLA,ARCA,T1,BUY,243.5120019044866,185.0,243.41781915754433,243.61263133774247,243.5152252476434
2026-01-02 20:00:11+00:00,NVDA,NYSE,T1,BUY,494.5927554764386,120.0,494.5516815271365,494.6506017554647,494.6011416413006
2026-01-02 20:00:12+00:00,NVDA,NYSE,T1,SELL,494.620289384371,237.0,494.56616945743826,494.6650925836424,494.6156310205403
2026-01-02 20:00:17+00:00,SPY,ARCA,T2,BUY,462.09269031915437,158.0,461.66621388929207,462.3592329744399,462.012723431866
2026-01-02 20:00:25+00:00,AAPL,NASDAQ,T3,SELL,194.39814500233692,46.0,194.37899594423448,194.41787563139206,194.39843578781327
2026-01-02 20:00:27+00:00,MSFT,NYSE,T1,SELL,413.9707825725415,198.0,413.93229760486327,414.0150923438581,413.9736949743607
2026-01-02 20:00:36+00:00,AAPL,NASDAQ,T3,SELL,194.3521111530852,136.0,194.33064665848735,194.36951667482066,194.350081666654
2026-01-02 20:00:39+00:00,TSLA,ARCA,T1,BUY,243.69747677548665,468.0,243.67027665182624,243.71901558104955,243.6946461164379
2026-01-02 20:00:48+00:00,NVDA,NYSE,T1,SELL,494.1719842158399,155.0,494.12406668733695,494.22290138414405,494.1734840357405
2026-01-02 20:00:57+00:00,TSLA,ARCA,T1,SELL,243.75279227226426,113.0,243.73102163443167,243.77977271386652,243.7553971741491
2026-01-02 20:00:59+00:00,AAPL,NASDAQ,T3,SELL,194.36678107203045,78.0,194.33326481532058,194.41101367101786,194.37213924316922
2026-01-02 20:01:02+00:00,AAPL,NASDAQ,T3,BUY,194.3572076646253,58.0,194.26925441714687,194.42473201171842,194.34699321443264
2026-01-02 20:01:11+00:00,MSFT,NYSE,T1,SELL,414.0327149854053,206.0,413.9853453366272,414.06815068622944,414.0267480114283
2026-01-02 20:01:30+00:00,AAPL,NASDAQ,T3,SELL,194.26517050988195,257.0,194.24735831554577,194.28621167254457,194.26678499404517
2026-01-02 20:01:32+00:00,TSLA,ARCA,T1,SELL,243.94398332992958,448.0,243.85056621619688,244.04572473257642,243.94814547438665
2026-01-02 20:01:35+00:00,AAPL,NASDAQ,T3,SELL,194.3051443826914,225.0,194.28205010204476,194.32091039809478,194.30148025006977
2026-01-02 20:01:38+00:00,TSLA,ARCA,T1,SELL,244.05958762292806,252.0,243.9396330182368,244.13486281657072,244.03724791740376
2026-01-02 20:01:38+00:00,MSFT,NYSE,T1,BUY,413.4922639210834,147.0,413.45105473381795,413.53375321461283,413.4924039742154
2026-01-02 20:01:41+00:00,SPY,ARCA,T2,BUY,460.9887605329191,263.0,460.7954278881813,461.1642117440342,460.97981981610775
2026-01-02 20:01:48+00:00,AAPL,NASDAQ,T3,BUY,194.33139272726882,68.0,194.31314531770758,194.35201183342267,194.33257857556512
2026-01-02 20:01:51+00:00,SPY,ARCA,T2,BUY,460.52042535399715,237.0,460.47760824484476,460.5697129769669,460.52366061090584
2026-01-02 20:01:54+00:00,SPY,ARCA,T2,BUY,460.4584145852594,142.0,460.28012607111316,460.64849752054977,460.46431179583146
2026-01-02 20:02:10+00:00,TSLA,ARCA,T1,SELL,243.89224013686743,215.0,243.86652358985484,243.91530177239108,243.89091268112296
2026-01-02 20:02:12+00:00,TSLA,ARCA,T1,BUY,243.91416053765025,234.0,243.86357329068008,243.96113823298484,243.91235576183246
2026-01-02 20:02:16+00:00,MSFT,NYSE,T1,BUY,413.7761662588168,114.0,413.7417919914969,413.82454862555863,413.78317030852776
2026-01-02 20:02:22+00:00,AAPL,NASDAQ,T3,SELL,194.203902576547,156.0,194.18699200046893,194.22583328299726,194.2064126417331
2026-01-02 20:02:23+00:00,MSFT,NYSE,T1,SELL,413.81252311103776,102.0,413.7733575030557,413.85612045085105,413.8147389769534
2026-01-02 20:02:32+00:00,AAPL,NASDAQ,T3,SELL,194.19966238902023,238.0,194.1821075514703,194.22094785701117,194.20152770424073
2026-01-02 20:02:33+00:00,TSLA,ARCA,T1,BUY,244.07333211549872,309.0,243.98462993334198,244.17989574361275,244.08226283847736
2026-01-02 20:02:39+00:00,MSFT,NYSE,T1,SELL,413.9213933553956,127.0,413.8776722662895,413.96045607912407,413.9190641727068
2026-01-02 20:02:40+00:00,MSFT,NYSE,T1,BUY,413.9315738252617,143.0,413.89625040467484,413.97903793350866,413.93764416909175
2026-01-02 20:02:45+00:00,AAPL,NASDAQ,T3,SELL,194.0782778081633,176.0,194.05990056880657,194.09871643050653,194.07930849965655
2026-01-02 20:02:57+00:00,SPY,ARCA,T2,SELL,461.0416608280008,73.0,460.9869836835238,461.0791903009223,461.03308699222305
2026-01-02 20:03:04+00:00,AAPL,NASDAQ,T3,BUY,194.18436012104308,437.0,194.16358031866477,194.20241691838848,194.18299861852663
2026-01-02 20:03:12+00:00,NVDA,NYSE,T1,BUY,495.1009147538314,292.0,494.88899445935175,495.28506408276854,495.08702927106015
2026-01-02 20:03:13+00:00,MSFT,NYSE,T1,SELL,414.11948983011905,167.0,413.8204535186842,414.4416500963955,414.13105180753985
2026-01-02 20:03:19+00:00,SPY,ARCA,T2,SELL,461.005889333449,294.0,460.95695573592394,461.0491563471323,461.0030560415281
2026-01-02 20:03:22+00:00,SPY,ARCA,T2,BUY,461.0205932255732,204.0,460.9733547778454,461.0655586691901,461.01945672351775
2026-01-02 20:03:38+00:00,AAPL,NASDAQ,T3,SELL,194.23716874546977,79.0,194.21813089871947,194.25697840965032,194.2375546541849
2026-01-02 20:03:39+00:00,SPY,ARCA,T2,SELL,460.89353171898,76.0,460.8486730931177,460.94085204563163,460.8947625693747
2026-01-02 20:03:54+00:00,MSFT,NYSE,T1,BUY,413.64340509247046,217.0,413.55644291438233,413.7218985826817,413.639170748532
2026-01-02 20:04:00+00:00,MSFT,NYSE,T1,BUY,413.4457811419384,106.0,413.41066663140725,413.4933570337738,413.45201183259053
2026-01-02 20:04:02+00:00,NVDA,NYSE,T1,SELL,495.30713580006665,337.0,495.2589461105445,495.3580078059362,495.30847695824036
2026-01-02 20:04:02+00:00,AAPL,NASDAQ,T3,SELL,194.15371254313172,126.0,194.13444463890437,194.17327541090935,194.15386002490686
2026-01-02 20:04:04+00:00,AAPL,NASDAQ,T3,BUY,194.10812708963996,133.0,194.08748225852747,194.12630363711702,194.10689294782225
2026-01-02 20:04:05+00:00,NVDA,NYSE,T1,SELL,495.4749700702216,103.0,495.4326766321729,495.5317730771438,495.48222485465834
2026-01-02 20:04:07+00:00,SPY,ARCA,T2,BUY,460.7701154530204,222.0,460.7246593009666,460.8168134482415,460.77073637460404
2026-01-02 20:04:09+00:00,MSFT,NYSE,T1,BUY,413.35743851641604,175.0,413.196242696045,413.5269319659098,413.3615873309774
2026-01-02 20:04:15+00:00,MSFT,NYSE,T1,SELL,413.5463264542215,111.0,413.3592658354605,413.6900855760251,413.5246757057428
2026-01-02 20:04:20+00:00,MSFT,NYSE,T1,BUY,413.26370544232344,162.0,413.1856785915741,413.35098592447736,413.26833225802574
2026-01-02 20:04:20+00:00,SPY,ARCA,T2,BUY,461.0037033642091,132.0,460.94854878135453,461.0407477110038,460.99464824617917
2026-01-02 20:04:21+00:00,TSLA,ARCA,T1,BUY,244.7549708429917,191.0,244.70536534382066,244.80326707030346,244.75431620706206
2026-01-02 20:04:23+00:00,SPY,ARCA,T2,BUY,460.987478120665,549.0,460.8270956376787,461.1959048378689,461.0115002377738
2026-01-02 20:04:24+00:00,AAPL,NASDAQ,T3,SELL,194.26490337036864,105.0,194.23017335265712,194.30788096352035,194.26902715808873
2026-01-02 20:04:32+00:00,AAPL,NASDAQ,T3,BUY,194.2062365022108,317.0,194.18640807903967,194.22524924477204,194.20582866190585
2026-01-02 20:04:35+00:00,TSLA,ARCA,T1,SELL,244.80339365874704,158.0,244.69359316519143,244.8894263730067,244.79150976909906
2026-01-02 20:04:39+00:00,MSFT,NYSE,T1,BUY,413.52783889326423,423.0,413.48765183340714,413.5703576343539,413.5290047338805
2026-01-02 20:04:54+00:00,TSLA,ARCA,T1,SELL,244.59353994923762,364.0,244.565652597019,244.61457061934064,244.59011160817982
2026-01-02 20:04:56+00:00,NVDA,NYSE,T1,BUY,494.90632533386207,51.0,494.71627072134277,495.11220211047555,494.91423641590916
2026-01-02 20:05:00+00:00,MSFT,NYSE,T1,SELL,413.57301574374895,60.0,413.38722320612146,413.71806532153255,413.552644263827
2026-01-02 20:05:02+00:00,NVDA,NYSE,T1,BUY,495.06544389103954,131.0,495.0227093131505,495.1217237564574,495.07221653480394
2026-01-02 20:05:06+00:00,MSFT,NYSE,T1,BUY,413.38284451091926,108.0,413.1900852380162,413.52076957994336,413.3554274089798
2026-01-02 20:05:09+00:00,AAPL,NASDAQ,T3,SELL,194.49824255602317,78.0,194.46400437878748,194.5418055407714,194.50290495977944
2026-01-02 20:05:11+00:00,MSFT,NYSE,T1,SELL,413.25005303298315,53.0,413.21701156000626,413.29966322748504,413.25833739374565
2026-01-02 20:05:14+00:00,NVDA,NYSE,T1,BUY,495.24522843289105,385.0,495.1954025108312,495.2944514962319,495.24492700353153
2026-01-02 20:05:19+00:00,AAPL,NASDAQ,T3,SELL,194.54185301153794,138.0,194.49902584214522,194.57684101551672,194.53793342883097
2026-01-02 20:05:20+00:00,AAPL,NASDAQ,T3,SELL,194.53362904656288,353.0,194.51338814698968,194.5522947152759,194.5328414311328
2026-01-02 20:05:23+00:00,AAPL,NASDAQ,T3,BUY,194.48817264602383,54.0,194.41132164307223,194.56691293690423,194.48911728998823
2026-01-02 20:05:25+00:00,MSFT,NYSE,T1,BUY,413.4855743877966,145.0,413.44730567125015,413.53000340215743,413.4886545367038
2026-01-02 20:05:25+00:00,MSFT,NYSE,T1,BUY,413.486123927262,253.0,413.44730567125015,413.53000340215743,413.4886545367038
2026-01-02 20:05:28+00:00,TSLA,ARCA,T1,BUY,244.73371826645499,118.0,244.68782592560973,244.78572063492186,244.7367732802658
2026-01-02 20:05:30+00:00,SPY,ARCA,T2,SELL,460.54900485742127,36.0,460.50140133021955,460.59351082143473,460.54745607582714
2026-01-02 20:05:34+00:00,SPY,ARCA,T2,BUY,460.45490994040136,199.0,460.30740152630096,460.67579480483346,460.4915981655672
2026-01-02 20:05:42+00:00,MSFT,NYSE,T1,BUY,413.42621871367646,398.0,413.38965931678985,413.47234551727325,413.43100241703155
2026-01-02 20:05:45+00:00,MSFT,NYSE,T1,BUY,413.43850306034227,82.0,413.3925508906644,413.47523766952037,413.4338942800924
2026-01-02 20:05:55+00:00,AAPL,NASDAQ,T3,SELL,194.4664138016669,406.0,194.4457952882586,194.48468833662108,194.46524181243984
2026-01-02 20:06:03+00:00,SPY,ARCA,T2,SELL,460.87002755915455,85.0,460.8176887395689,460.9098614945923,460.8637751170806
2026-01-02 20:06:05+00:00,MSFT,NYSE,T1,SELL,413.0860044280975,246.0,413.04633559707406,413.1289531259464,413.08764436151023
2026-01-02 20:06:10+00:00,TSLA,ARCA,T1,BUY,244.71108371619948,287.0,244.6897001310779,244.73864296538753,244.7141715482327
2026-01-02 20:06:14+00:00,AAPL,NASDAQ,T3,SELL,194.54398525813497,215.0,194.5247392957091,194.5636481344521,194.5441937150806
2026-01-02 20:06:16+00:00,NVDA,NYSE,T1,SELL,495.0473413979172,202.0,494.9548055354732,495.1528270619927,495.05381629873295
2026-01-02 20:06:16+00:00,NVDA,NYSE,T1,SELL,495.04853482356594,111.0,494.9548055354732,495.1528270619927,495.05381629873295
2026-01-02 20:06:19+00:00,TSLA,ARCA,T1,BUY,244.7146881653763,115.0,244.6714672377288,244.7693554022568,244.7204113199928
2026-01-02 20:06:23+00:00,TSLA,ARCA,T1,SELL,244.64455764565255,229.0,244.61696341903064,244.66589170454301,244.64142756178683
2026-01-02 20:06:23+00:00,SPY,ARCA,T2,BUY,461.0135005505716,149.0,460.965045104617,461.05724733386086,461.0111462192389
2026-01-02 20:06:25+00:00,SPY,ARCA,T2,SELL,461.11779767131736,50.0,461.0685619115968,461.1607848462726,461.1146733789347
2026-01-02 20:06:25+00:00,MSFT,NYSE,T1,BUY,413.0270385460861,140.0,412.98858265557953,413.0711886327084,413.029885644144
2026-01-02 20:06:26+00:00,MSFT,NYSE,T1,SELL,413.0249035863435,138.0,412.97678829395784,413.0593919119784,413.01809010296813
2026-01-02 20:06:36+00:00,SPY,ARCA,T2,BUY,460.62398592057656,168.0,460.58294431950424,460.67507012094825,460.62900722022624
2026-01-02 20:07:00+00:00,TSLA,ARCA,T1,SELL,244.47119280754848,360.0,244.44236080440973,244.49125416590678,244.46680748515826
2026-01-02 20:07:04+00:00,TSLA,ARCA,T1,SELL,244.59343926605442,197.0,244.57115871531977,244.6200778389752,244.59561827714748
2026-01-02 20:07:06+00:00,MSFT,NYSE,T1,SELL,413.07022710543947,192.0,413.0304786938701,413.11309305104464,413.0717858724574
2026-01-02 20:07:07+00:00,MSFT,NYSE,T1,SELL,412.9546708725948,148.0,412.9146072315972,412.99719841216154,412.95590282187936
2026-01-02 20:07:13+00:00,MSFT,NYSE,T1,BUY,413.002732837585,199.0,412.9715045483057,413.0541071094715,413.0128058288886
2026-01-02 20:07:14+00:00,NVDA,NYSE,T1,SELL,495.5180639982941,122.0,495.4778208546896,495.57692632940797,495.5273735920488
2026-01-02 20:07:15+00:00,SPY,ARCA,T2,SELL,459.70242247043507,133.0,459.619382464945,459.803266994837,459.711324729891
2026-01-02 20:07:18+00:00,SPY,ARCA,T2,BUY,459.7718873476499,55.0,459.72350777295503,459.81546166989926,459.76948472142715
2026-01-02 20:07:26+00:00,NVDA,NYSE,T1,BUY,495.4236499719413,113.0,495.37208070534336,495.47116502991685,495.4216228676301
2026-01-02 20:07:31+00:00,MSFT,NYSE,T1,BUY,413.25019761026726,232.0,413.2122032436643,413.2948539493836,413.25352859652395
2026-01-02 20:07:37+00:00,NVDA,NYSE,T1,BUY,495.18631701273074,504.0,495.0932716150452,495.291348539076,495.1923100770606
2026-01-02 20:07:38+00:00,TSLA,ARCA,T1,SELL,244.46242547619244,285.0,244.44209664153047,244.49098995018963,244.46654329586005
2026-01-02 20:08:04+00:00,SPY,ARCA,T2,SELL,460.37676182830796,184.0,460.2844876970076,460.46863832221146,460.3765630096095
2026-01-02 20:08:07+00:00,SPY,ARCA,T2,BUY,460.4898213381563,163.0,460.4425001367929,460.5345978465913,460.4885489916921
2026-01-02 20:08:12+00:00,NVDA,NYSE,T1,BUY,495.59195365919396,160.0,495.3928963132672,495.78936921948036,495.5911327663738
2026-01-02 20:08:15+00:00,MSFT,NYSE,T1,BUY,412.7451061119935,134.0,412.65708932886696,412.82218518376953,412.73963725631825
2026-01-02 20:08:17+00:00,NVDA,NYSE,T1,SELL,495.4272009795412,163.0,495.3315719906105,495.5297442538594,495.43065812223495
2026-01-02 20:08:17+00:00,NVDA,NYSE,T1,BUY,495.4420828751764,137.0,495.3315719906105,495.5297442538594,495.43065812223495
2026-01-02 20:08:24+00:00,TSLA,ARCA,T1,BUY,244.7799038201291,75.0,244.7536973460838,244.80265298111652,244.77817516360017
2026-01-02 20:08:28+00:00,AAPL,NASDAQ,T3,BUY,194.47665039971764,151.0,194.43690952510318,194.5146998469776,194.4758046860404
2026-01-02 20:08:32+00:00,NVDA,NYSE,T1,SELL,495.28510175542726,331.0,495.23169307816846,495.3307493224085,495.2812212002885
2026-01-02 20:08:33+00:00,AAPL,NASDAQ,T3,BUY,194.3386987855828,160.0,194.31858029601992,194.3574478988394,194.33801409742966
2026-01-02 20:08:38+00:00,SPY,ARCA,T2,BUY,460.40620007680883,78.0,460.3617814413148,460.4538630057595,460.40782222353715
2026-01-02 20:08:55+00:00,TSLA,ARCA,T1,SELL,244.3687175458263,93.0,244.2793387289235,244.47484040057532,244.3770895647494
2026-01-02 20:08:58+00:00,SPY,ARCA,T2,SELL,460.372048424099,283.0,460.32774182232083,460.41981657816086,460.37377920024085
2026-01-02 20:08:59+00:00,AAPL,NASDAQ,T3,SELL,194.48692025123137,188.0,194.46492604664346,194.50382292154026,194.48437448409186
2026-01-02 20:08:59.014000+00:00,AAPL,NASDAQ,T3,SELL,194.42761053973157,65.0,194.35093488775843,194.50647785285466,194.42870637030654
2026-01-02 20:08:59.042000+00:00,AAPL,NASDAQ,T3,BUY,194.3630927660814,204.0,194.3390808267849,194.3779525301206,194.35851667845276
2026-01-02 20:08:59.138000+00:00,AAPL,NASDAQ,T3,SELL,194.35141619967266,172.0,194.33042027779575,194.36929024884844,194.3498552633221
2026-01-02 20:08:59.143000+00:00,AAPL,NASDAQ,T3,SELL,194.60844420757815,84.0,194.58853931271253,194.62746091273507,194.6080001127238
2026-01-02 20:08:59.152000+00:00,AAPL,NASDAQ,T3,BUY,194.52242920834618,52.0,194.47575512914935,194.55356099237363,194.5146580607615
2026-01-02 20:08:59.168000+00:00,AAPL,NASDAQ,T3,SELL,194.42184679409513,138.0,194.40160679752992,194.44049100731038,194.42104890242015
2026-01-02 20:08:59.180000+00:00,AAPL,NASDAQ,T3,BUY,194.3542412566374,101.0,194.31479195630226,194.39253342137778,194.35366268884002
2026-01-02 20:08:59.192000+00:00,AAPL,NASDAQ,T3,SELL,195.15211701381935,103.0,195.13208245250556,195.171112772028,195.15159761226678
2026-01-02 20:08:59.221000+00:00,AAPL,NASDAQ,T3,BUY,195.24538526303567,114.0,195.20636547514567,195.2844636409689,195.2454145580573
2026-01-02 20:08:59.231000+00:00,AAPL,NASDAQ,T3,SELL,194.44828128588904,70.0,194.42673378995784,194.4656230256394,194.4461784077986
2026-01-02 20:08:59.231000+00:00,AAPL,NASDAQ,T3,BUY,194.13897433009734,248.0,194.1187336550768,194.15756128457073,194.13814746982376
2026-01-02 20:08:59.319000+00:00,AAPL,NASDAQ,T3,SELL,195.27693630798726,68.0,195.25515076468818,195.2942057003347,195.27467823251143
2026-01-02 20:08:59.360000+00:00,AAPL,NASDAQ,T3,BUY,195.1119415245326,266.0,195.09152975576046,195.13055196393242,195.11104085984644
2026-01-02 20:08:59.395000+00:00,AAPL,NASDAQ,T3,BUY,194.43650043525759,168.0,194.4165039460253,194.45539113553346,194.43594754077938
2026-01-02 20:08:59.420000+00:00,AAPL,NASDAQ,T3,BUY,195.05625566329925,47.0,195.03871480178572,195.07772644591046,195.0582206238481
2026-01-02 20:08:59.432000+00:00,AAPL,NASDAQ,T3,BUY,194.2701732696863,243.0,194.2544599419041,194.2933147193702,194.27388733063714
2026-01-02 20:08:59.450000+00:00,AAPL,NASDAQ,T3,BUY,195.30595001723145,114.0,195.28509352812804,195.32415445292614,195.3046239905271
2026-01-02 20:08:59.456000+00:00,AAPL,NASDAQ,T3,BUY,195.3207326324928,145.0,195.30349793221717,195.3425625382642,195.32303023524068
2026-01-02 20:08:59.533000+00:00,AAPL,NASDAQ,T3,SELL,194.9734911537545,42.0,194.95387952780192,194.992874203175,194.97337686548846
2026-01-02 20:08:59.658000+00:00,AAPL,NASDAQ,T3,BUY,195.73095488053517,202.0,195.71540413157473,195.7545511271006,195.73497762933766
2026-01-02 20:08:59.690000+00:00,AAPL,NASDAQ,T3,BUY,195.4158052189394,189.0,195.39656621224498,195.4356494338096,195.4161078230273
2026-01-02 20:08:59.722000+00:00,AAPL,NASDAQ,T3,SELL,195.5980713387287,94.0,195.51745077258164,195.67392732382018,195.5956890482009
2026-01-02 20:08:59.833000+00:00,AAPL,NASDAQ,T3,BUY,196.0289530008157,180.0,196.0098284870386,196.04903437332462,196.0294314301816
2026-01-02 20:08:59.846000+00:00,AAPL,NASDAQ,T3,SELL,195.36249857861097,88.0,195.34293029649768,195.38200278980634,195.362466543152
2026-01-02 20:08:59.972000+00:00,AAPL,NASDAQ,T3,SELL,195.40994880001182,221.0,195.3931826491338,195.4322651939181,195.41272392152595
2026-01-02 20:08:59.980000+00:00,AAPL,NASDAQ,T3,BUY,195.02055318017975,192.0,195.002488685742,195.041493083919,195.0219908848305
2026-01-02 20:09:00.050000+00:00,AAPL,NASDAQ,T3,SELL,195.56476866829587,114.0,195.54270933566704,195.5818217887795,195.56226556222327
2026-01-02 20:09:00.160000+00:00,AAPL,NASDAQ,T3,BUY,195.70354225711017,47.0,195.64194933615101,195.7985255260959,195.72023743112345
2026-01-02 20:09:00.220000+00:00,AAPL,NASDAQ,T3,BUY,195.36501414096085,125.0,195.3454198525237,195.3844928437933,195.3649563481585
2026-01-02 20:09:00.239000+00:00,AAPL,NASDAQ,T3,BUY,195.14336950559928,96.0,195.07059962975097,195.22671855702566,195.14865909338832
2026-01-02 20:09:00.258000+00:00,AAPL,NASDAQ,T3,BUY,195.37635387443243,140.0,195.35845392978905,195.39752952813484,195.37799172896194
2026-01-02 20:09:00.271000+00:00,AAPL,NASDAQ,T3,SELL,195.21052086865333,73.0,195.190999404369,195.23004150846026,195.21052045641463
2026-01-02 20:09:00.440000+00:00,AAPL,NASDAQ,T3,SELL,196.0937412774596,97.0,196.07563874439484,196.1148577940487,196.09524826922177
2026-01-02 20:09:00.672000+00:00,AAPL,NASDAQ,T3,BUY,195.15599261043798,64.0,195.07059962975097,195.22671855702566,195.14865909338832
2026-01-02 20:09:00.716000+00:00,AAPL,NASDAQ,T3,BUY,195.7667164445819,46.0,195.62467193794672,195.91832918879177,195.77150056336924
2026-01-02 20:09:00.750000+00:00,AAPL,NASDAQ,T3,SELL,195.56449488935232,177.0,195.54452055154871,195.58363336694055,195.56407695924463
2026-01-02 20:09:00.848000+00:00,AAPL,NASDAQ,T3,SELL,195.53858375523473,207.0,195.52008598228005,195.55919391026933,195.5396399462747
2026-01-02 20:09:00.848000+00:00,AAPL,NASDAQ,T3,BUY,195.44330671179307,128.0,195.4235216264745,195.4626102396611,195.4430659330678
2026-01-02 20:09:00.950000+00:00,AAPL,NASDAQ,T3,SELL,195.4573169559603,234.0,195.43786565342782,195.47695713570675,195.4574113945673
2026-01-02 20:09:00.980000+00:00,AAPL,NASDAQ,T3,SELL,195.83486959295098,67.0,195.81483902341287,195.854005907906,195.83442246565943
2026-01-02 20:09:01.046000+00:00,AAPL,NASDAQ,T3,BUY,195.3533213343084,276.0,195.33132187785347,195.3703920492462,195.35085696354983
2026-01-02 20:09:01.214000+00:00,AAPL,NASDAQ,T3,SELL,195.83308637539167,92.0,195.8098305214506,195.84899640414315,195.82941346279688
2026-01-02 20:09:01.279000+00:00,AAPL,NASDAQ,T3,BUY,195.83639058497107,116.0,195.81512349726702,195.85429043866063,195.83470696796383
2026-01-02 20:09:01.294000+00:00,AAPL,NASDAQ,T3,BUY,195.66726059377712,66.0,195.64876135568497,195.68789502132265,195.6683281885038
2026-01-02 20:09:01.352000+00:00,AAPL,NASDAQ,T3,BUY,195.7151797823971,537.0,195.69511503764903,195.7342579749503,195.71468650629967
2026-01-02 20:09:01.432000+00:00,AAPL,NASDAQ,T3,SELL,195.22406020166056,59.0,195.18758403879275,195.26567469053862,195.22662936466568
2026-01-02 20:09:01.574000+00:00,AAPL,NASDAQ,T3,SELL,195.33600040233756,60.0,195.3138911958851,195.35295788079276,195.33342453833893
2026-01-02 20:09:01.664000+00:00,AAPL,NASDAQ,T3,SELL,195.61890465243965,119.0,195.53380310348214,195.6902927418203,195.61204792265121
2026-01-02 20:09:02.358000+00:00,AAPL,NASDAQ,T3,BUY,195.82872213850237,217.0,195.66156216429167,195.9552747920089,195.8084184781503
2026-01-02 20:09:06+00:00,NVDA,NYSE,T1,SELL,495.52306334334486,122.0,495.4698143801128,495.5689182533762,495.5193663167445
2026-01-02 20:09:06+00:00,SPY,ARCA,T2,BUY,460.44349254932246,129.0,460.40034168615506,460.49243096341996,460.4463863247875
2026-01-02 20:09:22+00:00,SPY,ARCA,T2,SELL,460.0959684064357,151.0,460.0557951875395,460.14781554861315,460.1018053680763
2026-01-02 20:09:28+00:00,NVDA,NYSE,T1,SELL,495.9545522363155,670.0,495.8635167509601,496.0619018346772,495.96270929281866
2026-01-02 20:09:36+00:00,MSFT,NYSE,T1,BUY,413.14937484709174,491.0,413.072674443862,413.237936566064,413.155305504963
2026-01-02 20:09:38+00:00,SPY,ARCA,T2,BUY,460.3623999091955,293.0,460.3190594883778,460.41113250757735,460.36509599797756
2026-01-02 20:09:40+00:00,NVDA,NYSE,T1,SELL,496.44265704085836,183.0,496.3870861185615,496.4863734645198,496.43672979154064
2026-01-02 20:09:44+00:00,NVDA,NYSE,T1,SELL,496.58955848403883,119.0,496.5459062197198,496.6452253328751,496.59556577629746
2026-01-02 20:09:44.028000+00:00,NVDA,NYSE,T1,SELL,496.711389073116,89.0,496.66566735293173,496.7650104207091,496.7153388868204
2026-01-02 20:09:44.040000+00:00,NVDA,NYSE,T1,SELL,496.6715497914227,221.0,496.6271242324871,496.7264595908694,496.67679191167827
2026-01-02 20:09:44.156000+00:00,NVDA,NYSE,T1,BUY,496.46784954978614,194.0,496.41311359550053,496.5124061474748,496.46275987148766
2026-01-02 20:09:44.189000+00:00,NVDA,NYSE,T1,BUY,496.5295170382555,129.0,496.47958120077396,496.57888704759876,496.52923412418636
2026-01-02 20:09:44.189000+00:00,NVDA,NYSE,T1,SELL,496.5114888416358,46.0,496.4591137199904,496.55841547290964,496.50876459645
2026-01-02 20:09:44.266000+00:00,NVDA,NYSE,T1,BUY,496.4226467735396,131.0,496.3821718735377,496.48145823654875,496.4318150550432
2026-01-02 20:09:44.342000+00:00,NVDA,NYSE,T1,SELL,496.46611444221946,77.0,496.31663028231577,496.7138424714173,496.51523637686654
2026-01-02 20:09:44.375000+00:00,NVDA,NYSE,T1,SELL,496.53385012548904,103.0,496.4832791566974,496.5825857431874,496.5329324499424
2026-01-02 20:09:44.416000+00:00,NVDA,NYSE,T1,BUY,497.4907316418257,135.0,497.3968592863518,497.59585782977507,497.49635855806343
2026-01-02 20:09:44.450000+00:00,NVDA,NYSE,T1,BUY,498.41363596806207,327.0,498.30669326285897,498.50605581267405,498.4063745377665
2026-01-02 20:09:44.462000+00:00,NVDA,NYSE,T1,BUY,496.26694153614,55.0,496.2213858073175,496.32064000989925,496.2710129086084
2026-01-02 20:09:44.476000+00:00,NVDA,NYSE,T1,BUY,497.61677540446135,126.0,497.57077330740333,497.6702974144755,497.6205353609394
2026-01-02 20:09:44.493000+00:00,NVDA,NYSE,T1,BUY,497.65548837043457,226.0,497.44282581755124,497.8409393236077,497.64188257057947
2026-01-02 20:09:44.510000+00:00,NVDA,NYSE,T1,SELL,497.93317802641076,56.0,497.87215017731984,497.9717345657942,497.921942371557
2026-01-02 20:09:44.528000+00:00,NVDA,NYSE,T1,BUY,497.7125880747913,55.0,497.6084363420171,497.8075195331922,497.70797793760465
2026-01-02 20:09:44.567000+00:00,NVDA,NYSE,T1,SELL,498.50747998915693,138.0,498.4552072718514,498.554908283407,498.5050577776292
2026-01-02 20:09:44.568000+00:00,NVDA,NYSE,T1,SELL,496.48612250764495,304.0,496.437176834179,496.53647419928234,496.4868255167307
2026-01-02 20:09:44.644000+00:00,NVDA,NYSE,T1,SELL,498.34825784108295,368.0,498.2457539817606,498.4450921509871,498.3454230663738
2026-01-02 20:09:44.645000+00:00,NVDA,NYSE,T1,SELL,499.0454650481102,235.0,498.99721785885475,499.09702728336896,499.04712257111186
2026-01-02 20:09:44.726000+00:00,NVDA,NYSE,T1,BUY,496.93797021114415,109.0,496.89719116013447,496.99658053730417,496.9468858487193
2026-01-02 20:09:44.756000+00:00,NVDA,NYSE,T1,SELL,496.6033735486808,81.0,496.55878609773976,496.65810778712824,496.608446942434
2026-01-02 20:09:44.780000+00:00,NVDA,NYSE,T1,BUY,496.5031931129605,187.0,496.4490933671073,496.5483931157556,496.49874324143144
2026-01-02 20:09:44.814000+00:00,NVDA,NYSE,T1,SELL,498.72298603429624,891.0,498.6690259295982,498.76876970916203,498.7188978193801
2026-01-02 20:09:44.871000+00:00,NVDA,NYSE,T1,SELL,496.72802022447115,199.0,496.5076122638113,496.9049772996367,496.706294781724
2026-01-02 20:09:44.920000+00:00,NVDA,NYSE,T1,BUY,498.01351924645815,107.0,497.9646948209604,498.06429772021454,498.0144962705875
2026-01-02 20:09:45.050000+00:00,NVDA,NYSE,T1,SELL,497.1872177282636,266.0,497.08593220435364,497.28480635206495,497.1853692782093
2026-01-02 20:09:45.056000+00:00,NVDA,NYSE,T1,BUY,498.4404609466591,130.0,498.3847062271972,498.4843931371336,498.4345496821654
2026-01-02 20:09:45.173000+00:00,NVDA,NYSE,T1,BUY,497.81417749553,20.0,497.7695630511416,497.86912692013874,497.81934498564016
2026-01-02 20:09:45.225000+00:00,NVDA,NYSE,T1,BUY,498.9017051234632,52.0,498.84622528469663,498.94600450767587,498.89611489618625
2026-01-02 20:09:45.296000+00:00,NVDA,NYSE,T1,BUY,498.06985394397935,90.0,497.96635627319375,498.16558266098053,498.06596946708714
2026-01-02 20:09:45.302000+00:00,NVDA,NYSE,T1,BUY,497.5855552981728,400.0,497.5387302707736,497.6382479685975,497.58848911968556
2026-01-02 20:09:45.326000+00:00,NVDA,NYSE,T1,SELL,497.8749271184258,334.0,497.8177294096822,497.91730291291447,497.86751616129834
2026-01-02 20:09:45.330000+00:00,NVDA,NYSE,T1,SELL,498.17208751785085,80.0,498.08092692579567,498.28019915101106,498.18056303840336
2026-01-02 20:09:45.332000+00:00,NVDA,NYSE,T1,SELL,497.847055993823,98.0,497.74465363795576,497.94379132694877,497.84422248245227
2026-01-02 20:09:45.452000+00:00,NVDA,NYSE,T1,SELL,497.46774052191864,309.0,497.3809996903926,497.5799918887085,497.48049578955056
2026-01-02 20:09:45.470000+00:00,NVDA,NYSE,T1,SELL,498.087197353232,108.0,497.9222351731839,498.32073236019727,498.1214837666906
2026-01-02 20:09:45.562000+00:00,NVDA,NYSE,T1,BUY,498.1730357100848,60.0,498.12776255564,498.2273980717028,498.1775803136714
2026-01-02 20:09:45.638000+00:00,NVDA,NYSE,T1,BUY,499.5228167428468,204.0,499.4762703742225,499.5761756188218,499.52622299652216
2026-01-02 20:09:45.763000+00:00,NVDA,NYSE,T1,SELL,499.5510062768301,118.0,499.5011709728804,499.60108119809746,499.55112608548893
2026-01-02 20:09:45.908000+00:00,NVDA,NYSE,T1,SELL,498.10729310892987,244.0,497.9222351731839,498.32073236019727,498.1214837666906
2026-01-02 20:09:45.960000+00:00,NVDA,NYSE,T1,BUY,499.6349257181119,247.0,499.4709164102279,499.87065303800716,499.67078472411754
2026-01-02 20:09:46.070000+00:00,NVDA,NYSE,T1,SELL,499.3807081195627,372.0,499.0425725782659,499.7916982814106,499.41713542983825
2026-01-02 20:09:46.090000+00:00,NVDA,NYSE,T1,BUY,498.7134095468732,59.0,498.65975009461863,498.75949201883,498.7096210567243
2026-01-02 20:09:46.220000+00:00,NVDA,NYSE,T1,BUY,497.58401542337276,535.0,497.5387302707736,497.6382479685975,497.58848911968556
2026-01-02 20:09:46.491000+00:00,NVDA,NYSE,T1,BUY,499.39484847653495,147.0,499.343415238554,499.44329390946876,499.39335457401137
2026-01-02 20:09:46.691000+00:00,NVDA,NYSE,T1,BUY,499.61133037170555,141.0,499.5618117814465,499.66173413603826,499.6117729587424
2026-01-02 20:09:46.772000+00:00,NVDA,NYSE,T1,BUY,499.1227328980226,85.0,499.0168489673439,499.21649563626465,499.1166723018043
2026-01-02 20:09:47.266000+00:00,NVDA,NYSE,T1,SELL,499.70038666821404,392.0,499.65676198371256,499.75670333024397,499.70673265697826
2026-01-02 20:09:47.744000+00:00,NVDA,NYSE,T1,BUY,498.77643757464574,97.0,498.6757683714535,498.875278580844,498.77552347614875
2026-01-02 20:09:48+00:00,MSFT,NYSE,T1,SELL,413.5441260554206,112.0,413.5013627628118,413.5840713062187,413.54271703451525
2026-01-02 20:09:49+00:00,MSFT,NYSE,T1,SELL,413.6296653162907,112.0,413.5937074657749,413.6764344799695,413.6350709728722
2026-01-02 20:09:50+00:00,TSLA,ARCA,T1,BUY,244.03721571748514,160.0,244.00795973362708,244.05676620622106,244.03236296992407
2026-01-02 20:09:58+00:00,MSFT,NYSE,T1,SELL,413.7449756703436,455.0,413.66964606679124,413.83514702540964,413.75239654610044
2026-01-02 20:10:03+00:00,TSLA,ARCA,T1,BUY,243.87178294442296,145.0,243.8456107008741,243.8943847004142,243.86999770064415
2026-01-02 20:10:08+00:00,MSFT,NYSE,T1,BUY,414.14026081713206,219.0,414.09770571261527,414.1805335365402,414.13911962457775
2026-01-02 20:10:19+00:00,SPY,ARCA,T2,BUY,459.63685662787583,65.0,459.60008429975045,459.69201350953136,459.6460489046409
2026-01-02 20:10:55+00:00,TSLA,ARCA,T1,BUY,243.7913047069225,41.0,243.76895181629698,243.81771048252688,243.79333114941193
2026-01-02 20:10:59+00:00,TSLA,ARCA,T1,SELL,243.87753196003516,69.0,243.85229024678569,243.90106558236857,243.87667791457713
2026-01-02 20:10:59+00:00,MSFT,NYSE,T1,BUY,414.9109395273606,157.0,414.8618156549318,414.9447963161289,414.9033059855303
2026-01-02 20:11:01+00:00,SPY,ARCA,T2,SELL,459.87124998313675,156.0,459.8220419422417,459.9140155479907,459.8680287451162
2026-01-02 20:11:03+00:00,TSLA,ARCA,T1,SELL,243.8035825902434,97.0,243.77968896555657,243.82844977943105,243.8040693724938
2026-01-02 20:11:05+00:00,SPY,ARCA,T2,SELL,460.0189782283749,229.0,459.97263329799557,460.0646370250279,460.0186351615117
2026-01-02 20:11:11+00:00,TSLA,ARCA,T1,SELL,243.80615423709494,197.0,243.77961655449647,243.8283773538873,243.8039969541919
2026-01-02 20:11:20+00:00,MSFT,NYSE,T1,SELL,414.801795721042,130.0,414.7573434479147,414.84030321258075,414.7988233302477
2026-01-02 20:11:22+00:00,SPY,ARCA,T2,SELL,460.15903441859706,64.0,460.1095574714924,460.2015885860982,460.1555730287953
2026-01-02 20:11:22+00:00,TSLA,ARCA,T1,SELL,243.97228766529471,146.0,243.92494003173923,244.0225295256507,243.97373477869496
2026-01-02 20:11:39+00:00,TSLA,ARCA,T1,BUY,244.27062787227126,159.0,244.24372832322925,244.29258195425697,244.2681551387431
2026-01-02 20:11:44+00:00,TSLA,ARCA,T1,SELL,244.2739230019052,230.0,244.22330641679497,244.32101528113458,244.27216084896477
2026-01-02 20:12:06+00:00,TSLA,ARCA,T1,BUY,244.72733128327138,300.0,244.70716026937797,244.75610659606448,244.73163343272122
2026-01-02 20:12:08+00:00,SPY,ARCA,T2,BUY,460.2631494735008,398.0,460.2171724804981,460.30922512025813,460.2631988003781
2026-01-02 20:12:10+00:00,MSFT,NYSE,T1,SELL,414.54517398128206,133.0,414.50176849138273,414.58467713594547,414.5432228136641
2026-01-02 20:12:24+00:00,SPY,ARCA,T2,BUY,460.25999647168123,220.0,460.2240685773813,460.3161225964987,460.27009558694
2026-01-02 20:12:33+00:00,SPY,ARCA,T2,SELL,459.857765448452,88.0,459.80821430879973,459.90018514874544,459.8541997287726
2026-01-02 20:12:33+00:00,MSFT,NYSE,T1,BUY,414.6581546981151,144.0,414.47554700254324,414.8072601253944,414.6414035639688
2026-01-02 20:12:35+00:00,MSFT,NYSE,T1,SELL,414.66360618987625,231.0,414.62425533204356,414.7071884764244,414.665721904234
2026-01-02 20:12:39+00:00,TSLA,ARCA,T1,BUY,244.58584578987723,91.0,244.56202499727863,244.61094229400777,244.5864836456432
2026-01-02 20:12:45+00:00,SPY,ARCA,T2,SELL,460.0510964212512,363.0,459.9996363845659,460.09164551275563,460.0456409486608
2026-01-02 20:12:56+00:00,MSFT,NYSE,T1,SELL,414.5193823349428,134.0,414.47896266090777,414.5618667438482,414.520414702378
2026-01-02 20:12:58+00:00,SPY,ARCA,T2,BUY,460.02480210519434,124.0,459.943320726566,460.1273348576829,460.03532779212446
2026-01-02 20:12:59+00:00,MSFT,NYSE,T1,SELL,414.36282599804764,102.0,414.27528360599905,414.44102686809384,414.35815523704645
2026-01-02 20:13:02+00:00,SPY,ARCA,T2,SELL,459.76761682503087,104.0,459.72777760834197,459.8197323593388,459.7737549838404
2026-01-02 20:13:04+00:00,MSFT,NYSE,T1,BUY,414.3881070927618,168.0,414.3496054725738,414.4324836814892,414.3910445770315
2026-01-02 20:13:10+00:00,MSFT,NYSE,T1,SELL,414.2448467322352,22.0,414.2019124325315,414.28476109988475,414.24333676620813
2026-01-02 20:13:13+00:00,MSFT,NYSE,T1,SELL,414.18719369542475,123.0,414.1482524874756,414.23109042176657,414.1896714546211
2026-01-02 20:13:27+00:00,MSFT,NYSE,T1,BUY,413.8757682749426,83.0,413.70551802210844,414.03661487526733,413.8710664486879
2026-01-02 20:13:31+00:00,TSLA,ARCA,T1,SELL,244.90279184250903,125.0,244.87814533229587,244.92712585941504,244.90263559585546
2026-01-02 20:13:42+00:00,MSFT,NYSE,T1,SELL,414.05527082778,137.0,414.0163092679774,414.0991208109853,414.05771503948137
2026-01-02 20:13:52+00:00,SPY,ARCA,T2,BUY,459.54281772096766,82.0,459.49044215587213,459.5823494350312,459.53639579545165
2026-01-02 20:14:12+00:00,TSLA,ARCA,T1,BUY,244.8227823272269,156.0,244.79930503596063,244.8482697934436,244.8237874147021
2026-01-02 20:14:13+00:00,SPY,ARCA,T2,SELL,460.2768455622143,212.0,460.23403683825404,460.32609285122294,460.2800648447385
2026-01-02 20:14:15+00:00,SPY,ARCA,T2,SELL,460.3449744129576,136.0,460.2990095804227,460.3910785892397,460.3450440848312
2026-01-02 20:14:23+00:00,TSLA,ARCA,T1,SELL,244.88250960675643,117.0,244.85719787334634,244.90617421055472,244.88168604195053
2026-01-02 20:14:31+00:00,TSLA,ARCA,T1,BUY,244.88698048237381,499.0,244.85919251502628,244.90816925120288,244.88368088311458
2026-01-02 20:14:40+00:00,TSLA,ARCA,T1,BUY,244.95788061736985,199.0,244.9349951212679,244.98398701948196,244.95949107037492
2026-01-02 20:14:42+00:00,TSLA,ARCA,T1,BUY,244.96982420906357,93.0,244.94552827637446,244.99452228143022,244.97002527890234
2026-01-02 20:14:45+00:00,TSLA,ARCA,T1,BUY,244.9313014833394,91.0,244.90608171541317,244.95506783036774,244.93057477289045
2026-01-02 20:14:49+00:00,SPY,ARCA,T2,SELL,460.7021325003569,171.0,460.661511339255,460.7536528556745,460.70758209746475
2026-01-02 20:14:53+00:00,SPY,ARCA,T2,SELL,460.982346993724,176.0,460.79382831723046,461.1626108929145,460.97821960507247
2026-01-02 20:14:59+00:00,SPY,ARCA,T2,BUY,460.69100539393213,127.0,460.64710169882966,460.7392403330328,460.6931710159312
2026-01-02 20:15:01+00:00,TSLA,ARCA,T1,SELL,244.9399894636126,113.0,244.91621827759536,244.9652064200651,244.94071234883023
2026-01-02 20:15:09+00:00,SPY,ARCA,T2,SELL,460.4859413084933,146.0,460.0916658998949,460.78232139036265,460.4369936451288
2026-01-02 20:15:13+00:00,TSLA,ARCA,T1,SELL,244.60198627879038,302.0,244.5538578454949,244.65169895685537,244.60277840117513
2026-01-02 20:15:31+00:00,TSLA,ARCA,T1,SELL,244.73343900993464,560.0,244.70902996069947,244.75797666136168,244.73350331103057
2026-01-02 20:15:42+00:00,SPY,ARCA,T2,BUY,460.94206678526115,129.0,460.8467368259066,461.0311123957509,460.93892461082874
2026-01-02 20:15:44+00:00,MSFT,NYSE,T1,SELL,414.11071613550314,324.0,414.06617888891543,414.149000406845,414.1075896478802
2026-01-02 20:15:47+00:00,SPY,ARCA,T2,SELL,460.9534242132125,211.0,460.91892828573134,461.01112129068895,460.96502478821014
2026-01-02 20:15:55+00:00,MSFT,NYSE,T1,BUY,414.09041179755974,159.0,414.05484703141644,414.1376662827479,414.09625665708217
2026-01-02 20:16:01+00:00,SPY,ARCA,T2,SELL,460.92473764464836,184.0,460.88471800257315,460.9769041647899,460.93081108368153
2026-01-02 20:16:01+00:00,MSFT,NYSE,T1,BUY,413.89048598030564,156.0,413.85616697191244,413.93894648325795,413.8975567275852
2026-01-02 20:16:07+00:00,SPY,ARCA,T2,BUY,461.0285897998696,82.0,460.9812329693854,461.07343843652603,461.0273357029557
2026-01-02 20:16:14+00:00,TSLA,ARCA,T1,BUY,244.90381680285518,240.0,244.87903457975167,244.9280152847381,244.9035249322449
2026-01-02 20:16:20+00:00,TSLA,ARCA,T1,SELL,244.81031735364107,311.0,244.7818333482751,244.83079461107104,244.80631397967306
2026-01-02 20:16:26+00:00,MSFT,NYSE,T1,BUY,413.6058502681339,143.0,413.56656298937213,413.64928457412844,413.6079237817503
2026-01-02 20:16:27+00:00,MSFT,NYSE,T1,BUY,413.7272097276128,263.0,413.6377285166083,413.8032167056528,413.72047261113056
2026-01-02 20:17:00+00:00,TSLA,ARCA,T1,SELL,244.9184455664148,308.0,244.89377763380605,244.9427612876982,244.91826946075213
2026-01-02 20:17:00+00:00,MSFT,NYSE,T1,SELL,413.5858295185566,272.0,413.54818861220843,413.6309065217218,413.5895475669651
2026-01-02 20:17:09+00:00,TSLA,ARCA,T1,BUY,244.89071096986893,124.0,244.86564609353192,244.91462412055333,244.89013510704262
2026-01-02 20:17:15+00:00,SPY,ARCA,T2,BUY,460.5124381847314,108.0,460.32429473167656,460.69270153018135,460.50849813092896
2026-01-02 20:17:24+00:00,MSFT,NYSE,T1,SELL,413.90099325968697,99.0,413.86420703713463,413.946988156654,413.9055975968943
2026-01-02 20:17:24+00:00,TSLA,ARCA,T1,SELL,244.8416337050847,154.0,244.81476336898098,244.8637312184397,244.83924729371034
2026-01-02 20:17:43+00:00,SPY,ARCA,T2,BUY,460.70009739856056,80.0,460.5431047538386,460.9116866704083,460.72739571212344
2026-01-02 20:17:45+00:00,SPY,ARCA,T2,BUY,460.7505394838291,162.0,460.7048920624697,460.79704225590154,460.7509671591856
2026-01-02 20:17:46+00:00,MSFT,NYSE,T1,BUY,413.99118160085953,153.0,413.9484203190067,414.0312182828669,413.9898193009368
2026-01-02 20:17:48+00:00,SPY,ARCA,T2,BUY,460.8105294821097,335.0,460.7598242966449,460.85198547762235,460.80590488713364
2026-01-02 20:17:52+00:00,SPY,ARCA,T2,SELL,460.6716726839484,145.0,460.6233120315005,460.71544590729445,460.6693789693975
2026-01-02 20:17:55+00:00,TSLA,ARCA,T1,SELL,245.06672694885359,81.0,244.85720910540124,245.2247705901729,245.04098984778707
2026-01-02 20:17:57+00:00,MSFT,NYSE,T1,SELL,413.820702854042,48.0,413.73219080785367,413.8977167893731,413.8149537986134
2026-01-02 20:17:59+00:00,MSFT,NYSE,T1,SELL,413.8661913336973,113.0,413.8223846202349,413.9051573744344,413.86377099733465
2026-01-02 20:18:04+00:00,TSLA,ARCA,T1,BUY,244.83136304628493,104.0,244.80536245492758,244.85432842401545,244.8298454394715
2026-01-02 20:18:16+00:00,MSFT,NYSE,T1,SELL,413.6424625215108,180.0,413.593230032438,413.6759569511363,413.63459349178714
2026-01-02 20:18:18+00:00,SPY,ARCA,T2,SELL,460.8751971972119,378.0,460.8347196465186,460.92689580806405,460.8808077272913
2026-01-02 20:18:21+00:00,MSFT,NYSE,T1,BUY,413.5232258883498,102.0,413.3738412850151,413.7046726906054,413.53925698781023
2026-01-02 20:19:03+00:00,MSFT,NYSE,T1,BUY,413.3775881773583,119.0,413.33580546835407,413.4184808969906,413.37714318267234
2026-01-02 20:19:10+00:00,TSLA,ARCA,T1,BUY,244.30460473856604,72.0,244.2792211053931,244.32808183568721,244.30365147054016
2026-01-02 20:19:24+00:00,SPY,ARCA,T2,SELL,461.1155028144371,56.0,460.92248678397357,461.2913723276182,461.1069295557959
2026-01-02 20:19:31+00:00,SPY,ARCA,T2,SELL,461.02630969436154,163.0,460.97532930847814,461.06753359476846,461.0214314516233
2026-01-02 20:19:38+00:00,SPY,ARCA,T2,SELL,461.0923954925059,282.0,461.0490018184342,461.1412208407001,461.09511132956715
2026-01-02 20:19:47+00:00,MSFT,NYSE,T1,BUY,412.86908281882967,424.0,412.8273487654044,412.9099224925302,412.8686356289673
2026-01-02 20:19:52+00:00,TSLA,ARCA,T1,BUY,244.45335158432735,235.0,244.3326536334163,244.52819797405928,244.4304258037378
2026-01-02 20:19:53+00:00,TSLA,ARCA,T1,BUY,244.4638337121252,94.0,244.4453186855762,244.49421263870866,244.46976566214244
2026-01-02 20:20:00+00:00,SPY,ARCA,T2,SELL,460.88120963593565,81.0,460.5831411974176,461.2745344541563,460.92883782578696
2026-01-02 20:20:05+00:00,TSLA,ARCA,T1,SELL,244.40694836855843,237.0,244.3850674437847,244.4339493454636,244.40950839462414
2026-01-02 20:20:08+00:00,SPY,ARCA,T2,SELL,460.90025859867495,128.0,460.848947787325,460.9411267947832,460.8950372910541
2026-01-02 20:20:16+00:00,MSFT,NYSE,T1,SELL,412.69816865267325,204.0,412.6584908964179,412.74103084859246,412.6997608725052
2026-01-02 20:20:34+00:00,MSFT,NYSE,T1,SELL,412.42821538355406,103.0,412.379941544813,412.4624257815456,412.4211836631793
2026-01-02 20:20:44+00:00,SPY,ARCA,T2,SELL,460.92641660161524,136.0,460.8262095029444,461.01057686021704,460.9183931815807
2026-01-02 20:20:47+00:00,SPY,ARCA,T2,BUY,460.89920364548175,126.0,460.85450635800976,460.94668647729327,460.9005964176515
2026-01-02 20:20:51+00:00,TSLA,ARCA,T1,BUY,244.5866497608828,112.0,244.53375541458573,244.63158848336533,244.58267194897553
2026-01-02 20:21:01+00:00,MSFT,NYSE,T1,SELL,412.4092026602145,174.0,412.25736458662755,412.5873024534436,412.4223335200356
2026-01-02 20:21:03+00:00,MSFT,NYSE,T1,BUY,412.48631248207323,170.0,412.4391774079196,412.52167349300964,412.4804254504646
2026-01-02 20:21:21+00:00,SPY,ARCA,T2,BUY,461.5477982544296,102.0,461.4613425941788,461.6459640555087,461.55365332484376
2026-01-02 20:21:46+00:00,MSFT,NYSE,T1,SELL,412.59542358194267,231.0,412.5619364760822,412.64445711544136,412.6031967957618
2026-01-02 20:21:53+00:00,TSLA,ARCA,T1,SELL,244.93032538291928,141.0,244.90140810202925,244.95039328216765,244.92590069209845
2026-01-02 20:21:59+00:00,MSFT,NYSE,T1,BUY,413.13150482102867,84.0,413.08280157523694,413.1654263980343,413.1241139866356
2026-01-02 20:22:03+00:00,TSLA,ARCA,T1,SELL,244.8427181221591,126.0,244.7891093011819,244.8870445319485,244.8380769165652
2026-01-02 20:22:05+00:00,MSFT,NYSE,T1,BUY,413.0256130035343,298.0,412.94098683677,413.106196273392,413.023591555081
2026-01-02 20:22:16+00:00,SPY,ARCA,T2,SELL,462.07167931965887,1406.0,462.02125215502906,462.1136656468093,462.0674589009192
2026-01-02 20:22:22+00:00,TSLA,ARCA,T1,SELL,244.6635699859852,121.0,244.64254845692122,244.69148185995292,244.66701515843707
2026-01-02 20:22:56+00:00,SPY,ARCA,T2,SELL,461.9633972742474,59.0,461.91575538990276,462.0081477802198,461.9619515850613
2026-01-02 20:22:57+00:00,MSFT,NYSE,T1,SELL,413.0904892457109,111.0,413.0496753917277,413.1322935886257,413.0909844901767
2026-01-02 20:23:03+00:00,TSLA,ARCA,T1,SELL,244.35154671594066,377.0,244.3296692178499,244.37854003877558,244.35410462831274
2026-01-02 20:23:06+00:00,MSFT,NYSE,T1,BUY,413.14737875981945,152.0,413.07565816684706,413.24092148277697,413.158289824812
2026-01-02 20:23:10+00:00,MSFT,NYSE,T1,BUY,413.02793042098034,72.0,412.97880978527155,413.06141380763086,413.0201117964512
2026-01-02 20:23:16+00:00,TSLA,ARCA,T1,BUY,244.46591550498943,220.0,244.43563134463056,244.48452336010104,244.4600773523658
2026-01-02 20:23:20+00:00,MSFT,NYSE,T1,SELL,413.0376447744896,111.0,412.96231515434783,413.12753312400355,413.0449241391757
2026-01-02 20:23:30+00:00,TSLA,ARCA,T1,BUY,244.06179853442077,77.0,244.03898018354303,244.0877928608475,244.06338652219526
2026-01-02 20:23:37+00:00,SPY,ARCA,T2,BUY,462.6306636011109,175.0,462.5799179666839,462.6724432028008,462.6261805847424
2026-01-02 20:23:38+00:00,SPY,ARCA,T2,BUY,462.7459404148654,90.0,462.69985591796495,462.7924051440712,462.7461305310181
2026-01-02 20:24:03+00:00,SPY,ARCA,T2,BUY,463.0004448639964,165.0,462.9175884351204,463.1027925113097,463.01019047321506
2026-01-02 20:24:05+00:00,TSLA,ARCA,T1,SELL,243.87634129929182,189.0,243.8523445100438,243.90111985648042,243.8767321832621
2026-01-02 20:24:34+00:00,SPY,ARCA,T2,SELL,462.7191297505983,150.0,462.67452850869245,462.7670726688102,462.72080058875133
2026-01-02 20:24:43+00:00,TSLA,ARCA,T1,SELL,243.80035516854215,423.0,243.77543438833675,243.82419435121068,243.7998143697737
2026-01-02 20:24:46+00:00,SPY,ARCA,T2,SELL,462.6886576660928,173.0,462.6382891446802,462.7308260562003,462.68455760044026
2026-01-02 20:25:02+00:00,TSLA,ARCA,T1,BUY,243.997465245629,354.0,243.97685720760495,244.02565745907162,244.0012573333383
2026-01-02 20:25:04+00:00,TSLA,ARCA,T1,SELL,244.01237134290494,96.0,243.98540490893535,244.03420687011325,244.0098058895243
2026-01-02 20:25:14+00:00,SPY,ARCA,T2,BUY,462.8261009013493,117.0,462.7335464258243,462.9186768704836,462.8261116481539
2026-01-02 20:25:28+00:00,MSFT,NYSE,T1,BUY,413.9266418121393,120.0,413.72276530213105,414.05387595863533,413.8883206303832
2026-01-02 20:25:31+00:00,SPY,ARCA,T2,BUY,462.9369420915924,153.0,462.893297283349,462.98588520159745,462.9395912424732
2026-01-02 20:25:37+00:00,TSLA,ARCA,T1,BUY,243.94250640764608,84.0,243.92101572416473,243.96980480621775,243.94541026519124
2026-01-02 20:26:00+00:00,MSFT,NYSE,T1,BUY,414.21817985067594,281.0,414.18105956002375,414.2639040563854,414.2224818082046
2026-01-02 20:26:00+00:00,NVDA,NYSE,T1,BUY,499.0255561559574,101.0,498.9732750631901,499.0730796986663,499.0231773809282
2026-01-02 20:26:22+00:00,TSLA,ARCA,T1,BUY,244.66982868467713,173.0,244.61551382895593,244.71337960764325,244.6644467182996
2026-01-02 20:26:26+00:00,SPY,ARCA,T2,BUY,462.7296624588841,116.0,462.6857288318716,462.77827523227796,462.7320020320748
2026-01-02 20:26:29+00:00,MSFT,NYSE,T1,BUY,414.1854360715033,187.0,414.1215612789509,414.28724303981465,414.20440215938277
2026-01-02 20:26:37+00:00,MSFT,NYSE,T1,SELL,414.22977452062275,96.0,414.1884364803218,414.271282452215,414.2298594662684
2026-01-02 20:26:38+00:00,SPY,ARCA,T2,BUY,462.3914809051356,145.0,462.3392394811489,462.4317165767547,462.3854780289518
2026-01-02 20:27:23+00:00,NVDA,NYSE,T1,SELL,499.15557338814983,98.0,499.1046359558845,499.2044668661667,499.1545514110256
2026-01-02 20:27:24+00:00,NVDA,NYSE,T1,SELL,499.255832440892,107.0,499.20365737113514,499.30350808768105,499.2535827294081
2026-01-02 20:27:25+00:00,TSLA,ARCA,T1,BUY,244.9304429655918,358.0,244.869909703148,244.96787726054075,244.91889348184438
2026-01-02 20:27:31+00:00,SPY,ARCA,T2,BUY,461.6144750375043,121.0,461.56497908709434,461.65730131513453,461.61114020111444
2026-01-02 20:27:40+00:00,SPY,ARCA,T2,BUY,461.71005752325675,145.0,461.51827980831007,461.8876421771043,461.7029609927072
2026-01-02 20:27:47+00:00,AAPL,NASDAQ,T3,SELL,196.04356187111497,178.0,196.0047334794341,196.08315105634125,196.04394226788767
2026-01-02 20:27:54+00:00,SPY,ARCA,T2,SELL,461.2513859619332,323.0,461.2075488619517,461.2997995967975,461.2536742293746
2026-01-02 20:27:55+00:00,SPY,ARCA,T2,BUY,461.05193798948835,255.0,461.0147533064128,461.1069654782913,461.06085939235203
2026-01-02 20:28:05+00:00,AAPL,NASDAQ,T3,SELL,195.95973867369239,236.0,195.9423415063316,195.9815338938716,195.9619377001016
2026-01-02 20:28:17+00:00,TSLA,ARCA,T1,SELL,245.0818497068224,100.0,245.04012965591667,245.13816531491082,245.08914748541375
2026-01-02 20:28:19+00:00,TSLA,ARCA,T1,SELL,245.1200084971823,131.0,244.93773802589956,245.30542039471501,245.1215792103073
2026-01-02 20:28:22+00:00,SPY,ARCA,T2,SELL,461.41655203834506,42.0,461.0542336312147,461.74633405698086,461.40028384409777
2026-01-02 20:28:23+00:00,SPY,ARCA,T2,SELL,461.2925747435348,118.0,461.25679551073574,461.34905609589646,461.3029258033161
2026-01-02 20:28:25+00:00,TSLA,ARCA,T1,SELL,245.01089747630286,400.0,244.98426735144963,245.0332691050953,245.00876822827246
2026-01-02 20:28:40+00:00,MSFT,NYSE,T1,SELL,413.59274448142344,115.0,413.54694256885284,413.6296602291327,413.58830139899277
2026-01-02 20:28:44+00:00,SPY,ARCA,T2,SELL,461.2060769150474,58.0,461.15465002581425,461.24689017983485,461.20077010282455
2026-01-02 20:28:45+00:00,SPY,ARCA,T2,BUY,461.1121099879323,351.0,460.8998463968817,461.26871382096886,461.08428010892527
2026-01-02 20:28:55+00:00,AAPL,NASDAQ,T3,BUY,195.8207545055546,187.0,195.7760710450259,195.85439713866265,195.81523409184427
2026-01-02 20:28:56+00:00,TSLA,ARCA,T1,BUY,244.9673120040357,118.0,244.94451634517995,244.99351014782926,244.9690132465046
2026-01-02 20:28:57+00:00,MSFT,NYSE,T1,SELL,413.41089178088083,189.0,413.3656173682361,413.4482987598489,413.4069580640425
2026-01-02 20:29:11+00:00,TSLA,ARCA,T1,SELL,244.9768286929104,223.0,244.94831354661954,244.9973081087851,244.97281082770232
2026-01-02 20:29:19+00:00,MSFT,NYSE,T1,SELL,413.35364116698594,137.0,413.3112141633105,413.3938846731942,413.35254941825235
2026-01-02 20:29:25+00:00,NVDA,NYSE,T1,SELL,497.6996953285155,56.0,497.64465556861035,497.7441944536125,497.69442501111143
2026-01-02 20:29:28+00:00,AAPL,NASDAQ,T3,SELL,195.87933036406886,75.0,195.861793957799,195.9009702342182,195.8813820960086
2026-01-02 20:29:29+00:00,MSFT,NYSE,T1,BUY,412.9439095790643,108.0,412.9119975936972,412.99458825228186,412.95329292298953
2026-01-02 20:29:38+00:00,TSLA,ARCA,T1,BUY,244.83640696147987,253.0,244.81350932727838,244.8624769259037,244.83799312659104
2026-01-02 20:29:41+00:00,NVDA,NYSE,T1,SELL,497.4182330801984,386.0,497.3063867868009,497.5053491339851,497.405867960393
2026-01-02 20:29:46+00:00,MSFT,NYSE,T1,SELL,412.75975446335826,221.0,412.7213348680709,412.8038873902967,412.7626111291838
2026-01-02 20:29:55+00:00,NVDA,NYSE,T1,SELL,498.2659154259325,109.0,496.9736546976458,497.0730593690525,497.02335703334916
2026-01-02 20:29:55+00:00,AAPL,NASDAQ,T3,BUY,195.9822249010822,130.0,195.96223311904205,196.0014294853025,195.98183130217228
2026-01-02 20:30:02+00:00,NVDA,NYSE,T1,BUY,498.3195542349044,192.0,497.0271543934972,497.12656976591313,497.07686207970517
2026-01-02 20:30:18+00:00,NVDA,NYSE,T1,SELL,498.47430433091876,228.0,497.18150314262914,497.2809493878822,497.23122626525566
2026-01-02 20:30:23+00:00,AAPL,NASDAQ,T3,SELL,196.62854623161644,153.0,196.118586909719,196.15781454986495,196.13820072979198
2026-01-02 20:30:25+00:00,NVDA,NYSE,T1,BUY,498.3620761493157,85.0,497.0695660266342,497.1689898822251,497.11927795442966
2026-01-02 20:30:31+00:00,AAPL,NASDAQ,T3,BUY,196.61586734120928,267.0,196.10594090221963,196.14516601291115,196.1255534575654
2026-01-02 20:30:32+00:00,AAPL,NASDAQ,T3,BUY,196.56320176816584,105.0,196.05341191819355,196.09262652203756,196.07301922011555
2026-01-02 20:30:34+00:00,TSLA,ARCA,T1,BUY,245.68582345011174,259.0,245.04863328455536,245.0976479126751,245.07314059861523
2026-01-02 20:30:35+00:00,TSLA,ARCA,T1,SELL,245.70745999230036,158.0,245.0702137120211,245.11923265665797,245.09472318433953
2026-01-02 20:30:39+00:00,NVDA,NYSE,T1,SELL,498.69128734316405,272.0,497.24868910546314,497.6466472400013,497.4476681727322
2026-01-02 20:30:54+00:00,AAPL,NASDAQ,T3,SELL,196.78862409674838,52.0,196.2782496103129,196.31750918619258,196.29787939825275
2026-01-02 20:30:58+00:00,SPY,ARCA,T2,SELL,461.99757992655213,112.0,460.66112807439555,461.0298044474043,460.8454662608999
2026-01-02 20:31:03+00:00,MSFT,NYSE,T1,BUY,412.5492890069615,306.0,411.4381836899353,411.60279188505024,411.52048778749275
2026-01-02 20:31:05+00:00,MSFT,NYSE,T1,BUY,412.52552013411463,61.0,411.45562851082417,411.53792786646187,411.496778188643
2026-01-02 20:31:12+00:00,AAPL,NASDAQ,T3,SELL,196.80829649116032,188.0,196.2978709840511,196.33713448459793,196.3175027343245
2026-01-02 20:31:20+00:00,NVDA,NYSE,T1,BUY,499.44599556968586,107.0,498.1506742844179,498.25031438328466,498.2004943338513
2026-01-02 20:31:22+00:00,MSFT,NYSE,T1,BUY,412.50940374466643,107.0,411.39840584929425,411.56299813009014,411.4807019896922
2026-01-02 20:31:24+00:00,NVDA,NYSE,T1,BUY,499.5221834793266,101.0,498.1768369502551,498.37614754715463,498.27649224870487
2026-01-02 20:31:31+00:00,SPY,ARCA,T2,BUY,461.96370955135825,513.0,460.765599182447,460.8577615185171,460.81168035048205
2026-01-02 20:31:33+00:00,NVDA,NYSE,T1,SELL,499.4353678477886,143.0,498.1400741256896,498.2397121043126,498.1898931150011
2026-01-02 20:31:34+00:00,TSLA,ARCA,T1,BUY,245.9609453906713,178.0,245.3230416919025,245.37211120719238,245.34757644954743
2026-01-02 20:31:46+00:00,SPY,ARCA,T2,SELL,462.1653350693144,141.0,460.8283979404356,461.1972081828849,461.01280306166024
2026-01-02 20:31:49+00:00,SPY,ARCA,T2,BUY,462.39051611210886,87.0,461.191298813464,461.2835462979752,461.2374225557196
2026-01-02 20:31:57+00:00,AAPL,NASDAQ,T3,SELL,196.59037417021392,104.0,196.08051384817645,196.1197338729486,196.10012386056252
2026-01-02 20:32:04+00:00,MSFT,NYSE,T1,SELL,413.189227543721,136.0,412.1176145845054,412.2000463505989,412.15883046755215
2026-01-02 20:32:07+00:00,SPY,ARCA,T2,BUY,462.63921849273527,268.0,461.4393561804349,461.5316532813811,461.485504730908
2026-01-02 20:32:08+00:00,NVDA,NYSE,T1,SELL,499.9240361172402,129.0,498.62747502606334,498.72721049461535,498.67734276033934
2026-01-02 20:32:09+00:00,TSLA,ARCA,T1,SELL,246.02035827298724,225.0,245.3823004859451,245.4313818541791,245.4068411700621
2026-01-02 20:32:10+00:00,NVDA,NYSE,T1,SELL,500.0060620603976,168.0,498.7092882336076,498.80904006643755,498.75916415002257
2026-01-02 20:32:13+00:00,SPY,ARCA,T2,BUY,462.2755363961762,29.0,461.07661729928844,461.16884184520285,461.12272957224565
2026-01-02 20:32:15+00:00,AAPL,NASDAQ,T3,SELL,196.51826025198193,383.0,196.00858695856036,196.04779259651585,196.0281897775381
2026-01-02 20:32:15+00:00,AAPL,NASDAQ,T3,BUY,196.51826025198193,62.0,196.00858695856036,196.04779259651585,196.0281897775381
2026-01-02 20:32:40+00:00,NVDA,NYSE,T1,BUY,499.92238146586595,134.0,498.62582466605426,498.7255598045013,498.6756922352778
2026-01-02 20:32:43+00:00,AAPL,NASDAQ,T3,SELL,196.50510920438987,156.0,195.9954700184234,196.03467303272848,196.01507152557593
2026-01-02 20:32:48+00:00,NVDA,NYSE,T1,SELL,500.0112280811395,148.0,498.6645644244621,498.8640701513773,498.7643172879197
2026-01-02 20:32:52+00:00,SPY,ARCA,T2,BUY,462.02672239225615,290.0,460.82844859852065,460.92062350573104,460.87453605212585
2026-01-02 20:32:53+00:00,TSLA,ARCA,T1,BUY,245.89618990862,137.0,245.2584541542435,245.30751075073402,245.28298245248877
2026-01-02 20:32:55+00:00,SPY,ARCA,T2,SELL,462.01210096006866,260.0,460.81386508725456,460.906037077471,460.8599510823628
2026-01-02 20:32:57+00:00,NVDA,NYSE,T1,BUY,499.71941009777925,35.0,498.4233797075007,498.5230743529068,498.47322703020376
2026-01-02 20:33:04+00:00,SPY,ARCA,T2,BUY,461.94866144429204,141.0,460.7505901028904,460.8427494368444,460.7966697698674
2026-01-02 20:33:06+00:00,SPY,ARCA,T2,SELL,461.9391714152793,61.0,460.69504596608107,460.8793608474438,460.78720340676244
2026-01-02 20:33:13+00:00,MSFT,NYSE,T1,BUY,413.2088270107966,137.0,412.0959453819396,412.26081673436283,412.1783810581512
2026-01-02 20:33:16+00:00,AAPL,NASDAQ,T3,SELL,196.5087009340335,96.0,195.97945056742813,196.05785802914747,196.0186542982878
2026-01-02 20:33:24+00:00,AAPL,NASDAQ,T3,BUY,196.45327218053492,70.0,195.94376743473006,195.98296010748427,195.96336377110717
2026-01-02 20:33:29+00:00,AAPL,NASDAQ,T3,BUY,196.4286032693483,393.0,195.91916250276446,195.95835025404014,195.9387563784023
2026-01-02 20:33:35+00:00,AAPL,NASDAQ,T3,BUY,196.34613022842314,577.0,195.83690335700777,195.87607465480897,195.85648900590837
2026-01-02 20:33:35+00:00,NVDA,NYSE,T1,BUY,499.7294746624698,84.0,498.4334181695796,498.5331148228789,498.48326649622925
2026-01-02 20:33:37+00:00,MSFT,NYSE,T1,BUY,412.83623122384824,197.0,411.7655337663101,411.8478951091977,411.8067144377539
2026-01-02 20:33:40+00:00,MSFT,NYSE,T1,BUY,412.842220698939,222.0,411.7715077076001,411.85387024539546,411.8126889764978
2026-01-02 20:33:44+00:00,AAPL,NASDAQ,T3,BUY,196.2370198709118,221.0,195.7280759789773,195.7672255091261,195.7476507440517
2026-01-02 20:33:44+00:00,NVDA,NYSE,T1,BUY,499.43444570011593,96.0,498.0893354722952,498.288611061602,498.1889732669486
2026-01-02 20:33:44+00:00,AAPL,NASDAQ,T3,SELL,196.2370198709118,296.0,195.7280759789773,195.7672255091261,195.7476507440517
2026-01-02 20:33:49+00:00,NVDA,NYSE,T1,SELL,499.54594347545384,144.0,498.25036297367217,498.35002301227075,498.30019299297146
2026-01-02 20:33:50+00:00,SPY,ARCA,T2,SELL,461.8481768059283,71.0,460.6042964294934,460.78857500378,460.6964357166367
2026-01-02 20:34:09+00:00,NVDA,NYSE,T1,SELL,499.73749710529853,99.0,498.29187242539297,498.6906654405393,498.49126893296614
2026-01-02 20:34:11+00:00,MSFT,NYSE,T1,SELL,412.9785732785188,192.0,411.9075066545546,411.98989639485956,411.9487015247071
2026-01-02 20:34:13+00:00,NVDA,NYSE,T1,BUY,499.68550400881674,43.0,498.33971761398004,498.53909337617813,498.4394054950791
2026-01-02 20:34:13+00:00,MSFT,NYSE,T1,BUY,412.80383048544286,150.0,411.73321705974496,411.81557193864484,411.7743944991949
2026-01-02 20:34:14+00:00,SPY,ARCA,T2,SELL,461.61242473375586,132.0,460.2770870462467,460.64545606349066,460.4612715548687
2026-01-02 20:34:25+00:00,NVDA,NYSE,T1,BUY,499.7238584216405,155.0,498.4278164945619,498.52751202741416,498.47766426098804
2026-01-02 20:34:28+00:00,SPY,ARCA,T2,SELL,461.74846993653034,41.0,460.5509177950491,460.64303719054766,460.5969774927984
2026-01-02 20:34:30+00:00,NVDA,NYSE,T1,SELL,499.5476005366506,241.0,498.2021855526616,498.4015062910304,498.301845921846
2026-01-02 20:34:32+00:00,MSFT,NYSE,T1,BUY,413.14078883978976,371.0,412.06930150713794,412.15172360964965,412.1105125583938
2026-01-02 20:34:33+00:00,AAPL,NASDAQ,T3,SELL,196.171473167454,115.0,195.60399459170776,195.7605404057067,195.68226749870723
2026-01-02 20:34:35+00:00,SPY,ARCA,T2,BUY,462.0901640185904,138.0,460.75344434212764,461.1221945977036,460.9378194699156
2026-01-02 20:34:44+00:00,SPY,ARCA,T2,BUY,461.77909760191477,215.0,460.5814660270869,460.6735915328429,460.6275287799649
2026-01-02 20:34:47+00:00,SPY,ARCA,T2,BUY,461.83542113035026,69.0,460.5915751083533,460.7758485930936,460.68371185072345
2026-01-02 20:34:48+00:00,AAPL,NASDAQ,T3,BUY,196.24478212271347,245.0,195.71624255988922,195.79454471734465,195.75539363861694
2026-01-02 20:34:52+00:00,SPY,ARCA,T2,BUY,462.0764904585757,71.0,460.8319951725526,461.016364844556,460.9241800085543
2026-01-02 20:34:55+00:00,AAPL,NASDAQ,T3,BUY,196.09121877402407,135.0,195.58265301959767,195.62177346224587,195.60221324092177
2026-01-02 20:34:58+00:00,NVDA,NYSE,T1,SELL,499.6965789988056,172.0,498.40060782135237,498.50029791192566,498.450452866639
2026-01-02 20:35:02+00:00,SPY,ARCA,T2,SELL,462.14112197930604,326.0,460.94255148838715,461.0347492184578,460.9886503534225
2026-01-02 20:35:04+00:00,AAPL,NASDAQ,T3,SELL,196.0361219991862,79.0,195.52769913913846,195.56680858991137,195.54725386452492
2026-01-02 20:35:06+00:00,SPY,ARCA,T2,SELL,462.0945326780988,132.0,460.89608301728776,460.9882714527348,460.9421772350113
2026-01-02 20:35:08+00:00,AAPL,NASDAQ,T3,SELL,196.07917035369994,42.0,195.57063584704696,195.60975388602026,195.5901948665336
2026-01-02 20:35:08+00:00,MSFT,NYSE,T1,SELL,413.25079208642904,195.0,412.179019458574,412.26146350687054,412.22024148272226
2026-01-02 20:35:11+00:00,TSLA,ARCA,T1,BUY,245.58923282615248,148.0,244.95229316994502,245.00128852811483,244.97679084902992
2026-01-02 20:35:15+00:00,AAPL,NASDAQ,T3,BUY,196.04769549786204,134.0,195.53924262175786,195.5783543814582,195.55879850160804
2026-01-02 20:35:19+00:00,TSLA,ARCA,T1,BUY,245.63738568393546,88.0,245.0003211425108,245.0493261072358,245.0248236248733
2026-01-02 20:35:19+00:00,SPY,ARCA,T2,SELL,461.98911530670034,114.0,460.7448553452758,460.92919015437576,460.8370227498258
2026-01-02 20:35:21+00:00,AAPL,NASDAQ,T3,SELL,195.95863739331787,32.0,195.43086849460272,195.50905647959755,195.46996248710013
2026-01-02 20:35:24+00:00,NVDA,NYSE,T1,SELL,499.56190371638763,113.0,498.26628182146237,498.36594504414893,498.31611343280565
2026-01-02 20:35:26+00:00,SPY,ARCA,T2,SELL,462.2604350169754,172.0,461.0615550857593,461.1537766189298,461.10766585234455
2026-01-02 20:35:30+00:00,SPY,ARCA,T2,BUY,462.20445319753867,57.0,460.9596132737149,461.1440340031703,461.0518236384426
2026-01-02 20:35:34+00:00,SPY,ARCA,T2,BUY,462.16601332036913,141.0,460.9212769253916,461.1056823172401,461.01347962131587
2026-01-02 20:35:37+00:00,MSFT,NYSE,T1,SELL,413.39795911939746,119.0,412.32580481145686,412.40827821976,412.36704151560843
2026-01-02 20:35:40+00:00,TSLA,ARCA,T1,SELL,245.4276446977562,212.0,244.791124122979,244.8400872441157,244.81560568354735
2026-01-02 20:35:53+00:00,MSFT,NYSE,T1,BUY,413.2019340777509,161.0,412.1302881639333,412.2127224649962,412.17150531446475
2026-01-02 20:35:54+00:00,AAPL,NASDAQ,T3,BUY,196.0985258167594,63.0,195.58994111139924,195.62906301181158,195.6095020616054
2026-01-02 20:35:56+00:00,MSFT,NYSE,T1,SELL,413.1672412107214,57.0,412.0956852734168,412.17811265320944,412.1368989633131
2026-01-02 20:35:58+00:00,AAPL,NASDAQ,T3,BUY,196.01203271800134,107.0,195.5036723338948,195.54277697882608,195.52322465636044
2026-01-02 20:36:02+00:00,SPY,ARCA,T2,SELL,461.798207154709,185.0,460.5544613598784,460.73871999614965,460.64659067801404
2026-01-02 20:36:05+00:00,MSFT,NYSE,T1,BUY,413.0476198091741,124.0,411.9763741119134,412.05877762708735,412.0175758695004
2026-01-02 20:36:09+00:00,NVDA,NYSE,T1,BUY,499.99043587005343,99.0,498.69370257004135,498.7934512854269,498.7435769277341
2026-01-02 20:36:10+00:00,TSLA,ARCA,T1,SELL,245.3313457800833,42.0,244.69507495811004,244.7440188674926,244.71954691280132
2026-01-02 20:36:17+00:00,SPY,ARCA,T2,BUY,461.80440688836535,358.0,460.60670967349284,460.698840228483,460.6527749509879
2026-01-02 20:36:20+00:00,NVDA,NYSE,T1,BUY,500.2775516964357,117.0,498.65570427198344,499.40424923711527,499.02997675454935
2026-01-02 20:36:27+00:00,MSFT,NYSE,T1,BUY,413.3255053258185,189.0,412.25353892796596,412.33599788164696,412.29476840480646
2026-01-02 20:36:33+00:00,SPY,ARCA,T2,BUY,461.47851181977194,203.0,460.1435615112659,460.5118236653365,460.3276925883012
2026-01-02 20:36:36+00:00,AAPL,NASDAQ,T3,BUY,196.09523687590374,91.0,195.58666070046502,195.6257819447295,195.60622132259726
2026-01-02 20:36:37+00:00,AAPL,NASDAQ,T3,BUY,196.09572948974437,87.0,195.58715203670366,195.62627337924525,195.60671270797445
2026-01-02 20:36:41+00:00,NVDA,NYSE,T1,BUY,500.8978629550795,362.0,499.5987762282135,499.698705976434,499.64874110232375
2026-01-02 20:36:44+00:00,SPY,ARCA,T2,SELL,461.1028673463902,56.0,459.86099428720297,460.0449754811566,459.9529848841798
2026-01-02 20:36:47+00:00,NVDA,NYSE,T1,SELL,500.9378204464049,303.0,499.31383249982053,500.0633653982441,499.6885989490323
2026-01-02 20:36:47+00:00,NVDA,NYSE,T1,SELL,500.9378204464049,64.0,499.31383249982053,500.0633653982441,499.6885989490323
2026-01-02 20:36:56+00:00,NVDA,NYSE,T1,SELL,500.9985163604078,80.0,499.64919367295334,499.84909333035404,499.7491435016537
2026-01-02 20:36:58+00:00,TSLA,ARCA,T1,SELL,245.09610386125402,89.0,244.4604431430104,244.5093401213368,244.4848916321736
2026-01-02 20:37:00+00:00,TSLA,ARCA,T1,BUY,245.06684906276294,160.0,244.43126421731338,244.48015535927104,244.4557097882922
2026-01-02 20:37:01+00:00,SPY,ARCA,T2,BUY,461.3677795446338,274.0,460.1712147298547,460.2632581771454,460.21723645350005
2026-01-02 20:37:07+00:00,NVDA,NYSE,T1,BUY,500.7979506081316,183.0,499.4991230055569,499.5990328211396,499.54907791334824
2026-01-02 20:37:12+00:00,NVDA,NYSE,T1,BUY,500.7820499362783,124.0,499.4333102506644,499.633123537422,499.5332168940432
2026-01-02 20:37:17+00:00,MSFT,NYSE,T1,SELL,413.49727072227097,85.0,412.4248588480786,412.5073520691703,412.46610545862444
2026-01-02 20:37:28+00:00,SPY,ARCA,T2,SELL,461.2758021060981,85.0,460.0334632874583,460.21751348281236,460.1254883851353
2026-01-02 20:37:30+00:00,AAPL,NASDAQ,T3,BUY,195.92515444361598,104.0,195.41701937972232,195.4561066923295,195.43656303602592
2026-01-02 20:37:30+00:00,MSFT,NYSE,T1,SELL,413.56448396316296,160.0,412.4918977703408,412.57440440055785,412.53315108544933
2026-01-02 20:37:31+00:00,SPY,ARCA,T2,SELL,461.1444816152703,130.0,459.94849592729054,460.04049482636594,459.99449537682824
2026-01-02 20:37:34+00:00,NVDA,NYSE,T1,SELL,501.031771167197,224.0,499.7323371472123,499.83229361028805,499.7823153787502
2026-01-02 20:37:42+00:00,SPY,ARCA,T2,BUY,461.1877641755496,260.0,459.9916662335482,460.0836737675483,460.03767000054825
2026-01-02 20:37:44+00:00,TSLA,ARCA,T1,BUY,245.4985713871959,87.0,244.83737822735011,244.9353327695495,244.8863554984498
2026-01-02 20:37:46+00:00,TSLA,ARCA,T1,SELL,245.59279356243266,74.0,244.88235056858625,245.07833484275076,244.9803427056685
2026-01-02 20:37:49+00:00,AAPL,NASDAQ,T3,SELL,195.88498107359453,159.0,195.37695019998722,195.41602949795703,195.39648984897212
2026-01-02 20:37:50+00:00,SPY,ARCA,T2,BUY,461.155334178177,238.0,459.95932034389944,460.0513214080746,460.005320875987
2026-01-02 20:38:00+00:00,AAPL,NASDAQ,T3,SELL,195.9070817089967,797.0,195.37945166349618,195.45761907764444,195.4185353705703
2026-01-02 20:38:03+00:00,SPY,ARCA,T2,BUY,461.6138273942592,99.0,460.41662445039384,460.50871698453733,460.4626707174656
2026-01-02 20:38:15+00:00,SPY,ARCA,T2,BUY,461.92200311472857,59.0,460.7240009121368,460.8161549277208,460.7700779199288
2026-01-02 20:38:19+00:00,SPY,ARCA,T2,BUY,462.05532113337534,282.0,460.85697316834114,460.9491537810361,460.9030634746886
2026-01-02 20:38:20+00:00,AAPL,NASDAQ,T3,BUY,196.08321528131577,63.0,195.51599201516532,195.672467398931,195.59422970704816
2026-01-02 20:38:22+00:00,MSFT,NYSE,T1,BUY,413.04772291023863,277.0,411.85287164196967,412.1824857849404,412.01767871345504
2026-01-02 20:38:22+00:00,MSFT,NYSE,T1,BUY,413.04772291023863,59.0,411.85287164196967,412.1824857849404,412.01767871345504
2026-01-02 20:38:24+00:00,MSFT,NYSE,T1,BUY,412.97603470992306,153.0,411.90497466977763,411.987363903635,411.9461692867063
2026-01-02 20:38:31+00:00,NVDA,NYSE,T1,SELL,501.0132127449365,224.0,499.7138268565207,499.8137796171681,499.7638032368444
2026-01-02 20:38:33+00:00,SPY,ARCA,T2,BUY,462.1598392555586,155.0,460.96122022108034,461.053421685271,461.0073209531757
2026-01-02 20:38:36+00:00,TSLA,ARCA,T1,SELL,245.5665044126078,77.0,244.92962370290928,244.97861452673226,244.95411911482077
2026-01-02 20:38:37+00:00,SPY,ARCA,T2,BUY,461.97038346487665,175.0,460.77225578706253,460.86441945458665,460.8183376208246
2026-01-02 20:38:38+00:00,TSLA,ARCA,T1,SELL,245.5590318900166,149.0,244.92217056042657,244.97115989347193,244.94666522694925
2026-01-02 20:38:44+00:00,AAPL,NASDAQ,T3,BUY,195.82422190893695,320.0,195.2968150269877,195.37494937986907,195.33588220342838
2026-01-02 20:38:45+00:00,NVDA,NYSE,T1,BUY,500.6427916646699,103.0,499.29442703874014,499.49418476110014,499.39430589992014
2026-01-02 20:38:45+00:00,AAPL,NASDAQ,T3,BUY,195.7884043224396,180.0,195.28062392220184,195.31968395298938,195.3001539375956
2026-01-02 20:38:46+00:00,MSFT,NYSE,T1,SELL,412.9019979918783,56.0,411.83112996716125,411.91350443060105,411.87231719888115
2026-01-02 20:38:51+00:00,SPY,ARCA,T2,BUY,461.8690609636675,199.0,460.67119606740266,460.7633395209615,460.7172677941821
2026-01-02 20:39:06+00:00,TSLA,ARCA,T1,SELL,245.32865703303793,201.0,244.69239318437369,244.74133655734786,244.71686487086077
2026-01-02 20:39:13+00:00,NVDA,NYSE,T1,SELL,500.3022712392988,219.0,499.0047291892019,499.10454011613245,499.0546346526672
2026-01-02 20:39:18+00:00,NVDA,NYSE,T1,BUY,500.64926334417976,158.0,499.0262108694979,499.77531201165874,499.4007614405783
2026-01-02 20:39:18+00:00,SPY,ARCA,T2,BUY,462.1746369619589,152.0,460.9759795493893,461.0681839657408,461.02208175756505
2026-01-02 20:39:24+00:00,TSLA,ARCA,T1,SELL,245.32163766014244,134.0,244.6853920163356,244.73433398893613,244.70986300263587
2026-01-02 20:39:26+00:00,MSFT,NYSE,T1,BUY,412.26643791136325,198.0,411.1972182220171,411.27946589042836,411.23834205622273
2026-01-02 20:39:33+00:00,AAPL,NASDAQ,T3,SELL,195.84857874144438,227.0,195.34064227787556,195.37971431353472,195.36017829570514
2026-01-02 20:39:35+00:00,AAPL,NASDAQ,T3,BUY,195.83294475508498,211.0,195.26644546352412,195.42272113016162,195.34458329684287
2026-01-02 20:39:35+00:00,AAPL,NASDAQ,T3,SELL,195.83294475508498,94.0,195.26644546352412,195.42272113016162,195.34458329684287
2026-01-02 20:39:43+00:00,NVDA,NYSE,T1,BUY,500.3490704098443,389.0,499.05140698533995,499.1512272487634,499.1013171170517
2026-01-02 20:39:50+00:00,MSFT,NYSE,T1,SELL,412.5602118836044,233.0,411.4902302866993,411.5725365633843,411.5313834250418
2026-01-02 20:39:57+00:00,MSFT,NYSE,T1,SELL,412.61505164960784,80.0,411.5449278248807,411.6272450421674,411.58608643352403
2026-01-02 20:40:01+00:00,TSLA,ARCA,T1,SELL,245.05824997479644,106.0,244.3493532915776,244.54491099729313,244.44713214443536
2026-01-02 20:40:17+00:00,MSFT,NYSE,T1,BUY,412.84879893278475,83.0,411.7780688806898,411.86043273085096,411.81925080577037
2026-01-02 20:40:18+00:00,TSLA,ARCA,T1,BUY,245.1580692555461,79.0,244.52224782904796,244.5711571695478,244.54670249929788
2026-01-02 20:40:22+00:00,AAPL,NASDAQ,T3,SELL,196.05873149566756,87.0,195.5502499975242,195.58936395891982,195.569806978222
2026-01-02 20:40:24+00:00,NVDA,NYSE,T1,BUY,499.93070078159195,173.0,498.6341224055,498.733859203661,498.6839908045805
2026-01-02 20:40:37+00:00,AAPL,NASDAQ,T3,BUY,195.8426271755894,253.0,195.33470614750308,195.37377699581742,195.35424157166025
2026-01-02 20:40:38+00:00,SPY,ARCA,T2,SELL,462.40198951512434,434.0,461.0643677998188,461.4333668936962,461.2488673467575
2026-01-02 20:40:46+00:00,AAPL,NASDAQ,T3,SELL,195.73729594024772,137.0,195.17107333852533,195.3272726769315,195.24917300772842
2026-01-02 20:40:47+00:00,TSLA,ARCA,T1,BUY,245.274792334715,148.0,244.638668185019,244.68760081191866,244.66313449846882
2026-01-02 20:40:54+00:00,AAPL,NASDAQ,T3,BUY,195.77207239747,107.0,195.2643343543444,195.30339112689254,195.28386274061847
2026-01-02 20:41:02+00:00,MSFT,NYSE,T1,SELL,412.99703092109684,68.0,411.9259164269374,412.0083098495651,411.96711313825125
2026-01-02 20:41:04+00:00,AAPL,NASDAQ,T3,BUY,195.9723512849938,90.0,195.46409381532698,195.5031905437629,195.48364217954494
2026-01-02 20:41:08+00:00,SPY,ARCA,T2,BUY,462.2201834306288,152.0,461.0214078925544,461.11362139548316,461.0675146440188
2026-01-02 20:41:15+00:00,NVDA,NYSE,T1,SELL,499.55910909263037,430.0,498.26349444560714,498.36315711076276,498.31332577818495
2026-01-02 20:41:18+00:00,MSFT,NYSE,T1,SELL,412.9953227614891,294.0,411.9242126974693,412.006605779317,411.96540923839314
2026-01-02 20:41:19+00:00,AAPL,NASDAQ,T3,SELL,195.8882741603925,57.0,195.3802347461112,195.41931470105592,195.39977472358356
2026-01-02 20:41:24+00:00,NVDA,NYSE,T1,BUY,499.4914234399975,46.0,498.14615975591977,498.34545807948683,498.2458089177033
2026-01-02 20:41:32+00:00,NVDA,NYSE,T1,SELL,499.33962596961345,166.0,498.0445805556274,498.1441994336264,498.0943899946269
2026-01-02 20:41:32+00:00,NVDA,NYSE,T1,SELL,499.33962596961345,268.0,498.0445805556274,498.1441994336264,498.0943899946269
2026-01-02 20:41:33+00:00,SPY,ARCA,T2,BUY,462.4330672380776,294.0,461.23373958239785,461.3259955559117,461.27986756915476
2026-01-02 20:41:34+00:00,SPY,ARCA,T2,BUY,462.5430767005035,235.0,461.34346373349973,461.4357416540385,461.3896026937691
2026-01-02 20:41:36+00:00,TSLA,ARCA,T1,BUY,244.76756376160665,144.0,244.10833940035346,244.20600226868729,244.15717083452037
2026-01-02 20:41:50+00:00,SPY,ARCA,T2,SELL,463.00914114540757,95.0,461.6697630812463,462.0392466851529,461.8545048831996
2026-01-02 20:42:05+00:00,NVDA,NYSE,T1,SELL,499.13029246012576,396.0,497.8357899559898,497.9353670716926,497.8855785138412
2026-01-02 20:42:06+00:00,AAPL,NASDAQ,T3,SELL,195.53941936526186,310.0,194.9737691745793,195.12981060649176,195.05178989053553
2026-01-02 20:42:09+00:00,AAPL,NASDAQ,T3,BUY,195.55849421236633,96.0,195.0513100877258,195.09032425115967,195.07081716944273
2026-01-02 20:42:15+00:00,TSLA,ARCA,T1,BUY,244.84711982628008,56.0,244.21210485216704,244.26095215786808,244.23652850501756
2026-01-02 20:42:17+00:00,TSLA,ARCA,T1,BUY,244.8830331483534,90.0,244.24792503245743,244.29677950291097,244.2723522676842
2026-01-02 20:42:41+00:00,TSLA,ARCA,T1,BUY,244.56457912988625,180.0,243.90590146040927,244.00348333736883,243.95469239888905
2026-01-02 20:42:41+00:00,MSFT,NYSE,T1,SELL,413.8598242484548,284.0,412.78647208581543,412.8690376367877,412.82775486130157
2026-01-02 20:42:42+00:00,AAPL,NASDAQ,T3,SELL,195.28869610692416,69.0,194.78221170804338,194.8211720464188,194.8016918772311
2026-01-02 20:42:47+00:00,AAPL,NASDAQ,T3,BUY,195.25871099036212,42.0,194.73282718021352,194.81073589282812,194.77178153652082
2026-01-02 20:42:48+00:00,SPY,ARCA,T2,SELL,461.48213065168903,176.0,460.2852692654603,460.3773355259394,460.3313023956998
2026-01-02 20:42:48+00:00,AAPL,NASDAQ,T3,SELL,195.2443873674383,306.0,194.7380178839916,194.77696938271825,194.75749363335493
2026-01-02 20:42:53+00:00,SPY,ARCA,T2,BUY,461.6612146026836,128.0,460.463888759325,460.55599074727564,460.50993975330033
2026-01-02 20:42:55+00:00,NVDA,NYSE,T1,BUY,499.44094309048296,488.0,498.1456349089017,498.2452739997925,498.1954544543471
2026-01-02 20:42:56+00:00,AAPL,NASDAQ,T3,SELL,195.23152888047704,291.0,194.72519274572468,194.76414167916718,194.74466721244593
2026-01-02 20:43:00+00:00,NVDA,NYSE,T1,BUY,499.732294388718,141.0,498.4362305828221,498.5359277986603,498.4860791907412
2026-01-02 20:43:03+00:00,SPY,ARCA,T2,BUY,461.52477419060125,137.0,460.02855921192855,460.71911997131593,460.37383959162224
2026-01-02 20:43:05+00:00,AAPL,NASDAQ,T3,BUY,195.2889721869156,159.0,194.78248707201686,194.8214474654706,194.80196726874374
2026-01-02 20:43:07+00:00,TSLA,ARCA,T1,SELL,244.63514814781763,76.0,243.97628041714523,244.0738904513189,244.02508543423207
2026-01-02 20:43:14+00:00,AAPL,NASDAQ,T3,BUY,195.36041131119205,52.0,194.72707331941012,195.01938316177103,194.87322824059058
2026-01-02 20:43:20+00:00,NVDA,NYSE,T1,BUY,498.97871306065997,146.0,497.68460368015354,497.7841505555771,497.73437711786534
2026-01-02 20:43:20+00:00,AAPL,NASDAQ,T3,BUY,195.52423807282628,85.0,195.0171427920389,195.05615012133023,195.03664645668457
2026-01-02 20:43:39+00:00,SPY,ARCA,T2,BUY,461.63226592154797,214.0,460.3889670507368,460.5731594760422,460.4810632633895
2026-01-02 20:43:48+00:00,MSFT,NYSE,T1,BUY,413.6770680516075,130.0,412.604189870127,412.6867189610101,412.64545441556857
2026-01-02 20:43:54+00:00,AAPL,NASDAQ,T3,SELL,195.57790295060875,137.0,195.07066848909096,195.10968652459235,195.09017750684166
2026-01-02 20:43:54+00:00,AAPL,NASDAQ,T3,BUY,195.57790295060875,142.0,195.07066848909096,195.10968652459235,195.09017750684166
2026-01-02 20:44:02+00:00,AAPL,NASDAQ,T3,BUY,195.66206602184286,143.0,195.1546132820356,195.1936481081746,195.1741306951051
2026-01-02 20:44:05+00:00,AAPL,NASDAQ,T3,SELL,195.66497124157212,250.0,195.15751096703042,195.19654637276437,195.1770286698974
2026-01-02 20:44:13+00:00,TSLA,ARCA,T1,SELL,244.6956040062455,135.0,244.06098199086773,244.1097990689737,244.08539052992072
2026-01-02 20:44:15+00:00,TSLA,ARCA,T1,BUY,244.71660490401186,408.0,244.0575177885597,244.15516032418222,244.10633905637096
2026-01-02 20:44:21+00:00,AAPL,NASDAQ,T3,BUY,195.83060183078106,52.0,195.32271199062143,195.3617804398645,195.34224621524297
2026-01-02 20:44:28+00:00,MSFT,NYSE,T1,SELL,413.2316361606987,146.0,412.15991321404755,412.242353440713,412.20113332738026
2026-01-02 20:44:30+00:00,NVDA,NYSE,T1,BUY,498.39380852122514,137.0,497.1012161001227,497.2006462863614,497.15093119324206
2026-01-02 20:44:33+00:00,MSFT,NYSE,T1,BUY,413.245291227061,182.0,411.9055932754521,412.5239154069639,412.214754341208
2026-01-02 20:44:35+00:00,AAPL,NASDAQ,T3,BUY,195.6450941291892,147.0,195.13768540626063,195.17671684648593,195.15720112637328
2026-01-02 20:44:38+00:00,AAPL,NASDAQ,T3,SELL,195.77819585759974,91.0,195.27044193318102,195.30949992736709,195.28997093027405
2026-01-02 20:44:39+00:00,SPY,ARCA,T2,SELL,462.10030672595923,147.0,460.9018420900615,460.9940316774383,460.9479368837499
2026-01-02 20:44:45+00:00,SPY,ARCA,T2,BUY,462.2000086295073,85.0,461.0012854151066,461.0934948931374,461.047390154122
2026-01-02 20:44:47+00:00,NVDA,NYSE,T1,BUY,498.7289276698958,227.0,497.4354661118492,497.53496315477594,497.4852146333126
2026-01-02 20:44:51+00:00,SPY,ARCA,T2,SELL,462.24496081409853,339.0,461.0000117924546,461.18444868455,461.0922302385023
2026-01-02 20:44:58+00:00,TSLA,ARCA,T1,SELL,244.7982383989998,48.0,244.0900938689678,244.28544408414905,244.18776897655843
2026-01-02 20:45:02+00:00,MSFT,NYSE,T1,SELL,412.9955219181303,124.0,411.9244113375945,412.0068044591742,411.96560789838435
2026-01-02 20:45:03+00:00,AAPL,NASDAQ,T3,SELL,195.7583527918737,109.0,195.1237247154911,195.41662998151384,195.27017734850247
2026-01-02 20:45:09+00:00,MSFT,NYSE,T1,BUY,413.0958245039776,276.0,412.02445378705954,412.1068669191302,412.06566035309487
2026-01-02 20:45:16+00:00,NVDA,NYSE,T1,BUY,499.59700605341794,61.0,498.3012931200126,498.4009633456592,498.3511282328359
2026-01-02 20:45:18+00:00,SPY,ARCA,T2,BUY,462.68617139174825,126.0,461.48618730634325,461.5784937744513,461.5323405403973
2026-01-02 20:45:20+00:00,TSLA,ARCA,T1,SELL,245.07654568229756,84.0,244.4164891502854,244.5142753031761,244.46538222673075
2026-01-02 20:45:21+00:00,MSFT,NYSE,T1,SELL,412.8008941456405,95.0,411.4626368828242,412.0802940810471,411.77146548193565
2026-01-02 20:45:21+00:00,SPY,ARCA,T2,BUY,462.72011822536587,182.0,461.381576237482,461.7508291996569,461.56620271856946
2026-01-02 20:45:21+00:00,SPY,ARCA,T2,BUY,462.72011822536587,379.0,461.381576237482,461.7508291996569,461.56620271856946
2026-01-02 20:45:27+00:00,MSFT,NYSE,T1,SELL,412.68238187881377,278.0,411.5709181071701,411.73557940667285,411.65324875692147
2026-01-02 20:45:31+00:00,NVDA,NYSE,T1,BUY,499.3854889956366,101.0,498.0405106212843,498.2397666767439,498.1401386490141
2026-01-02 20:45:31+00:00,MSFT,NYSE,T1,SELL,412.6428350049684,246.0,411.5314777436084,411.69612326380985,411.6138005037091
2026-01-02 20:45:40+00:00,NVDA,NYSE,T1,SELL,499.4087934643054,149.0,498.1135686633007,498.2132013403011,498.1633850018009
2026-01-02 20:45:43+00:00,NVDA,NYSE,T1,SELL,499.4710869618571,97.0,498.17570060165684,498.2753457062876,498.22552315397223
2026-01-02 20:46:06+00:00,AAPL,NASDAQ,T3,SELL,195.90406810744446,185.0,195.37644617837702,195.45461239009074,195.41552928423388
2026-01-02 20:46:18+00:00,MSFT,NYSE,T1,SELL,413.11584212001327,69.0,412.0444194870836,412.1268366126935,412.08562804988856
2026-01-02 20:46:20+00:00,NVDA,NYSE,T1,BUY,500.2392151293255,150.0,498.9418366162719,499.0416349634299,498.9917357898509
2026-01-02 20:46:20+00:00,TSLA,ARCA,T1,SELL,245.0887436530284,397.0,244.42865426862625,244.52644528853767,244.47754977858196
2026-01-02 20:46:26+00:00,AAPL,NASDAQ,T3,BUY,195.67204521049436,213.0,195.14504818099977,195.223121814999,195.18408499799938
2026-01-02 20:46:28+00:00,AAPL,NASDAQ,T3,BUY,195.69147061680368,321.0,195.18394161570274,195.22298230809514,195.20346196189894
2026-01-02 20:46:29+00:00,TSLA,ARCA,T1,BUY,245.08873204128892,102.0,244.45309044197987,244.501985949619,244.47753819579944
2026-01-02 20:46:30+00:00,SPY,ARCA,T2,SELL,462.27585463849215,252.0,461.07693471623776,461.16915932564194,461.12304702093985
2026-01-02 20:46:31+00:00,AAPL,NASDAQ,T3,BUY,195.72169881911591,127.0,195.2140914206823,195.25313814363872,195.23361478216052
2026-01-02 20:46:50+00:00,TSLA,ARCA,T1,BUY,244.94247054505323,514.0,244.30720827730548,244.35607460559376,244.33164144144962
2026-01-02 20:47:07+00:00,AAPL,NASDAQ,T3,BUY,195.63360805952055,124.0,195.10671455152985,195.18477284900993,195.1457437002699
2026-01-02 20:47:09+00:00,TSLA,ARCA,T1,SELL,244.90423814517334,213.0,244.26907503377439,244.31793373465123,244.2935043842128
2026-01-02 20:47:11+00:00,MSFT,NYSE,T1,SELL,412.6727998015119,214.0,411.60252620601676,411.6848549441318,411.6436905750743
2026-01-02 20:47:18+00:00,SPY,ARCA,T2,BUY,461.9418578343369,149.0,460.7438041382079,460.83596211483325,460.7898831265206
2026-01-02 20:47:22+00:00,SPY,ARCA,T2,BUY,461.6821247307297,67.0,460.48474465661513,460.5768508161624,460.53079773638876
2026-01-02 20:47:33+00:00,NVDA,NYSE,T1,SELL,500.66529759382,159.0,499.3668140289882,499.46669738012906,499.4167557045586
2026-01-02 20:47:35+00:00,SPY,ARCA,T2,SELL,461.70587257116887,142.0,460.3702645607386,460.7387081498228,460.5544863552807
2026-01-02 20:47:37+00:00,SPY,ARCA,T2,BUY,461.53770601095215,143.0,460.34070048912827,460.4327778369609,460.3867391630446
2026-01-02 20:47:44+00:00,SPY,ARCA,T2,SELL,461.2721586475469,124.0,459.93780527091064,460.30590275412067,460.12185401251566
2026-01-02 20:47:47+00:00,MSFT,NYSE,T1,SELL,412.4459713569267,119.0,411.3762860446793,411.4585695302368,411.41742778745805
2026-01-02 20:47:51+00:00,SPY,ARCA,T2,SELL,461.1397349791157,47.0,459.9437616016138,460.03575955372935,459.9897605776716
2026-01-02 20:47:57+00:00,SPY,ARCA,T2,BUY,460.8705339355232,178.0,459.67525873529144,459.76720298146313,459.7212308583773
2026-01-02 20:48:06+00:00,AAPL,NASDAQ,T3,SELL,195.85675238753512,270.0,195.3487947254827,195.3878683917944,195.36833155863854
2026-01-02 20:48:13+00:00,SPY,ARCA,T2,SELL,460.6837819188526,113.0,459.4889910630032,459.58089805191474,459.53494455745897
2026-01-02 20:48:14+00:00,SPY,ARCA,T2,SELL,460.70694998206613,103.0,459.46614323398484,459.64996645592277,459.5580548449538
2026-01-02 20:48:33+00:00,AAPL,NASDAQ,T3,BUY,195.825854709096,270.0,195.29844342958023,195.37657843395294,195.3375109317666
2026-01-02 20:48:46+00:00,MSFT,NYSE,T1,BUY,412.45746905480144,418.0,411.38775392308827,411.47003970245083,411.42889681276955
2026-01-02 20:48:49+00:00,TSLA,ARCA,T1,BUY,244.8107517922331,100.0,244.15141111408946,244.24909121455516,244.2002511643223
2026-01-02 20:48:52+00:00,SPY,ARCA,T2,SELL,461.121471364184,233.0,459.92554535366344,460.01753966216506,459.97154250791425
2026-01-02 20:49:06+00:00,NVDA,NYSE,T1,BUY,500.8471773261586,245.0,499.54822205329276,499.6481416896671,499.59818187147994
2026-01-02 20:49:08+00:00,NVDA,NYSE,T1,SELL,500.8090348026039,318.0,499.51017845299117,499.6100904798845,499.56013446643783
2026-01-02 20:49:10+00:00,SPY,ARCA,T2,BUY,460.5996894261652,251.0,459.4051166655587,459.497006877913,459.45106177173585
2026-01-02 20:49:24+00:00,MSFT,NYSE,T1,BUY,412.0148702628752,43.0,410.82300679777563,411.15179671918247,410.98740175847905
2026-01-02 20:49:24+00:00,SPY,ARCA,T2,BUY,461.0097009632687,88.0,459.8140648310947,459.9060368412619,459.8600508361783
2026-01-02 20:49:25+00:00,AAPL,NASDAQ,T3,BUY,195.5195589794597,114.0,195.01247583397682,195.0514822297832,195.03197903188
2026-01-02 20:49:29+00:00,MSFT,NYSE,T1,SELL,411.95366685318845,45.0,410.8852583406515,410.96744361084666,410.9263509757491
2026-01-02 20:49:36+00:00,NVDA,NYSE,T1,SELL,501.0611035660216,107.0,499.7116123145221,499.9115369443739,499.811574629448
2026-01-02 20:49:45+00:00,MSFT,NYSE,T1,BUY,412.048170267626,631.0,410.93841459707977,411.10282284456815,411.02061872082396
2026-01-02 20:49:47+00:00,SPY,ARCA,T2,SELL,460.8703592211431,89.0,459.62911236837795,459.8130007910098,459.7210565796939
2026-01-02 20:49:57+00:00,NVDA,NYSE,T1,SELL,500.803778268832,214.0,499.5049355521248,499.6048465303331,499.5548910412289
2026-01-02 20:50:05+00:00,SPY,ARCA,T2,SELL,460.7167466544398,206.0,459.5218703040143,459.6137838694317,459.567827086723
2026-01-02 20:50:08+00:00,NVDA,NYSE,T1,BUY,500.5585385619539,155.0,499.2603318784017,499.3601939309827,499.3102629046922
2026-01-02 20:50:20+00:00,NVDA,NYSE,T1,BUY,500.2622257097582,196.0,498.96478751839123,499.0645904561887,499.01468898728996
2026-01-02 20:50:21+00:00,TSLA,ARCA,T1,BUY,244.87342876549627,155.0,244.23834555872293,244.28719811309008,244.2627718359065
2026-01-02 20:50:33+00:00,NVDA,NYSE,T1,BUY,500.5613984373701,197.0,499.2631843366847,499.3630469598143,499.3131156482495
2026-01-02 20:50:38+00:00,SPY,ARCA,T2,SELL,461.0322087690077,216.0,459.7905260122234,459.97447901322846,459.8825025127259
2026-01-02 20:50:40+00:00,MSFT,NYSE,T1,BUY,411.97507556948483,343.0,410.90661153309514,410.9888010743559,410.9477063037255
2026-01-02 20:50:44+00:00,TSLA,ARCA,T1,SELL,245.09511497300048,112.0,244.45945681945454,244.50835360049655,244.48390520997555
2026-01-02 20:50:47+00:00,TSLA,ARCA,T1,BUY,245.06190917668053,225.0,244.35300190823926,244.54856253401618,244.45078222112772
2026-01-02 20:50:48+00:00,NVDA,NYSE,T1,SELL,500.691838429089,77.0,499.39328603017066,499.4931746762413,499.443230353206
2026-01-02 20:50:49+00:00,AAPL,NASDAQ,T3,SELL,195.36859695474178,84.0,194.8424171923699,194.92036974975832,194.88139347106411
2026-01-02 20:50:54+00:00,TSLA,ARCA,T1,BUY,245.1055395414098,134.0,244.46985435157674,244.5187532123331,244.49430378195493
2026-01-02 20:51:04+00:00,MSFT,NYSE,T1,SELL,412.6265677951259,385.0,411.5564141030887,411.63873361786074,411.5975738604747
2026-01-02 20:51:10+00:00,TSLA,ARCA,T1,SELL,245.13004553111776,121.0,244.46984490973722,244.567652409201,244.5187486594691
2026-01-02 20:51:11+00:00,TSLA,ARCA,T1,BUY,245.13481508270078,195.0,244.49905396627685,244.54795866754023,244.52350631690854
2026-01-02 20:51:30+00:00,NVDA,NYSE,T1,BUY,501.0253351231588,212.0,499.72591779515864,499.82587297423555,499.7758953846971
2026-01-02 20:51:32+00:00,MSFT,NYSE,T1,BUY,412.18675568497054,184.0,411.1177426527701,411.19997442447783,411.158858538624
2026-01-02 20:51:37+00:00,SPY,ARCA,T2,BUY,460.4800181498569,207.0,459.28575575864534,459.37762209643085,459.3316889275381
2026-01-02 20:51:37+00:00,TSLA,ARCA,T1,BUY,244.89758316938975,46.0,244.2624373177784,244.31129469097925,244.28686600437882
2026-01-02 20:51:38+00:00,TSLA,ARCA,T1,SELL,244.9378448983602,106.0,244.3025946273021,244.35146003276813,244.32702733003512
2026-01-02 20:51:39+00:00,TSLA,ARCA,T1,SELL,244.88192320244676,208.0,244.22239084070452,244.32009933874042,244.27124508972247
2026-01-02 20:51:50+00:00,NVDA,NYSE,T1,BUY,500.973050877753,160.0,499.67376914979076,499.77371389809554,499.72374152394315
2026-01-02 20:51:53+00:00,SPY,ARCA,T2,BUY,460.5827797718832,137.0,459.3882508667392,459.48013770559646,459.43419428616784
2026-01-02 20:52:00+00:00,SPY,ARCA,T2,BUY,460.78559250085397,408.0,459.5905375976099,459.6824648978594,459.63650124773466
2026-01-02 20:52:00+00:00,MSFT,NYSE,T1,BUY,412.23421356246934,527.0,411.16507744749435,411.24731868710785,411.2061980673011
2026-01-02 20:52:05+00:00,TSLA,ARCA,T1,BUY,244.8359939762818,176.0,244.20100785724108,244.24985294332114,244.2254304002811
2026-01-02 20:52:05+00:00,NVDA,NYSE,T1,SELL,501.32403217948433,99.0,500.0238401758269,500.12385494533896,500.0738475605829
2026-01-02 20:52:08+00:00,AAPL,NASDAQ,T3,SELL,195.30946443477092,140.0,194.78344393205384,194.86137289541932,194.82240841373658
2026-01-02 20:52:12+00:00,AAPL,NASDAQ,T3,SELL,195.33199465066707,680.0,194.82539795631124,194.86436693280012,194.84488244455568
2026-01-02 20:52:12+00:00,AAPL,NASDAQ,T3,SELL,195.33199465066707,44.0,194.82539795631124,194.86436693280012,194.84488244455568
2026-01-02 20:52:13+00:00,AAPL,NASDAQ,T3,BUY,195.28224846367365,85.0,194.71734220876627,194.8731784170166,194.79526031289143
2026-01-02 20:52:18+00:00,TSLA,ARCA,T1,BUY,244.66107183482285,80.0,244.00213428474405,244.09975466253348,244.05094447363876
2026-01-02 20:52:20+00:00,AAPL,NASDAQ,T3,SELL,195.30289151717332,585.0,194.7768887170772,194.85481505783218,194.8158518874547
2026-01-02 20:52:22+00:00,SPY,ARCA,T2,BUY,460.2385192116347,157.0,458.9989740726109,459.1826103895033,459.0907922310571
2026-01-02 20:52:23+00:00,NVDA,NYSE,T1,BUY,501.21308041069346,57.0,499.91317616224677,500.0131687967427,499.96317247949474
2026-01-02 20:52:25+00:00,MSFT,NYSE,T1,SELL,411.89326278202725,143.0,410.78392431867417,410.94827075768944,410.8660975381818
2026-01-02 20:52:31+00:00,MSFT,NYSE,T1,SELL,412.0850813687759,139.0,411.01633203056264,411.09854351811754,411.0574377743401
2026-01-02 20:52:33+00:00,TSLA,ARCA,T1,SELL,244.77156077324682,395.0,244.1367417627626,244.1855739943383,244.16115787855045
2026-01-02 20:52:36+00:00,MSFT,NYSE,T1,BUY,412.06299623121845,284.0,410.9532006303962,411.117614793481,411.0354077119386
2026-01-02 20:52:40+00:00,TSLA,ARCA,T1,BUY,244.8762131719688,138.0,244.24112274379215,244.2899758536519,244.26554929872202
2026-01-02 20:52:44+00:00,MSFT,NYSE,T1,BUY,412.1221747330327,802.0,411.05332919257796,411.1355480803053,411.0944386364416
2026-01-02 20:52:46+00:00,AAPL,NASDAQ,T3,BUY,195.45907657798205,172.0,194.9521502945878,194.99114462407965,194.97164745933372
2026-01-02 20:52:55+00:00,NVDA,NYSE,T1,SELL,500.87530802211785,213.0,499.52631716759447,499.7261676645609,499.6262424160777
2026-01-02 20:52:57+00:00,SPY,ARCA,T2,BUY,459.43420194362926,113.0,458.24265189370067,458.334309589849,458.28848074177483
2026-01-02 20:53:02+00:00,MSFT,NYSE,T1,SELL,411.9813494609965,126.0,410.7895829638026,411.1183461354423,410.95396454962247
2026-01-02 20:53:03+00:00,SPY,ARCA,T2,SELL,459.6165487540974,78.0,458.4245257847601,458.5162198593245,458.4703728220423
2026-01-02 20:53:07+00:00,TSLA,ARCA,T1,SELL,244.67831498260125,430.0,244.04373780658653,244.09255143551076,244.06814462104865
2026-01-02 20:53:09+00:00,MSFT,NYSE,T1,BUY,412.14239962473545,150.0,411.0735016306963,411.15572455331466,411.11461309200547
2026-01-02 20:53:21+00:00,SPY,ARCA,T2,SELL,459.3761910527014,235.0,458.1389683935071,458.3222606393137,458.2306145164104
2026-01-02 20:53:28+00:00,AAPL,NASDAQ,T3,BUY,195.58229327378112,200.0,195.075047425889,195.11406633726534,195.09455688157718
2026-01-02 20:53:31+00:00,SPY,ARCA,T2,SELL,459.19646724455606,114.0,458.00553376342305,458.09714403120256,458.0513388973128
2026-01-02 20:53:32+00:00,NVDA,NYSE,T1,SELL,501.7812256645704,154.0,500.32968895192477,500.7301128726546,500.5299009122897
2026-01-02 20:53:35+00:00,SPY,ARCA,T2,BUY,458.97511998675714,193.0,457.7847605733252,457.87632668205066,457.8305436276879
2026-01-02 20:53:39+00:00,SPY,ARCA,T2,BUY,459.11177740466684,251.0,457.78367350993017,458.15004699813335,457.96686025403176
2026-01-02 20:53:42+00:00,MSFT,NYSE,T1,SELL,411.68201727726404,110.0,410.4911166786565,410.8196409817206,410.65537883018857
2026-01-02 20:53:45+00:00,SPY,ARCA,T2,BUY,458.9919933973987,119.0,457.80159022250274,457.8931596974947,457.8473749599987
2026-01-02 20:53:46+00:00,TSLA,ARCA,T1,SELL,244.77343992477995,112.0,244.13861604068575,244.18744864715455,244.16303234392015
2026-01-02 20:53:46+00:00,NVDA,NYSE,T1,BUY,501.82339514972483,45.0,500.5219080401096,500.6220224331569,500.5719652366333
2026-01-02 20:53:47+00:00,MSFT,NYSE,T1,BUY,411.7791266365376,74.0,410.67009557227965,410.8343964706882,410.7522460214839
2026-01-02 20:54:01+00:00,AAPL,NASDAQ,T3,BUY,195.59466310377374,234.0,195.08738517452704,195.12640655369987,195.10689586411345
2026-01-02 20:54:01+00:00,TSLA,ARCA,T1,BUY,244.66895188252911,78.0,244.03439898986622,244.08321075084027,244.05880487035324
2026-01-02 20:54:06+00:00,AAPL,NASDAQ,T3,BUY,195.62226448096703,198.0,195.11491496710119,195.1539418527832,195.1344284099422
2026-01-02 20:54:30+00:00,SPY,ARCA,T2,SELL,458.8249627397619,259.0,457.63499276158393,457.7265289137515,457.6807608376677
2026-01-02 20:54:32+00:00,MSFT,NYSE,T1,BUY,412.0157113514712,1281.0,410.9471419255223,411.0293395736722,410.98824074959725
2026-01-02 20:54:36+00:00,AAPL,NASDAQ,T3,BUY,195.6477986447521,154.0,195.14038290761857,195.17941488739808,195.15989889750833
2026-01-02 20:54:43+00:00,AAPL,NASDAQ,T3,SELL,195.7847144889243,249.0,195.2183547163379,195.37459189498242,195.29647330566016
2026-01-02 20:54:45+00:00,NVDA,NYSE,T1,BUY,501.4012794520476,192.0,500.10088710633664,500.2009172867759,500.1509021965563
2026-01-02 20:54:53+00:00,TSLA,ARCA,T1,SELL,244.71857456608467,184.0,244.08389297618763,244.13271463694892,244.10830380656827
2026-01-02 20:54:56+00:00,NVDA,NYSE,T1,SELL,501.27906434240015,193.0,499.9789889635571,500.0789947619296,500.02899186274334
2026-01-02 20:54:57+00:00,TSLA,ARCA,T1,SELL,244.61409705283847,174.0,243.97968642706556,244.02848724443268,244.00408683574912
2026-01-02 20:54:58+00:00,AAPL,NASDAQ,T3,BUY,195.83875471415257,58.0,195.31130869148106,195.38944884298795,195.3503787672345
2026-01-02 20:55:15+00:00,AAPL,NASDAQ,T3,SELL,195.8533797833625,169.0,195.34543086821364,195.38450386168662,195.36496736495013
2026-01-02 20:55:26+00:00,NVDA,NYSE,T1,BUY,501.4123198306752,73.0,500.11189885156324,500.21193123457186,500.16191504306755
2026-01-02 20:55:26+00:00,TSLA,ARCA,T1,BUY,244.52565465698177,90.0,243.89147340799607,243.940256580995,243.91586499449554
2026-01-02 20:55:31+00:00,MSFT,NYSE,T1,SELL,412.5871608596895,204.0,411.5171093701781,411.5994210232175,411.5582651966978
2026-01-02 20:55:40+00:00,NVDA,NYSE,T1,BUY,501.1442459516475,257.0,499.84452022648617,499.9444991284217,499.8945096774539
2026-01-02 20:55:45+00:00,AAPL,NASDAQ,T3,BUY,195.6922940652294,243.0,195.1847629285016,195.22380378517298,195.2042833568373
2026-01-02 20:55:49+00:00,TSLA,ARCA,T1,SELL,244.58711451950109,96.0,243.9283761562067,244.02596702484288,243.9771715905248
2026-01-02 20:55:50+00:00,MSFT,NYSE,T1,SELL,412.3268837425076,179.0,411.2575072859186,411.33976701334853,411.2986371496336
2026-01-02 20:55:51+00:00,NVDA,NYSE,T1,SELL,500.7740165569266,102.0,499.4752510277017,499.5751560684113,499.5252035480565
2026-01-02 20:55:53+00:00,MSFT,NYSE,T1,BUY,412.2240213654389,169.0,411.031552874706,411.36050969973576,411.1960312872209
2026-01-02 20:56:07+00:00,AAPL,NASDAQ,T3,BUY,195.7793800800947,217.0,195.25209396915582,195.33021043003563,195.29115219959573
2026-01-02 20:56:12+00:00,TSLA,ARCA,T1,SELL,244.5705789280665,169.0,243.91188509953207,244.00946937042607,243.96067723497907
2026-01-02 20:56:12+00:00,TSLA,ARCA,T1,SELL,244.5705789280665,179.0,243.91188509953207,244.00946937042607,243.96067723497907
2026-01-02 20:56:16+00:00,TSLA,ARCA,T1,BUY,244.52954036855598,146.0,243.89534904191436,243.94413299011757,243.91974101601596
2026-01-02 20:56:18+00:00,NVDA,NYSE,T1,BUY,500.53807363337086,156.0,499.2399200259427,499.3397779957449,499.2898490108438
2026-01-02 20:56:19+00:00,SPY,ARCA,T2,SELL,458.95926351373276,296.0,457.7689452243206,457.86050816966,457.8147266969903
2026-01-02 20:56:20+00:00,NVDA,NYSE,T1,BUY,500.5307036670185,133.0,499.23256917371754,499.3324256732022,499.28249742345986
2026-01-02 20:56:21+00:00,NVDA,NYSE,T1,SELL,500.5167386069556,157.0,499.1687134755453,499.36842090242095,499.2685671889831
2026-01-02 20:56:23+00:00,SPY,ARCA,T2,BUY,459.0808884329148,146.0,457.84446110247205,458.02763552179687,457.93604831213446
2026-01-02 20:56:25+00:00,TSLA,ARCA,T1,BUY,244.53601392967022,211.0,243.87741319389957,243.974983673273,243.92619843358628
2026-01-02 20:56:33+00:00,AAPL,NASDAQ,T3,BUY,195.58183620121906,140.0,195.07459153875206,195.11361035894183,195.09410094884694
2026-01-02 20:56:34+00:00,SPY,ARCA,T2,SELL,458.87860822838553,80.0,457.6884991197633,457.7800459742727,457.734272547018
2026-01-02 20:56:38+00:00,MSFT,NYSE,T1,SELL,412.88034047866023,315.0,411.7683435516853,411.9330838371631,411.8507136944242
2026-01-02 20:56:38+00:00,AAPL,NASDAQ,T3,SELL,195.54813100110664,176.0,195.04097375362247,195.0799858495828,195.06047980160264
2026-01-02 20:56:45+00:00,AAPL,NASDAQ,T3,SELL,195.5873868267389,193.0,195.0606178048614,195.1386576599544,195.0996377324079
2026-01-02 20:56:56+00:00,AAPL,NASDAQ,T3,BUY,195.72835981789248,110.0,195.22073514405056,195.25978319588458,195.24025916996757
2026-01-02 20:56:58+00:00,SPY,ARCA,T2,BUY,458.8838802715625,61.0,457.6937574898108,457.78530539609943,457.7395314429551
2026-01-02 20:56:58+00:00,NVDA,NYSE,T1,SELL,499.6515188058092,335.0,498.3058239421926,498.50518614420986,498.40550504320123
2026-01-02 20:57:08+00:00,MSFT,NYSE,T1,SELL,412.7397284662859,117.0,411.62811024498023,411.7927944259144,411.7104523354473
2026-01-02 20:57:15+00:00,AAPL,NASDAQ,T3,SELL,195.75555720106297,198.0,195.18928177374818,195.3454956847316,195.26738872923988
2026-01-02 20:57:15+00:00,TSLA,ARCA,T1,SELL,244.32995254837226,180.0,243.69627885597748,243.7450229861617,243.7206509210696
2026-01-02 20:57:25+00:00,NVDA,NYSE,T1,SELL,499.5062280215482,203.0,498.21075052244,498.31040263775606,498.260576580098
2026-01-02 20:57:27+00:00,NVDA,NYSE,T1,BUY,499.5812352794721,221.0,498.2357297081458,498.43506386686084,498.3353967875033
2026-01-02 20:57:29+00:00,SPY,ARCA,T2,SELL,459.5345821891232,78.0,458.34277180140083,458.4344495235334,458.3886106624671
2026-01-02 20:57:37+00:00,SPY,ARCA,T2,SELL,459.54321526109925,80.0,458.3513824833648,458.44306192780584,458.3972222055853
2026-01-02 20:57:39+00:00,AAPL,NASDAQ,T3,BUY,195.64954956509752,151.0,195.1421292869237,195.18116161601398,195.16164545146884
2026-01-02 20:57:43+00:00,AAPL,NASDAQ,T3,BUY,195.71119244939177,131.0,195.18408998593708,195.2621792397822,195.22313461285964
2026-01-02 20:57:43+00:00,MSFT,NYSE,T1,SELL,412.57564388466227,194.0,411.50562226461227,411.58793162000075,411.5467769423065
2026-01-02 20:57:48+00:00,MSFT,NYSE,T1,SELL,412.54429042892,138.0,411.4743501245658,411.5566532249007,411.51550167473323
2026-01-02 20:57:48+00:00,SPY,ARCA,T2,BUY,459.6255255466548,111.0,458.43347929586054,458.5251751613062,458.4793272285834
2026-01-02 20:57:49+00:00,MSFT,NYSE,T1,BUY,412.5642681756292,108.0,411.494276058665,411.5765831445853,411.53542960162514
2026-01-02 20:57:49+00:00,MSFT,NYSE,T1,SELL,412.5642681756292,97.0,411.494276058665,411.5765831445853,411.53542960162514
2026-01-02 20:57:53+00:00,NVDA,NYSE,T1,BUY,499.5575532247569,70.0,498.2619426129022,498.36160496766024,498.3117737902812
2026-01-02 20:58:00+00:00,TSLA,ARCA,T1,BUY,243.4690475521777,371.0,242.83760663084539,242.8861790094094,242.8618928201274
2026-01-02 20:58:00+00:00,SPY,ARCA,T2,BUY,459.6062276657005,210.0,458.41423146427326,458.5059234797677,458.4600774720205
2026-01-02 20:58:01+00:00,NVDA,NYSE,T1,BUY,499.8838395403734,49.0,498.58738269967023,498.68711014895507,498.63724642431265
2026-01-02 20:58:04+00:00,NVDA,NYSE,T1,SELL,499.96555330848247,210.0,498.6190126661554,498.8185001687224,498.7187564174389
2026-01-02 20:58:12+00:00,AAPL,NASDAQ,T3,BUY,195.8278669777939,169.0,195.31998423051982,195.3590521341563,195.33951818233805
2026-01-02 20:58:13+00:00,AAPL,NASDAQ,T3,SELL,195.7852036232668,74.0,195.27743152409425,195.3164909163383,195.29696122021628
2026-01-02 20:58:20+00:00,TSLA,ARCA,T1,SELL,243.68010276407793,84.0,243.04811446763244,243.0967289519744,243.07242170980342
2026-01-02 20:58:24+00:00,NVDA,NYSE,T1,BUY,500.17108179058795,59.0,498.8738799824528,498.9736647369247,498.92377235968877
2026-01-02 20:58:25+00:00,TSLA,ARCA,T1,SELL,243.6280956288828,308.0,242.99624221378545,243.04484632263907,243.02054426821226
2026-01-02 20:58:32+00:00,SPY,ARCA,T2,SELL,458.7631426274325,175.0,457.57333298071796,457.66485679969605,457.619094890207
2026-01-02 20:58:38+00:00,NVDA,NYSE,T1,SELL,500.1802093951405,186.0,498.8829839144149,498.9827704898554,498.93287720213516
2026-01-02 20:58:41+00:00,SPY,ARCA,T2,BUY,458.90870044661864,118.0,457.71851329334066,457.81006615128507,457.76428972231287
2026-01-02 20:58:41+00:00,MSFT,NYSE,T1,SELL,412.92792220564775,116.0,411.8569869460621,411.9393665814148,411.89817676373843
2026-01-02 20:58:45+00:00,MSFT,NYSE,T1,BUY,413.117581147172,290.0,412.0461540040472,412.12857147659525,412.0873627403212
2026-01-02 20:58:57+00:00,TSLA,ARCA,T1,BUY,243.12388809220406,251.0,242.46909058811534,242.5660976257581,242.5175941069367
2026-01-02 20:58:57+00:00,MSFT,NYSE,T1,SELL,413.3028669389733,63.0,412.23095925414407,412.31341369143865,412.27218647279136
2026-01-02 20:58:57+00:00,SPY,ARCA,T2,BUY,459.007873984323,264.0,457.77164330127295,457.95478858765074,457.86321594446184
2026-01-02 20:58:58+00:00,MSFT,NYSE,T1,BUY,413.35012458843556,162.0,412.2780943401264,412.360558205381,412.3193262727537
2026-01-02 20:58:58+00:00,SPY,ARCA,T2,BUY,458.96042567040917,136.0,457.7243227783293,457.9074491327115,457.8158859555204
2026-01-02 20:59:03+00:00,AAPL,NASDAQ,T3,SELL,195.57531040969792,179.0,195.068082671977,195.10710019026325,195.08759143112013
2026-01-02 20:59:03+00:00,MSFT,NYSE,T1,BUY,413.5154616960251,623.0,412.4430026432474,412.5254994934611,412.48425106835424
2026-01-02 20:59:09+00:00,AAPL,NASDAQ,T3,SELL,195.580806754074,283.0,195.07356476149488,195.11258337630863,195.09307406890176
2026-01-02 20:59:09+00:00,SPY,ARCA,T2,SELL,459.0723336225422,474.0,457.8817220839701,457.97330758693715,457.9275148354536
2026-01-02 20:59:13+00:00,AAPL,NASDAQ,T3,BUY,195.525929747056,188.0,195.0188300788841,195.05783774566657,195.03833391227533
2026-01-02 20:59:15+00:00,SPY,ARCA,T2,SELL,459.11269081541576,128.0,457.9219746098097,458.01356816408713,457.9677713869484
2026-01-02 20:59:17+00:00,AAPL,NASDAQ,T3,SELL,195.60461905153747,105.0,195.09731530137887,195.13633866677569,195.11682698407728
2026-01-02 20:59:38+00:00,TSLA,ARCA,T1,SELL,243.54666691882795,173.0,242.91502469041006,242.9636125541345,242.93931862227228
2026-01-02 20:59:39+00:00,AAPL,NASDAQ,T3,SELL,195.6847277443381,144.0,195.1772162309862,195.2162555781671,195.19673590457666
2026-01-02 20:59:42+00:00,NVDA,NYSE,T1,BUY,500.9136564930697,243.0,499.61452880540696,499.7144617044579,499.66449525493243
2026-01-02 20:59:42+00:00,MSFT,NYSE,T1,SELL,413.57312988505595,66.0,412.5005212688952,412.58302962398454,412.5417754464399
2026-01-02 20:59:46+00:00,SPY,ARCA,T2,BUY,459.9736475074217,193.0,458.78069839667927,458.87246371289024,458.82658105478475
2026-01-02 20:59:47+00:00,MSFT,NYSE,T1,SELL,413.4789687965794,320.0,412.40660438872794,412.48909395856265,412.4478491736453
2026-01-02 20:59:48+00:00,NVDA,NYSE,T1,SELL,501.2904161092764,611.0,499.9903112894419,500.0903193525061,500.040315320974
2026-01-02 20:59:51+00:00,MSFT,NYSE,T1,SELL,413.4183995121089,139.0,412.304953448585,412.469908420959,412.387430934772
2026-01-02 20:59:53+00:00,SPY,ARCA,T2,BUY,460.1485793442285,83.0,458.95517654493176,459.0469767602623,459.001076652597
2026-01-02 20:59:54+00:00,TSLA,ARCA,T1,SELL,243.49124825588277,111.0,242.78688454521736,242.98119177574577,242.88403816048157
2026-01-02 20:59:55+00:00,AAPL,NASDAQ,T3,BUY,195.62080227490458,194.0,195.11345655329387,195.15248314726392,195.1329698502789
2026-01-02 21:00:00+00:00,AAPL,NASDAQ,T3,BUY,195.66147627305818,85.0,195.15402506277394,195.19305977125737,195.17354241701565
